#
# A fatal error has been detected by the Java Runtime Environment:
#
#  EXCEPTION_UNCAUGHT_CXX_EXCEPTION (0xe06d7363) at pc=0x00007ffc9b0b5369, pid=25172, tid=23976
#
# JRE version: OpenJDK Runtime Environment JBR-25.0.3+1-329.124-jcef (25.0.3+1) (build 25.0.3+1-b329.124)
# Java VM: OpenJDK 64-Bit Server VM JBR-25.0.3+1-329.124-jcef (25.0.3+1-b329.124, mixed mode, sharing, tiered, compressed oops, compressed class ptrs, g1 gc, windows-amd64)
# Problematic frame:
# C  [KERNELBASE.dll+0x25369]
#
# No core dump will be written. Minidumps are not enabled by default on client versions of Windows
#
# If you would like to submit a bug report, please visit:
#   https://youtrack.jetbrains.com/issues/JBR
# The crash happened outside the Java Virtual Machine in native code.
# See problematic frame for where to report the bug.
#

---------------  S U M M A R Y ------------

Command Line: abort vfprintf -XX:ErrorFile=C:\Users\Administrator\java_error_in_rider_%p.log -XX:HeapDumpPath=C:\Users\Administrator\java_error_in_rider.hprof -Xms128m -Xmx2048m -XX:JbrShrinkingGcMaxHeapFreeRatio=40 -XX:ReservedCodeCacheSize=512m -XX:+HeapDumpOnOutOfMemoryError -XX:-OmitStackTraceInFastThrow -XX:CICompilerCount=2 -XX:+IgnoreUnrecognizedVMOptions -XX:+UnlockDiagnosticVMOptions -XX:TieredOldPercentage=100000 -ea -Dsun.io.useCanonCaches=false -Dsun.java2d.metal=true -Djbr.catch.SIGABRT=true -Djdk.http.auth.tunneling.disabledSchemes="" -Djdk.attach.allowAttachSelf=true -Djdk.module.illegalAccess.silent=true -Djdk.nio.maxCachedBufferSize=2097152 -Djava.util.zip.use.nio.for.zip.file.access=true -Dkotlinx.coroutines.debug=off -Dskiko.rendering.useScreenMenuBar=false -Djava.nio.file.spi.DefaultFileSystemProvider=com.intellij.platform.core.nio.fs.MultiRoutingFileSystemProvider -Denable.non.commercial.ai.license=true -Xms128m -Xmx1024m -XX:ReservedCodeCacheSize=512m -XX:+IgnoreUnrecognizedVMOptions -XX:+UseG1GC -XX:SoftRefLRUPolicyMSPerMB=50 -XX:CICompilerCount=2 -XX:+HeapDumpOnOutOfMemoryError -XX:-OmitStackTraceInFastThrow -ea -Dsun.io.useCanonCaches=false -Djdk.http.auth.tunneling.disabledSchemes="" -Djdk.attach.allowAttachSelf=true -Djdk.module.illegalAccess.silent=true -Dkotlinx.coroutines.debug=off -XX:ErrorFile=$USER_HOME/java_error_in_idea_%p.log -XX:HeapDumpPath=$USER_HOME/java_error_in_idea.hprof --add-opens=java.base/jdk.internal.org.objectweb.asm=ALL-UNNAMED --add-opens=java.base/jdk.internal.org.objectweb.asm.tree=ALL-UNNAMED -javaagent:D:\Rider\winRider\win2024\ja-netfilter.jar=jetbrains -Djb.vmOptionsFile=D:\Rider\winRider\win2024\vmoptions\rider.vmoptions -Xbootclasspath/a:D:\Rider\JetBrains Rider\lib\nio-fs.jar -Djava.system.class.loader=com.intellij.util.lang.PathClassLoader -Didea.vendor.name=JetBrains -Didea.paths.selector=Rider2026.1 -Djna.boot.library.path=D:\Rider\JetBrains Rider/lib/jna/amd64 -Djna.nosys=true -Djna.noclasspath=true -Dpty4j.preferred.native.folder=D:\Rider\JetBrains Rider/lib/pty4j -Dio.netty.allocator.type=pooled -Dskiko.library.path=D:\Rider\JetBrains Rider/lib/skiko-awt-runtime-all -Dintellij.platform.runtime.repository.path=D:\Rider\JetBrains Rider/modules/module-descriptors.dat -Didea.platform.prefix=Rider -Didea.class.before.app=com.jetbrains.rider.protocol.EarlyBackendStarter -Didea.show.customize.ide.wizard=true -DFilePageCache.THROW_ERROR_ON_DUPLICATE_STORAGE_REGISTRATION=false -Dsplash=true -Daether.connector.resumeDownloads=false -Dcompose.swing.render.on.graphics=true --enable-native-access=ALL-UNNAMED --add-opens=java.base/java.io=ALL-UNNAMED --add-opens=java.base/java.lang=ALL-UNNAMED --add-opens=java.base/java.lang.ref=ALL-UNNAMED --add-opens=java.base/java.lang.reflect=ALL-UNNAMED --add-opens=java.base/java.net=ALL-UNNAMED --add-opens=java.base/java.nio=ALL-UNNAMED --add-opens=java.base/java.nio.charset=ALL-UNNAMED --add-opens=java.base/java.text=ALL-UNNAMED --add-opens=java.base/java.time=ALL-UNNAMED --add-opens=java.base/java.util=ALL-UNNAMED --add-opens=java.base/java.util.concurrent=ALL-UNNAMED --add-opens=java.base/java.util.concurrent.atomic=ALL-UNNAMED --add-opens=java.base/java.util.concurrent.locks=ALL-UNNAMED --add-opens=java.base/jdk.internal.ref=ALL-UNNAMED --add-opens=java.base/jdk.internal.vm=ALL-UNNAMED --add-opens=java.base/sun.net.dns=ALL-UNNAMED --add-opens=java.base/sun.nio=ALL-UNNAMED --add-opens=java.base/sun.nio.ch=ALL-UNNAMED --add-opens=java.base/sun.nio.fs=ALL-UNNAMED --add-opens=java.base/sun.security.ssl=ALL-UNNAMED --add-opens=java.base/sun.security.util=ALL-UNNAMED --add-opens=java.desktop/com.sun.java.swing=ALL-UNNAMED --add-opens=java.desktop/java.awt=ALL-UNNAMED --add-opens=java.desktop/java.awt.dnd.peer=ALL-UNNAMED --add-opens=java.desktop/java.awt.event=ALL-UNNAMED --add-opens=java.desktop/java.awt.font=ALL-UNNAMED --add-opens=java.desktop/java.awt.image=ALL-UNNAMED --add-opens=java.desktop/java.awt.peer=ALL-UNNAMED --add-opens=java.desktop/javax.swing=ALL-UNNAMED --add-opens=java.desktop/javax.swing.plaf.basic=ALL-UNNAMED --add-opens=java.desktop/javax.swing.text=ALL-UNNAMED --add-opens=java.desktop/javax.swing.text.html=ALL-UNNAMED --add-opens=java.desktop/javax.swing.text.html.parser=ALL-UNNAMED --add-opens=java.desktop/sun.awt=ALL-UNNAMED --add-opens=java.desktop/sun.awt.datatransfer=ALL-UNNAMED --add-opens=java.desktop/sun.awt.image=ALL-UNNAMED --add-opens=java.desktop/sun.awt.windows=ALL-UNNAMED --add-opens=java.desktop/sun.font=ALL-UNNAMED --add-opens=java.desktop/sun.java2d=ALL-UNNAMED --add-opens=java.desktop/sun.swing=ALL-UNNAMED --add-opens=java.management/sun.management=ALL-UNNAMED --add-opens=jdk.attach/sun.tools.attach=ALL-UNNAMED --add-opens=jdk.compiler/com.sun.tools.javac.api=ALL-UNNAMED --add-opens=jdk.internal.jvmstat/sun.jvmstat.monitor=ALL-UNNAMED --add-opens=jdk.jdi/com.sun.tools.jdi=ALL-UNNAMED -Dide.native.launcher=true -Djcef.sandbox.ptr=0000024B43957F30 -Djcef.sandbox.cefVersion=122.1.9+gd14e051+chromium-122.0.6261.94 com.intellij.idea.Main F:\My_Project\Test-Project\DNFClient\DNFClient.sln

Host: Intel(R) Xeon(R) CPU E5-2665 0 @ 2.40GHz, 16 cores, 31G,  Windows 10 , 64 bit Build 19041 (10.0.19041.5915)
Time: Thu Sep 17 12:21:05 2026 elapsed time: 1035.673335 seconds (0d 0h 17m 15s)

---------------  T H R E A D  ---------------

Current thread (0x0000024b1e95cf30):  JavaThread "AWT-EventQueue-0"        [_thread_in_native, id=23976, stack(0x00000068dd300000,0x00000068dd400000) (1024K)]

Stack: [0x00000068dd300000,0x00000068dd400000],  sp=0x00000068dd3fe830,  free space=1018k
Native frames: (J=compiled Java code, j=interpreted, Vv=VM code, C=native code)
C  [KERNELBASE.dll+0x25369]  (no source info available)
C  [VCRUNTIME140.dll+0x52c7]  (no source info available)
C  [awt.dll+0xedb04]  (no source info available)
C  [awt.dll+0xe54bf]  (no source info available)
C  0x0000024b5ad31a82  (no source info available)

The last pc belongs to native nmethod (printed below).
Java frames: (J=compiled Java code, j=interpreted, Vv=VM code)
J 38573  sun.awt.Win32GraphicsDevice.getBounds(I)Ljava/awt/Rectangle; java.desktop (0 bytes) @ 0x0000024b5ad31a49 [0x0000024b5ad31a00+0x0000000000000049]
J 70154 c2 org.cef.browser.CefBrowserWr$2$1.run()V jcef (442 bytes) @ 0x0000024b5b0434e8 [0x0000024b5b042ba0+0x0000000000000948]
J 64416 c2 com.intellij.util.concurrency.ChildContext$runInChildContext$1.invoke()Ljava/lang/Object; (8 bytes) @ 0x0000024b5b70cee0 [0x0000024b5b70ce80+0x0000000000000060]
j  com.intellij.util.concurrency.ChildContext.runInChildContext(ZLkotlin/jvm/functions/Function0;)Ljava/lang/Object;+38
J 79666 c1 com.intellij.util.concurrency.ChildContext.runInChildContext(Ljava/lang/Runnable;)V (24 bytes) @ 0x0000024b4a7ce41c [0x0000024b4a7cdf80+0x000000000000049c]
J 79674 c1 com.intellij.util.concurrency.ContextRunnable$$Lambda+0x000000001e38bac8.invoke()Ljava/lang/Object; (8 bytes) @ 0x0000024b4a9f5a4c [0x0000024b4a9f5900+0x000000000000014c]
J 56249 c2 com.intellij.concurrency.ThreadContext.resetThreadContext(Lkotlin/jvm/functions/Function0;)Ljava/lang/Object; (60 bytes) @ 0x0000024b5b4c9560 [0x0000024b5b4c9500+0x0000000000000060]
J 79673 c1 com.intellij.util.concurrency.ContextRunnable.run()V (11 bytes) @ 0x0000024b4a7dba5c [0x0000024b4a7db700+0x000000000000035c]
j  java.awt.event.InvocationEvent.dispatch()V+47 java.desktop
J 59716 c2 com.intellij.ide.IdeEventQueue.defaultDispatchEvent(Ljava/awt/AWTEvent;)V (138 bytes) @ 0x0000024b5a76da3c [0x0000024b5a76d900+0x000000000000013c]
j  com.intellij.ide.IdeEventQueue._dispatchEvent(Ljava/awt/AWTEvent;)V+466
J 51370 c2 com.intellij.ide.IdeEventQueue$$Lambda+0x000000001eea1700.compute()Ljava/lang/Object; (12 bytes) @ 0x0000024b5b2053c4 [0x0000024b5b205380+0x0000000000000044]
j  com.intellij.openapi.progress.impl.CoreProgressManager.computePrioritized(Lcom/intellij/openapi/util/ThrowableComputable;)Ljava/lang/Object;+59
j  com.intellij.ide.IdeEventQueue.dispatchEvent$lambda$0$0$0(Lcom/intellij/openapi/progress/ProgressManager;Ljava/lang/Runnable;Lcom/intellij/ide/IdeEventQueue;Ljava/awt/AWTEvent;)Lkotlin/Unit;+31
j  com.intellij.ide.IdeEventQueue$$Lambda+0x000000001e8f77a0.invoke()Ljava/lang/Object;+16
j  com.intellij.ide.IdeEventQueueKt.performActivity$lambda$0(Lkotlin/jvm/functions/Function0;)V+1
j  com.intellij.ide.IdeEventQueueKt$$Lambda+0x000000001e8fca98.run()V+4
j  com.intellij.openapi.application.TransactionGuardImpl.performActivity(ZLjava/lang/Runnable;)V+42
j  com.intellij.ide.IdeEventQueueKt.performActivity(Ljava/awt/AWTEvent;Lkotlin/jvm/functions/Function0;)V+110
j  com.intellij.ide.IdeEventQueue.dispatchEvent$lambda$0(Lcom/intellij/ide/IdeEventQueue;Ljava/awt/AWTEvent;Ljava/awt/AWTEvent;Lcom/intellij/diagnostic/EventWatcher;Ljava/lang/Runnable;Ljava/lang/Class;J)V+51
J 72431 c2 com.intellij.ide.IdeEventQueue.dispatchEvent(Ljava/awt/AWTEvent;)V (616 bytes) @ 0x0000024b5b9434a8 [0x0000024b5b942c00+0x00000000000008a8]
J 76388% c2 java.awt.EventDispatchThread.pumpEventsForFilter(ILjava/awt/Conditional;Ljava/awt/EventFilter;)V java.desktop (47 bytes) @ 0x0000024b5bb6fa9c [0x0000024b5bb6f900+0x000000000000019c]
j  java.awt.EventDispatchThread.pumpEventsForHierarchy(ILjava/awt/Conditional;Ljava/awt/Component;)V+11 java.desktop
j  java.awt.EventDispatchThread.pumpEvents(ILjava/awt/Conditional;)V+4 java.desktop
j  java.awt.EventDispatchThread.pumpEvents(Ljava/awt/Conditional;)V+3 java.desktop
j  java.awt.EventDispatchThread.run()V+18 java.desktop
v  ~StubRoutines::call_stub 0x0000024b59ff12ed

siginfo: EXCEPTION_UNCAUGHT_CXX_EXCEPTION (0xe06d7363), ExceptionInformation=0x0000000019930520 0x00000068dd3fe9a0 0x00007ffbfb9e8608 0x00007ffbfb8b0000 


Registers:
RAX=0x0000000000000000, RBX=0x00007ffbfb9e8608, RCX=0x0000024b5abb0308, RDX=0x0000000000000000
RSP=0x00000068dd3fe830, RBP=0x0000024b1ed733a0, RSI=0x00000068dd3fe9a0, RDI=0x0000000019930520
R8 =0x00000068dd3fe130, R9 =0x0000000000000000, R10=0x0000024b5abb0400, R11=0x0000024b5abb0400
R12=0x0000024b1efe2b70, R13=0x0000024b210b7a58, R14=0x0000024b1e95d378, R15=0x0000000000000000
RIP=0x00007ffc9b0b5369, EFLAGS=0x0000000000000202

XMM[0]=0x0000024b5abb0477 0x0000024b5abb0308
XMM[1]=0x00000068dd3fe230 0x0000024b5abb000b
XMM[2]=0x0000024b5abb0400 0x0000024b5abb0000
XMM[3]=0x0000024b5abb0468 0x0000024b5abb0400
XMM[4]=0x0000024b5abb0468 0x0000024b5abb0400
XMM[5]=0x00007ffb7bd387b8 0x0000024b5abb0480
XMM[6]=0x0000000000000000 0x0000000002068000
XMM[7]=0x0000000000000000 0x00000000d21c2ef8
XMM[8]=0x0000000000000000 0x00000000fff7ecd0
XMM[9]=0x0000000000000000 0x00000000fff7edf0
XMM[10]=0x0000000000000000 0x00000000fff7ee80
XMM[11]=0x0000000000000000 0x00000000c720ef00
XMM[12]=0x0000000000000000 0x00000000fff7ed60
XMM[13]=0x0000000000000000 0x00000000fff7ed60
XMM[14]=0x0000000000000000 0x00000000fff7edf0
XMM[15]=0x0000000000000000 0x00000000fff7ed60
  MXCSR=0x00001fa7


Register to memory mapping:

RAX=0x0 is null
RBX=0x00007ffbfb9e8608 awt.dll
RCX=0x0000024b5abb0308 is at entry_point+-250 in (nmethod*)0x0000024b5abb0308
Compiled method (c2) 1035903 27523       4       java.awt.Point::<init> (15 bytes)
 total in heap  [0x0000024b5abb0308,0x0000024b5abb0480] = 376
 main code      [0x0000024b5abb0400,0x0000024b5abb0468] = 104
 stub code      [0x0000024b5abb0468,0x0000024b5abb0480] = 24
 mutable data [0x0000024bf018e0b0,0x0000024bf018e0e8] = 56
 relocation     [0x0000024bf018e0b0,0x0000024bf018e0c8] = 24
 metadata       [0x0000024bf018e0c8,0x0000024bf018e0e8] = 32
 immutable data [0x0000024bf018eb70,0x0000024bf018eba8] = 56
 dependencies   [0x0000024bf018eb70,0x0000024bf018eb80] = 16
 scopes pcs     [0x0000024bf018eb80,0x0000024bf018eba0] = 32
 scopes data    [0x0000024bf018eba0,0x0000024bf018eba8] = 8
RDX=0x0 is null
RSP=0x00000068dd3fe830 is pointing into the stack for thread: 0x0000024b1e95cf30
RBP=0x0000024b1ed733a0 points into unknown readable memory: 0x0000024b1ef27c30 | 30 7c f2 1e 4b 02 00 00
RSI=0x00000068dd3fe9a0 is pointing into the stack for thread: 0x0000024b1e95cf30
RDI=0x0000000019930520 is an unknown value
R8 =0x00000068dd3fe130 is pointing into the stack for thread: 0x0000024b1e95cf30
R9 =0x0 is null
R10=0x0000024b5abb0400 is at entry_point+-2 in (nmethod*)0x0000024b5abb0308
Compiled method (c2) 1035914 27523       4       java.awt.Point::<init> (15 bytes)
 total in heap  [0x0000024b5abb0308,0x0000024b5abb0480] = 376
 main code      [0x0000024b5abb0400,0x0000024b5abb0468] = 104
 stub code      [0x0000024b5abb0468,0x0000024b5abb0480] = 24
 mutable data [0x0000024bf018e0b0,0x0000024bf018e0e8] = 56
 relocation     [0x0000024bf018e0b0,0x0000024bf018e0c8] = 24
 metadata       [0x0000024bf018e0c8,0x0000024bf018e0e8] = 32
 immutable data [0x0000024bf018eb70,0x0000024bf018eba8] = 56
 dependencies   [0x0000024bf018eb70,0x0000024bf018eb80] = 16
 scopes pcs     [0x0000024bf018eb80,0x0000024bf018eba0] = 32
 scopes data    [0x0000024bf018eba0,0x0000024bf018eba8] = 8
R11=0x0000024b5abb0400 is at entry_point+-2 in (nmethod*)0x0000024b5abb0308
Compiled method (c2) 1035914 27523       4       java.awt.Point::<init> (15 bytes)
 total in heap  [0x0000024b5abb0308,0x0000024b5abb0480] = 376
 main code      [0x0000024b5abb0400,0x0000024b5abb0468] = 104
 stub code      [0x0000024b5abb0468,0x0000024b5abb0480] = 24
 mutable data [0x0000024bf018e0b0,0x0000024bf018e0e8] = 56
 relocation     [0x0000024bf018e0b0,0x0000024bf018e0c8] = 24
 metadata       [0x0000024bf018e0c8,0x0000024bf018e0e8] = 32
 immutable data [0x0000024bf018eb70,0x0000024bf018eba8] = 56
 dependencies   [0x0000024bf018eb70,0x0000024bf018eb80] = 16
 scopes pcs     [0x0000024bf018eb80,0x0000024bf018eba0] = 32
 scopes data    [0x0000024bf018eba0,0x0000024bf018eba8] = 8
R12=0x0000024b1efe2b70 points into unknown readable memory: 0x00000000c13182d0 | d0 82 31 c1 00 00 00 00
R13=0x0000024b210b7a58 points into unknown readable memory: 0x0000024b7158f938 | 38 f9 58 71 4b 02 00 00
R14=0x0000024b1e95d378 points into unknown readable memory: 0x00007ffb7c04bdd0 | d0 bd 04 7c fb 7f 00 00
R15=0x0 is null

Top of Stack: (sp=0x00000068dd3fe830)
0x00000068dd3fe830:   0000000000000000 00007ffbfb9e8608   ................
0x00000068dd3fe840:   00000068dd3fe9a0 0000024b1efe2b70   ..?.h...p+..K...
0x00000068dd3fe850:   00000001e06d7363 0000000000000000   csm.............
0x00000068dd3fe860:   00007ffc9b0b5369 0000000000000004   iS..............
0x00000068dd3fe870:   0000000019930520 00000068dd3fe9a0    .........?.h...
0x00000068dd3fe880:   00007ffbfb9e8608 00007ffbfb8b0000   ................
0x00000068dd3fe890:   0000024b210b7a58 0000024b1efe2b70   Xz.!K...p+..K...
0x00000068dd3fe8a0:   00000068dd3fe9a0 0000024b1ed733a0   ..?.h....3..K...
0x00000068dd3fe8b0:   00000068dd3fe930 00007ffc9d644a5f   0.?.h..._Jd.....
0x00000068dd3fe8c0:   0000000019930520 0000000000000000    ...............
0x00000068dd3fe8d0:   00000000c8d77cd0 0000000000000000   .|..............
0x00000068dd3fe8e0:   00007ffbfba29000 00007ffbfb8b0000   ................
0x00000068dd3fe8f0:   00005ade1a7865b6 00007ffb7babb246   .ex..Z..F..{....
0x00000068dd3fe900:   00007ffbfb9e8608 00007ffc7d6c52c7   .........Rl}....
0x00000068dd3fe910:   0000556eac5d3be0 0000024b1efe2b70   .;].nU..p+..K...
0x00000068dd3fe920:   0000024b210b7a58 0000000000000000   Xz.!K...........
0x00000068dd3fe930:   00007ffbfb8b0000 0000000019930520   ........ .......
0x00000068dd3fe940:   00000068dd3fe9a0 00007ffbfb9e8608   ..?.h...........
0x00000068dd3fe950:   00007ffbfb8b0000 0000000000000000   ................
0x00000068dd3fe960:   0000024b1efe2b78 00007ffbfb99db04   x+..K...........
0x00000068dd3fe970:   0000024b1e95d378 0000024b1ed733a0   x...K....3..K...
0x00000068dd3fe980:   0000024b1e95d378 0000000000000000   x...K...........
0x00000068dd3fe990:   0000024b1f388020 00007ffbfb9954bf    .8.K....T......
0x00000068dd3fe9a0:   0000024b1f388020 0000000000000780    .8.K...........
0x00000068dd3fe9b0:   0000024b210b7a58 0000000000000000   Xz.!K...........
0x00000068dd3fe9c0:   0000000000000000 0000000000000780   ................
0x00000068dd3fe9d0:   0000000000000438 00000000c3b3d470   8.......p.......
0x00000068dd3fe9e0:   0000000000000000 0000043800000780   ............8...
0x00000068dd3fe9f0:   0000c649e1fe429e 0000024c0027c3c2   .B..I.....'.L...
0x00000068dd3fea00:   0000024b1e95cf30 00000068dd3fea90   0...K.....?.h...
0x00000068dd3fea10:   00000000c3b3d470 0000000000000000   p...............
0x00000068dd3fea20:   00000000fff04480 00000000c1430e80   .D........C.....

Instructions: (pc=0x00007ffc9b0b5369)
  0x00007ffc9b0b5269:   09 00 48 8b 84 24 b8 00 00 00 48 8b 8c 24 b0 05
  0x00007ffc9b0b5279:   00 00 48 33 cc e8 bd 9a 06 00 48 81 c4 c0 05 00
  0x00007ffc9b0b5289:   00 41 5f 41 5e 41 5d 5e 5b c3 cc 48 ff 15 1d de
  0x00007ffc9b0b5299:   1b 00 0f 1f 44 00 00 eb b0 cc cc cc cc cc cc cc
  0x00007ffc9b0b52a9:   cc cc cc cc cc cc cc 40 53 48 83 ec 30 48 8b d1
  0x00007ffc9b0b52b9:   48 8d 4c 24 20 e8 5d 23 00 00 85 c0 74 26 48 8b
  0x00007ffc9b0b52c9:   4c 24 28 e8 ef 38 00 00 48 8d 4c 24 20 8b d8 48
  0x00007ffc9b0b52d9:   ff 15 21 d8 1b 00 0f 1f 44 00 00 8b c3 48 83 c4
  0x00007ffc9b0b52e9:   30 5b c3 cc 83 c8 ff eb f4 cc cc cc cc cc cc cc
  0x00007ffc9b0b52f9:   cc cc cc cc cc cc cc 48 81 ec d8 00 00 00 48 8b
  0x00007ffc9b0b5309:   05 92 0b 29 00 48 33 c4 48 89 84 24 c0 00 00 00
  0x00007ffc9b0b5319:   48 83 64 24 28 00 48 8d 05 da ff ff ff 83 e2 01
  0x00007ffc9b0b5329:   89 4c 24 20 89 54 24 24 48 89 44 24 30 4d 85 c9
  0x00007ffc9b0b5339:   74 4c b8 0f 00 00 00 48 8d 4c 24 40 44 3b c0 49
  0x00007ffc9b0b5349:   8b d1 44 0f 47 c0 44 89 44 24 38 49 c1 e0 03 e8
  0x00007ffc9b0b5359:   ba 19 09 00 48 8d 4c 24 20 48 ff 15 6f df 1b 00
=>0x00007ffc9b0b5369:   0f 1f 44 00 00 48 8b 8c 24 c0 00 00 00 48 33 cc
  0x00007ffc9b0b5379:   e8 c2 99 06 00 48 81 c4 d8 00 00 00 c3 cc 83 64
  0x00007ffc9b0b5389:   24 38 00 eb cf cc cc cc cc cc cc cc cc cc cc cc
  0x00007ffc9b0b5399:   cc cc cc cc cc cc cc 65 48 8b 04 25 30 00 00 00
  0x00007ffc9b0b53a9:   8b 40 68 c3 cc cc cc cc cc cc cc cc cc cc cc cc
  0x00007ffc9b0b53b9:   cc cc cc cc cc cc cc 48 89 5c 24 10 48 89 74 24
  0x00007ffc9b0b53c9:   18 57 41 54 41 55 41 56 41 57 48 81 ec b0 02 00
  0x00007ffc9b0b53d9:   00 48 8b 05 bf 0a 29 00 48 33 c4 48 89 84 24 a0
  0x00007ffc9b0b53e9:   02 00 00 48 8d 15 cf 2d 1c 00 48 85 c9 48 0f 45
  0x00007ffc9b0b53f9:   d1 48 89 94 24 80 00 00 00 48 83 c8 ff 48 ff c0
  0x00007ffc9b0b5409:   80 3c 02 00 75 f7 48 ff c0 48 89 84 24 88 00 00
  0x00007ffc9b0b5419:   00 48 89 94 24 90 00 00 00 4c 8d 8c 24 88 00 00
  0x00007ffc9b0b5429:   00 33 d2 b9 06 00 01 40 44 8d 42 02 e8 c6 fe ff
  0x00007ffc9b0b5439:   ff e9 f0 01 00 00 33 f6 48 89 74 24 60 45 33 ff
  0x00007ffc9b0b5449:   4c 89 7c 24 48 45 33 f6 4c 89 74 24 58 33 ff 48
  0x00007ffc9b0b5459:   89 7c 24 50 e8 3e ff ff ff 89 44 24 40 48 39 35


Stack slot to memory mapping:

stack at sp + 0 slots: 0x0 is null
stack at sp + 1 slots: 0x00007ffbfb9e8608 awt.dll
stack at sp + 2 slots: 0x00000068dd3fe9a0 is pointing into the stack for thread: 0x0000024b1e95cf30
stack at sp + 3 slots: 0x0000024b1efe2b70 points into unknown readable memory: 0x00000000c13182d0 | d0 82 31 c1 00 00 00 00
stack at sp + 4 slots: 0x00000001e06d7363 is an unknown value
stack at sp + 5 slots: 0x0 is null
stack at sp + 6 slots: 0x00007ffc9b0b5369 KERNELBASE.dll
stack at sp + 7 slots: 0x0000000000000004 is an unknown value

Lock stack of current Java thread (top to bottom):


Compiled method (n/a) 1035963 38573     n 0       sun.awt.Win32GraphicsDevice::getBounds (native)
 total in heap  [0x0000024b5ad31908,0x0000024b5ad31cb0] = 936
 main code      [0x0000024b5ad31a00,0x0000024b5ad31cb0] = 688
 mutable data [0x0000024c0f270080,0x0000024c0f2700a0] = 32
 relocation     [0x0000024c0f270080,0x0000024c0f2700a0] = 32

[Constant Pool (empty)]

[MachCode]
[Entry Point]
  # {method} {0x0000024b70ccae70} 'getBounds' '(I)Ljava/awt/Rectangle;' in 'sun/awt/Win32GraphicsDevice'
  # parm0:    rdx       = int
  #           [sp+0x70]  (sp of caller)
  0x0000024b5ad31a00: 6690 448b | 5208 443b 

  0x0000024b5ad31a08: ;   {runtime_call Shared Runtime ic_miss_blob}
  0x0000024b5ad31a08: 5008 0f85 | d0d0 30ff 
[Verified Entry Point]
  0x0000024b5ad31a10: 8984 2400 | 80ff ff55 | 488b ec48 | 83ec 6090 | 4181 7f20 | fc03 0000 

  0x0000024b5ad31a28: ;   {runtime_call Stub::method_entry_barrier}
  0x0000024b5ad31a28: 7405 e8d1 | 282f ff4c 

  0x0000024b5ad31a30: ;   {oop(a 'java/lang/Class'{0x00000000c1347130} = 'sun/awt/Win32GraphicsDevice')}
  0x0000024b5ad31a30: 8bc2 49be | 3071 34c1 | 0000 0000 | 4c89 7424 | 504c 8d74 | 2450 498b | d6c5 f877 

  0x0000024b5ad31a4c: ;   {internal_word}
  0x0000024b5ad31a4c: 49ba 491a | d35a 4b02 | 0000 4d89 | 9730 0400 | 0049 89a7 | 2804 0000 | 498d 8f48 | 0400 0041 
  0x0000024b5ad31a6c: c787 d404 | 0000 0400 

  0x0000024b5ad31a74: ;   {runtime_call}
  0x0000024b5ad31a74: 0000 48b8 | 3053 99fb | fb7f 0000 | ffd0 c5f8 | 7741 c787 | d404 0000 | 0500 0000 | f083 4424 
  0x0000024b5ad31a94: c000 493b | 6f28 0f87 | 0e00 0000 | 4183 bfd0 | 0400 0000 | 0f84 2b00 | 0000 c5f8 | 7748 8945 
  0x0000024b5ad31ab4: f849 8bcf | 4c8b e448 | 83ec 2048 

  0x0000024b5ad31ac0: ;   {runtime_call}
  0x0000024b5ad31ac0: 83e4 f048 | b840 ac72 | 7bfb 7f00 | 00ff d049 | 8be4 4d33 | e448 8b45 | f841 c787 | d404 0000 
  0x0000024b5ad31ae0: 0800 0000 | 4183 bf50 | 0500 0002 | 0f84 9101 | 0000 49c7 | 8728 0400 | 0000 0000 | 0049 c787 
  0x0000024b5ad31b00: 3004 0000 | 0000 0000 | c5f8 7748 | 85c0 0f84 | 2f01 0000 | a803 0f85 | 0800 0000 | 488b 00e9 
  0x0000024b5ad31b20: 1f01 0000 | a801 0f85 | 0900 0000 | 488b 40fe | e90e 0100 | 0048 8b40 | ff41 807f | 4800 0f84 
  0x0000024b5ad31b40: ff00 0000 | 4883 f800 | 0f84 f500 | 0000 498b | 4f38 4885 | c90f 8414 | 0000 0048 | 83e9 0849 
  0x0000024b5ad31b60: 894f 3849 | 034f 4048 | 8901 e9d4 | 0000 0048 | 83ec 7048 | 8904 2448 | 894c 2408 | 4889 5424 
  0x0000024b5ad31b80: 104c 8944 | 2418 4c89 | 4c24 204c | 8954 2428 | 4c89 5c24 | 30c5 fb11 | 4424 40c5 | fb11 4c24 
  0x0000024b5ad31ba0: 48c5 fb11 | 5424 50c5 | fb11 5c24 | 58c5 fb11 | 6424 60c5 | fb11 6c24 | 6849 8bd7 | 488b c848 
  0x0000024b5ad31bc0: ;   {other}
  0x0000024b5ad31bc0: 83ec 2040 | f6c4 0f0f | 8419 0000 | 0048 83ec 

  0x0000024b5ad31bd0: ;   {runtime_call}
  0x0000024b5ad31bd0: 0848 b8f0 | 3c65 7bfb | 7f00 00ff | d048 83c4 | 08e9 0c00 

  0x0000024b5ad31be4: ;   {runtime_call}
  0x0000024b5ad31be4: 0000 48b8 | f03c 657b | fb7f 0000 | ffd0 4883 | c420 c5fb | 106c 2468 | c5fb 1064 | 2460 c5fb 
  0x0000024b5ad31c04: 105c 2458 | c5fb 1054 | 2450 c5fb | 104c 2448 | c5fb 1044 | 2440 4c8b | 5c24 304c | 8b54 2428 
  0x0000024b5ad31c24: 4c8b 4c24 | 204c 8b44 | 2418 488b | 5424 1048 | 8b4c 2408 | 488b 0424 | 4883 c470 | c5f8 7749 
  0x0000024b5ad31c44: 8b8f b804 | 0000 c781 | 0001 0000 | 0000 0000 

  0x0000024b5ad31c54: ;   {poll_return}
  0x0000024b5ad31c54: c941 f647 | 2801 7416 

  0x0000024b5ad31c5c: ;   {internal_word}
  0x0000024b5ad31c5c: 49ba 551c | d35a 4b02 | 0000 4d89 | 97e0 0400 

  0x0000024b5ad31c6c: ;   {runtime_call SafepointBlob}
  0x0000024b5ad31c6c: 00e9 eef2 | 30ff 4983 | 7f08 000f | 8501 0000 

  0x0000024b5ad31c7c: ;   {runtime_call Stub::forward_exception}
  0x0000024b5ad31c7c: 00c3 e95d | f52b ffc5 | f877 4889 | 45f8 4c8b | e448 83ec | 2048 83e4 

  0x0000024b5ad31c94: ;   {runtime_call}
  0x0000024b5ad31c94: f048 b800 | c3ac 7bfb | 7f00 00ff | d049 8be4 | 4d33 e448 | 8b45 f8e9 | 42fe ffff 
[/MachCode]


Compiled method (c2) 1035969 70154       4       org.cef.browser.CefBrowserWr$2$1::run (442 bytes)
 total in heap  [0x0000024b5b042a88,0x0000024b5b046888] = 15872
 constants      [0x0000024b5b042b80,0x0000024b5b042ba0] = 32
 main code      [0x0000024b5b042ba0,0x0000024b5b046728] = 15240
 stub code      [0x0000024b5b046728,0x0000024b5b046810] = 232
 oops           [0x0000024b5b046810,0x0000024b5b046888] = 120
 mutable data [0x0000024c1b5d4aa0,0x0000024c1b5d53d8] = 2360
 relocation     [0x0000024c1b5d4aa0,0x0000024c1b5d4f88] = 1256
 metadata       [0x0000024c1b5d4f88,0x0000024c1b5d53d8] = 1104
 immutable data [0x0000024c1bf5d980,0x0000024c1bf60308] = 10632
 dependencies   [0x0000024c1bf5d980,0x0000024c1bf5dab8] = 312
 nul chk table  [0x0000024c1bf5dab8,0x0000024c1bf5dc40] = 392
 handler table  [0x0000024c1bf5dc40,0x0000024c1bf5df28] = 744
 scopes pcs     [0x0000024c1bf5df28,0x0000024c1bf5ea58] = 2864
 scopes data    [0x0000024c1bf5ea58,0x0000024c1bf60308] = 6320


[Constant Pool]
             Address          hex4                    hex8      
  0x0000024b5b042b80:   0x3f800000      0x000000003f800000      
  0x0000024b5b042b84:   0x00000000                              
  0x0000024b5b042b88:   0x00000000      0xbff0000000000000      
  0x0000024b5b042b8c:   0xbff00000                              
  0x0000024b5b042b90:   0xf4f4f4f4      0xf4f4f4f4f4f4f4f4      
  0x0000024b5b042b94:   0xf4f4f4f4                              
  0x0000024b5b042b98:   0xf4f4f4f4      0xf4f4f4f4f4f4f4f4      
  0x0000024b5b042b9c:   0xf4f4f4f4                              

[MachCode]
[Instructions begin]
  0x0000024b5b042ba0: ;   {other}
  0x0000024b5b042ba0: 6690 448b | 5208 443b 

  0x0000024b5b042ba8: ;   {runtime_call Shared Runtime ic_miss_blob}
  0x0000024b5b042ba8: 5008 0f85 | 30bf fffe 
[Verified Entry Point]
  0x0000024b5b042bb0: 8984 2400 | 80ff ff55 | 4881 eca0 | 0000 0090 | 4181 7f20 | fc03 0000 | 0f85 4e3b | 0000 4889 
  0x0000024b5b042bd0: 5424 2044 | 8b5a 2445 | 8b53 1841 | 8b6a 4485 | ed0f 8475 | 2800 004c | 8bd5 4c89 

  0x0000024b5b042bec: ;   {metadata('java/awt/Window')}
  0x0000024b5b042bec: 5424 3849 | ba90 340e | 1e00 0000 | 004c 8b5c | 2438 458b | 4308 4489 | 4424 2841 | bb00 0000 
  0x0000024b5b042c0c: 1c4d 03d8 | 4d8b 5b48 | 4d3b da0f | 85f1 0300 | 004c 8b54 | 2438 418b | 6a64 448b 

  0x0000024b5b042c28: ;   {metadata('sun/awt/Win32GraphicsConfig')}
  0x0000024b5b042c28: 5d08 4181 | fb08 f016 | 020f 857d | 2400 004c | 8bd5 458b | 5210 c4c1 | 7a10 5248 | c5ea 5ac2 
  0x0000024b5b042c48: ;   {section_word}
  0x0000024b5b042c48: c5f8 2e15 | 30ff ffff | 7a1c 751a | c4c1 7a10 

  0x0000024b5b042c58: ;   {section_word}
  0x0000024b5b042c58: 524c c5f8 | 2e15 1eff | ffff 0f8a | 3028 0000 | 0f85 2a28 | 0000 4c8b | 5424 3841 | 8b6a 6444 
  0x0000024b5b042c78: ;   {metadata('sun/awt/Win32GraphicsConfig')}
  0x0000024b5b042c78: 8b55 0841 | 81fa 08f0 | 1602 0f85 | 4024 0000 | 4c8b d545 | 8b5a 10c4 | c17a 1053 | 48c4 c17a 
  0x0000024b5b042c98: 1063 4cc5 

  0x0000024b5b042c9c: ;   {section_word}
  0x0000024b5b042c9c: da5a ccc5 | f82e 15d9 | feff ff7a 

  0x0000024b5b042ca8: ;   {section_word}
  0x0000024b5b042ca8: 1675 14c5 | f82e 25cd | feff ff0f | 8a2f 2800 | 000f 8529 

  0x0000024b5b042cbc: ;   {oop(a 'java/lang/Class'{0x00000000c8d68880} = 'java/lang/System')}
  0x0000024b5b042cbc: 2800 0049 | ba80 88d6 | c800 0000 | 0041 8baa | 9400 0000 

  0x0000024b5b042cd0: ; implicit exception: dispatches to 0x0000024b5b0460f8
  0x0000024b5b042cd0: 448b 5d08 

  0x0000024b5b042cd4: ;   {metadata('java/util/Properties')}
  0x0000024b5b042cd4: 4181 fb28 | 7a35 000f | 85ff 2300 | 004c 8bc5 | 458b 5030 

  0x0000024b5b042ce8: ; implicit exception: dispatches to 0x0000024b5b04610c
  0x0000024b5b042ce8: 458b 5a14 | 4585 db74 | 1e41 8b6b | 0c85 ed0f | 862f 2700 | 00ff cd81 | e574 6ce0 | 3a45 8b4c 
  0x0000024b5b042d08: ab10 4585 | c975 3141 | 8b68 2c85 | ed0f 8521 | 2800 00ba | 45ff ffff | 488b 6c24 | 20c5 fb11 
  0x0000024b5b042d28: 4424 28c5 | fb11 4c24 

  0x0000024b5b042d30: ;   {runtime_call UncommonTrapBlob}
  0x0000024b5b042d30: 3066 90e8 

  0x0000024b5b042d34: ; ImmutableOopMap {rbp=Oop [56]=Oop }
                      ;*ifnull {reexecute=1 rethrow=0 return_oop=0}
                      ; - (reexecute) com.jetbrains.cef.JdkEx::isJetBrainsJDK@7 (line 108)
                      ; - org.cef.browser.CefBrowserWr$2$1::run@42 (line 117)
  0x0000024b5b042d34: a88e 0cff 

  0x0000024b5b042d38: ;   {post_call_nop}
  0x0000024b5b042d38: 0f1f 8400 | b002 0000 | 458b 590c | 4d8b d141 | 81fb 746c | e03a 0f84 | e100 0000 | 4585 db0f 
  0x0000024b5b042d58: 8c7b 1e00 | 0045 8b5a | 1845 85db | 74a9 498b | cb44 8b59 | 0c4d 8b4f 

  0x0000024b5b042d70: ; ImmutableOopMap {r8=Oop rcx=Oop [32]=Oop [56]=Oop }
                      ;*if_icmpne {reexecute=1 rethrow=0 return_oop=0}
                      ; - (reexecute) java.util.concurrent.ConcurrentHashMap::get@127 (line 958)
                      ; - java.util.Properties::getProperty@5 (line 1145)
                      ; - java.lang.System::getProperty@8 (line 746)
                      ; - com.jetbrains.cef.JdkEx::isJetBrainsJDK@2 (line 107)
                      ; - org.cef.browser.CefBrowserWr$2$1::run@42 (line 117)
                      ;   {poll}
  0x0000024b5b042d70: 3041 8501 | 4181 fb74 | 6ce0 3a74 | 0e44 8b51 | 1845 85d2 | 7489 498b | caeb de8b 

  0x0000024b5b042d8c: ;   {oop("java.vendor"{0x00000000c8ca9950})}
  0x0000024b5b042d8c: 6910 81fd | 5099 cac8 | 0f84 8b00 | 0000 85ed | 0f84 5c2c | 0000 4889 | 4c24 584c | 8944 2450 
  0x0000024b5b042dac: c5fb 114c | 2448 c5fb | 1144 2440 | 448b 5424 | 2844 8954 | 2430 4c8b | 5424 384c | 8954 2428 
  0x0000024b5b042dcc: ;   {oop("java.vendor"{0x00000000c8ca9950})}
  0x0000024b5b042dcc: 4c8b c548 | ba50 99ca | c800 0000 | 0048 8b6c 

  0x0000024b5b042ddc: ;   {optimized virtual_call}
  0x0000024b5b042ddc: 2420 90e8 

  0x0000024b5b042de0: ; ImmutableOopMap {rbp=Oop [32]=Oop [40]=Oop [80]=Oop [88]=Oop }
                      ;*invokevirtual equals {reexecute=0 rethrow=0 return_oop=0}
                      ; - java.util.concurrent.ConcurrentHashMap::get@149 (line 959)
                      ; - java.util.Properties::getProperty@5 (line 1145)
                      ; - java.lang.System::getProperty@8 (line 746)
                      ; - com.jetbrains.cef.JdkEx::isJetBrainsJDK@2 (line 107)
                      ; - org.cef.browser.CefBrowserWr$2$1::run@42 (line 117)
  0x0000024b5b042de0: fcbf fffe 

  0x0000024b5b042de4: ;   {post_call_nop}
  0x0000024b5b042de4: 0f1f 8400 | 5c03 0002 

  0x0000024b5b042dec: ; ImmutableOopMap {rbp=Oop [32]=Oop [40]=Oop [80]=Oop [88]=Oop }
                      ;*ifeq {reexecute=1 rethrow=0 return_oop=0}
                      ; - (reexecute) java.util.concurrent.ConcurrentHashMap::get@152 (line 959)
                      ; - java.util.Properties::getProperty@5 (line 1145)
                      ; - java.lang.System::getProperty@8 (line 746)
                      ; - com.jetbrains.cef.JdkEx::isJetBrainsJDK@2 (line 107)
                      ; - org.cef.browser.CefBrowserWr$2$1::run@42 (line 117)
  0x0000024b5b042dec: 4d8b 5730 

  0x0000024b5b042df0: ;   {poll}
  0x0000024b5b042df0: 4185 0285 | c00f 841d | 2100 004c | 8b54 2428 | 4c89 5424 | 3844 8b5c | 2430 4489 | 5c24 28c5 
  0x0000024b5b042e10: fb10 4424 | 40c5 fb10 | 4c24 484c | 8b44 2450 | 488b 4c24 | 588b 6914 | 85ed 757e | 418b 682c 
  0x0000024b5b042e30: e9de feff | ff41 8b69 

  0x0000024b5b042e38: ;   {oop("java.vendor"{0x00000000c8ca9950})}
  0x0000024b5b042e38: 1081 fd50 | 99ca c874 | 5d85 ed0f | 8451 2a00 | 004c 8954 | 2450 4489 | 4c24 2c4c | 8944 2448 
  0x0000024b5b042e58: c5fb 114c | 2440 c5fb | 1144 2430 

  0x0000024b5b042e64: ;   {oop("java.vendor"{0x00000000c8ca9950})}
  0x0000024b5b042e64: 4c8b c548 | ba50 99ca | c800 0000 

  0x0000024b5b042e70: ;   {optimized virtual_call}
  0x0000024b5b042e70: 0066 90e8 

  0x0000024b5b042e74: ; ImmutableOopMap {[32]=Oop [44]=NarrowOop [56]=Oop [72]=Oop [80]=Oop }
                      ;*invokevirtual equals {reexecute=0 rethrow=0 return_oop=0}
                      ; - java.util.concurrent.ConcurrentHashMap::get@73 (line 952)
                      ; - java.util.Properties::getProperty@5 (line 1145)
                      ; - java.lang.System::getProperty@8 (line 746)
                      ; - com.jetbrains.cef.JdkEx::isJetBrainsJDK@2 (line 107)
                      ; - org.cef.browser.CefBrowserWr$2$1::run@42 (line 117)
  0x0000024b5b042e74: 68bf fffe 

  0x0000024b5b042e78: ;   {post_call_nop}
  0x0000024b5b042e78: 0f1f 8400 | f003 0004 | 85c0 0f84 | 451e 0000 | c5fb 1044 | 2430 c5fb | 104c 2440 | 4c8b 4424 
  0x0000024b5b042e98: 4844 8b4c | 242c 418b | 6914 85ed | 0f84 221b | 0000 448b 

  0x0000024b5b042eac: ;   {metadata('java/lang/String')}
  0x0000024b5b042eac: 5d08 4181 | fb28 9d35 | 000f 858d | 3000 0048 

  0x0000024b5b042ebc: ;   {oop(a 'java/lang/Class'{0x00000000fa509030} = 'java/util/Locale')}
  0x0000024b5b042ebc: 8bfd 49ba | 3090 50fa | 0000 0000 | 418b 8ad4 | 0000 0044 | 8b5f 1480 | 7f10 000f | 8568 1100 
  0x0000024b5b042edc: 0044 8b51 | 1045 8b6b | 0c45 85ed | 0f86 de10 | 0000 458b | f541 ffce | 453b f50f | 83a7 2400 
  0x0000024b5b042efc: 004d 8bc3 | 4c89 4424 | 3049 8d43 | 1044 0fb6 

  0x0000024b5b042f0c: ;   {oop([C{0x00000000c052e4b0})}
  0x0000024b5b042f0c: 0848 bdb0 | e452 c000 | 0000 0046 | 0fb7 444d | 1041 f6c0 | 020f 85cc | 1000 0045 | 8d4d fd41 
  0x0000024b5b042f2c: 83f9 010f | 8eaf 2400 | 00bb a00f | 0000 33f6 | ba01 0000 | 0045 8bc5 | 442b c241 | 83c0 fd44 
  0x0000024b5b042f4c: 3bca 440f | 4cc6 4181 | f8a0 0f00 | 0044 0f47 | c344 03c2 | c4e1 f96e | d7c5 f96e | d9c4 c179 
  0x0000024b5b042f6c: 6eeb 6690 | 4863 fac4 | c179 7eeb | 410f b64c | 3b10 440f | b75c 4d10 | 41f6 c302 | 0f85 6101 
  0x0000024b5b042f8c: 0000 c4c1 | 797e eb41 | 0fb6 4c3b | 1144 0fb7 | 5c4d 1041 | f6c3 020f | 8535 0100 | 00c4 c179 
  0x0000024b5b042fac: 7eeb 410f | b64c 3b12 | 440f b75c | 4d10 41f6 | c302 0f85 | 3001 0000 | c4c1 797e | eb45 0fb6 
  0x0000024b5b042fcc: 5c3b 1342 | 0fb7 4c5d | 10f6 c102 | 0f85 0501 | 0000 83c2 | 0441 3bd0 | 7c8a 4d8b | 4730 c4c1 
  0x0000024b5b042fec: ; ImmutableOopMap {r10=NarrowOop r11=Oop rbp=Oop xmm2=Oop xmm3=NarrowOop xmm5=NarrowOop [32]=Oop [48]=Oop rax=Derived_oop_[48] [56]=Oop }
                      ;*goto {reexecute=1 rethrow=0 return_oop=0}
                      ; - (reexecute) java.lang.StringLatin1::toLowerCase@46 (line 423)
                      ; - java.lang.String::toLowerCase@13 (line 3704)
                      ; - java.lang.String::toLowerCase@4 (line 3728)
                      ; - com.jetbrains.cef.JdkEx::isJetBrainsJDK@11 (line 108)
                      ; - org.cef.browser.CefBrowserWr$2$1::run@42 (line 117)
                      ;   {poll}
  0x0000024b5b042fec: 797e db41 | 8500 413b | d10f 8dc9 | 0c00 00c4 | e1f9 7ed7 | c5f9 7ed9 | c4c1 797e | ebe9 33ff 
  0x0000024b5b04300c: ;   {metadata('java/applet/Applet')}
  0x0000024b5b04300c: ffff 4181 | f870 9c16 | 020f 8479 | 2700 004d | 8b5f 304c | 8b44 2438 

  0x0000024b5b043024: ; ImmutableOopMap {rbp=NarrowOop [32]=Oop }
                      ;*goto {reexecute=1 rethrow=0 return_oop=0}
                      ; - (reexecute) javax.swing.SwingUtilities::getRoot@31 (line 1663)
                      ; - org.cef.browser.CefBrowserWr$2$1::run@10 (line 111)
  0x0000024b5b043024: 418b 6844 

  0x0000024b5b043028: ;   {poll}
  0x0000024b5b043028: 4185 0385 | ed0f 842d | 2800 004c | 8bdd 4c89 | 5c24 38e9 | b9fb ffff | 418b fa66 | 0f1f 8400 
  0x0000024b5b043048: 0000 0000 | 6666 6690 | 4088 7c13 | 1045 0fb6 | 5413 1141 | 83fa 417c | 4f41 8bfa | 83cf 2083 
  0x0000024b5b043068: ff7a 0f8f | 640f 0000 | 4088 7c13 | 1141 83c1 | 0244 3bce | 7d37 4963 | d145 0fb6 | 5413 1041 
  0x0000024b5b043088: 83fa 417c | b341 8bfa | 83cf 2083 | ff7a 7eb8 | 8d8f 20ff | ffff 83f9 | 1f73 0881 | fff7 0000 
  0x0000024b5b0430a8: 0075 a541 | 8bfa eba0 | 418b faeb | bb4d 8b57 

  0x0000024b5b0430b8: ; ImmutableOopMap {r11=NarrowOop rbx=Oop [32]=Oop [48]=Oop [56]=Oop }
                      ;*goto {reexecute=1 rethrow=0 return_oop=0}
                      ; - (reexecute) java.lang.StringLatin1::toLowerCase@141 (line 437)
                      ; - java.lang.String::toLowerCase@13 (line 3704)
                      ; - java.lang.String::toLowerCase@4 (line 3728)
                      ; - com.jetbrains.cef.JdkEx::isJetBrainsJDK@11 (line 108)
                      ; - org.cef.browser.CefBrowserWr$2$1::run@42 (line 117)
                      ;   {poll}
  0x0000024b5b0430b8: 3041 8502 | 453b ce7d | 5941 8bf5 | 412b f1ff | ce45 3bf1 | 410f 4cf0 | 81fe d007 | 0000 0f47 
  0x0000024b5b0430d8: f041 03f1 | eba0 448b | caeb 0744 | 8bca 4183 | c102 41ff | c1eb 0c44 | 8bca eb07 | 448b ca41 
  0x0000024b5b0430f8: 83c1 02c4 | e1f9 7ed7 | 448b c6c5 | f97e d9c4 | c179 7eeb | 453b cd0f | 85d5 0b00 | 0048 8bc7 
  0x0000024b5b043118: eb7a 453b | cd7d 2e90 | 4d63 d143 | 0fb6 4c13 | 1083 f941 | 0f8c d40e | 0000 8bf9 | 83cf 2083 
  0x0000024b5b043138: ff7a 0f8f | 651a 0000 | 4288 7c13 | 1041 ffc1 | 453b cd7c | d349 8b87 | c801 0000 | 4c8b d049 
  0x0000024b5b043158: 83c2 184d | 3b97 d801 | 0000 0f83 | 361d 0000 | 4d89 97c8 | 0100 0041 | 0f18 82c0 | 0000 0048 
  0x0000024b5b043178: c700 0100 

  0x0000024b5b04317c: ;   {metadata('java/lang/String')}
  0x0000024b5b04317c: 0000 c740 | 0828 9d35 | 0044 8960 | 0c4c 8960 | 104c 8bdb | 4489 5814 | 448b 5014 

  0x0000024b5b043198: ;   {oop([B{0x00000000c1430e70})}
  0x0000024b5b043198: 48be 700e | 43c1 0000 | 0000 4883 | c610 bbff | ffff ff80 | 7810 000f | 85e1 0c00 | 0041 8b52 
  0x0000024b5b0431b8: 0c83 fa09 | 0f8c 8c00 | 0000 4d8b | da49 8d7a | 1048 8bcc | c5fa 6f56 | f9c5 e973 | da07 83fa 
  0x0000024b5b0431d8: 1073 278b | df81 e3ff | 0f00 0081 | fbf0 0f00 | 0076 1748 | 83ec 108b | c20f b65c | 07ff 885c 
  0x0000024b5b0431f8: 04ff 48ff | c875 f248 | 8bfc b809 | 0000 0051 | 488b dfc4 | e379 6113 | 0c72 1e83 | ea10 7e1f 
  0x0000024b5b043218: 3bd0 781b | 4883 c310 | 83fa 107d | e648 8d5c | 13f0 ba10 | 0000 00eb | da2b d13b | d07d 0abb 
  0x0000024b5b043238: ffff ffff | e90c 0000 | 0048 8d1c | 0b83 f907 | 7fd6 482b | df5c 85db | 0f8c 021f 

  0x0000024b5b043254: ;   {oop(a 'java/lang/Class'{0x00000000cb0f2bf0} = 'org/cef/OS')}
  0x0000024b5b043254: 0000 49ba | f02b 0fcb | 0000 0000 | 418b 6a78 

  0x0000024b5b043264: ;   {oop(a 'org/cef/OS$OSType'{0x00000000c236d078})}
  0x0000024b5b043264: 81fd 78d0 | 36c2 0f84 | 8c23 0000 

  0x0000024b5b043270: ;   {oop(a 'org/cef/OS$OSType'{0x00000000c236cfe0})}
  0x0000024b5b043270: 81fd e0cf | 36c2 0f85 | e822 0000 

  0x0000024b5b04327c: ;   {oop(a 'java/awt/Component$AWTTreeLock'{0x00000000c1443d20})}
  0x0000024b5b04327c: 49bb 203d | 44c1 0000 | 0000 488d | 9c24 9000 | 0000 4d8b | 1341 8b9f | e006 0000 | 41f6 c202 
  0x0000024b5b04329c: 0f85 3700 | 0000 81fb | 2f07 0000 | 0f8f 4b00 | 0000 4d3b | 5c1f f874 | 1649 8bc2 | 4883 c801 
  0x0000024b5b0432bc: 4983 e2fe | f04d 0fb1 | 130f 852e | 0000 004d | 891c 1f41 | 8387 e006 | 0000 08eb | 1e48 33c0 
  0x0000024b5b0432dc: 498b 9fc8 | 0400 00f0 | 490f b15a | 3e74 0c48 | 3bd8 7509 | 49ff 8286 | 0000 0033 | c00f 8591 
  0x0000024b5b0432fc: 1e00 004c | 8b54 2438 | 458b 4a40 

  0x0000024b5b043308: ; implicit exception: dispatches to 0x0000024b5b046218
  0x0000024b5b043308: 458b 5108 | 448b 5c24 

  0x0000024b5b043310: ;   {metadata('com/intellij/openapi/wm/impl/IdeFrameImpl')}
  0x0000024b5b043310: 2841 81fb | 0000 6202 | 0f85 ed1e | 0000 4c8b | 6c24 3841 | 0fb6 6d31 | 85ed 0f84 | f422 0000 
  0x0000024b5b043330: ;   {metadata('sun/awt/windows/WFramePeer')}
  0x0000024b5b043330: 4181 fa00 | 0044 020f | 8487 0000 

  0x0000024b5b04333c: ;   {metadata('sun/awt/NullComponentPeer')}
  0x0000024b5b04333c: 0041 81fa | 783e dd02 

  0x0000024b5b043344: ;   {metadata('java/awt/peer/LightweightPeer')}
  0x0000024b5b043344: 745b 48b8 | f039 dd1e | 0000 0000 | be00 0000 | 1c49 03f2 | 4c8b 5e20 | 4c3b d874 | 4048 33ff 
  0x0000024b5b043364: 4c8b 9ea8 | 0000 0049 | 8bd3 48c1 | e223 0f89 | 2100 0000 | f348 0fb8 | d248 8b5e | 2848 3b04 
  0x0000024b5b043384: d374 1549 | 0fba e31d | 730b 49c1 

  0x0000024b5b043390: ;   {runtime_call Stub::lookup_secondary_supers_table_slow_path}
  0x0000024b5b043390: cb1c e82c | 11fe feeb | 0348 ffc7 | 4885 ff75 | 23ba f6ff | ffff 488b | 6c24 20c5 | fb11 4424 
  0x0000024b5b0433b0: 28c5 fb11 

  0x0000024b5b0433b4: ;   {runtime_call UncommonTrapBlob}
  0x0000024b5b0433b4: 4c24 30e8 

  0x0000024b5b0433b8: ; ImmutableOopMap {rbp=Oop [56]=Oop }
                      ;*getfield peer {reexecute=1 rethrow=0 return_oop=0}
                      ; - (reexecute) java.awt.Component::getLocationOnScreen_NoTreeLock@29 (line 2099)
                      ; - java.awt.Component::getLocationOnScreen@8 (line 2084)
                      ; - org.cef.browser.CefBrowserWr$2$1::run@55 (line 118)
  0x0000024b5b0433b8: 2488 0cff 

  0x0000024b5b0433bc: ;   {post_call_nop}
  0x0000024b5b0433bc: 0f1f 8400 | 3409 0008 

  0x0000024b5b0433c4: ;   {metadata('sun/awt/windows/WFramePeer')}
  0x0000024b5b0433c4: 498b d141 | 81fa 0000 | 4402 0f85 | 7616 0000 | 498b ed44 | 8944 2428 | c5fb 114c | 2440 c5fb 
  0x0000024b5b0433e4: 1144 2430 

  0x0000024b5b0433e8: ;   {optimized virtual_call}
  0x0000024b5b0433e8: 6666 90e8 

  0x0000024b5b0433ec: ; ImmutableOopMap {rbp=Oop [32]=Oop [56]=Oop }
                      ;*invokeinterface getLocationOnScreen {reexecute=0 rethrow=0 return_oop=1}
                      ; - java.awt.Component::getLocationOnScreen_NoTreeLock@88 (line 2106)
                      ; - java.awt.Component::getLocationOnScreen@8 (line 2084)
                      ; - org.cef.browser.CefBrowserWr$2$1::run@55 (line 118)
  0x0000024b5b0433ec: a0e9 6aff 

  0x0000024b5b0433f0: ;   {post_call_nop}
  0x0000024b5b0433f0: 0f1f 8400 | 6809 0009 | 4889 4424 

  0x0000024b5b0433fc: ;   {oop(a 'java/awt/Component$AWTTreeLock'{0x00000000c1443d20})}
  0x0000024b5b0433fc: 4849 bb20 | 3d44 c100 | 0000 0048 | 8d84 2490 | 0000 0041 | 8b87 e006 | 0000 4d8b | 134d 3b5c 
  0x0000024b5b04341c: 07f8 0f85 | 2e00 0000 | 4183 afe0 | 0600 0008 | 4d3b 5c07 | f00f 845f | 0000 0049 | 8bc2 4883 
  0x0000024b5b04343c: e0fc 4983 | ca01 f04d | 0fb1 130f | 85c2 3200 | 00e9 4400 | 0000 4983 | ba86 0000 | 0000 7533 
  0x0000024b5b04345c: 49c7 423e | 0000 0000 | f083 4424 | c000 4983 | ba8e 0000 | 0000 7422 | 4983 ba9e | 0000 0000 
  0x0000024b5b04347c: 7518 4983 | e2fd 4d89 | 97e8 0500 | 0041 83ca | 01eb 0a49 | ff8a 8600 | 0000 4533 | d20f 8595 
  0x0000024b5b04349c: 1d00 004c | 8bc5 8b6d | 6444 8b5d 

  0x0000024b5b0434a8: ;   {metadata('sun/awt/Win32GraphicsConfig')}
  0x0000024b5b0434a8: 0841 81fb | 08f0 1602 | 0f85 ad1d | 0000 4c8b | d545 8b4a | 1041 8b69 | 2844 8b55 

  0x0000024b5b0434c4: ;   {metadata('sun/awt/Win32GraphicsConfig')}
  0x0000024b5b0434c4: 0841 81fa | 08f0 1602 | 0f85 b61d | 0000 4c8b | d545 8b5a | 1041 8b53 | 444c 8944 

  0x0000024b5b0434e0: ;   {static_call}
  0x0000024b5b0434e0: 2438 90e8 

  0x0000024b5b0434e4: ; ImmutableOopMap {[32]=Oop [56]=Oop [72]=Oop }
                      ;*invokestatic getBounds {reexecute=0 rethrow=0 return_oop=1}
                      ; - sun.awt.Win32GraphicsDevice::getBounds@4 (line 175)
                      ; - sun.awt.Win32GraphicsConfig::getBounds@4 (line 224)
                      ; - org.cef.browser.CefBrowserWr$2$1::run@70 (line 120)
  0x0000024b5b0434e4: 28e5 ceff 

  0x0000024b5b0434e8: ;   {post_call_nop}
  0x0000024b5b0434e8: 0f1f 8400 | 600a 000a 

  0x0000024b5b0434f0: ; implicit exception: dispatches to 0x0000024b5b04615c
  0x0000024b5b0434f0: 448b 500c | 488b 5c24 | 4848 85db | 0f84 061c | 0000 488b | 5424 2044 | 8b42 2044 | 8b5a 0c45 
  0x0000024b5b043510: 2bda c5f9 | efc0 c4c1 | 7b2a c3c5 | fb5e 4424 | 3049 bb00 | 0000 0000 | 00f0 7fc4 | c1f9 7ec1 
  0x0000024b5b043530: 4d23 cb49 | c1f9 3449 | bb32 0400 | 0000 0000 | 004d 2bd9 | 498b cb49 | b9c0 ffff | ffff ffff 
  0x0000024b5b043550: ff4d 85d9 | 753b c4c1 | f97e c149 | bbff ffff | ffff ff0f | 004d 23cb | 49bb 0000 | 0000 0000 
  0x0000024b5b043570: 1000 4d0b | cbc4 c1f9 | 7ec3 4d85 | db7d 0349 | f7d9 49d3 | f949 83c1 | 0149 d1f9 | e91e 0000 
  0x0000024b5b043590: 00c4 61fb 

  0x0000024b5b043594: ;   {external_word}
  0x0000024b5b043594: 2cc8 4c3b | 0d03 e0fa | fe75 1048 | 83ec 08c5 | fb11 0424 

  0x0000024b5b0435a8: ;   {runtime_call Stub::d2l_fixup}
  0x0000024b5b0435a8: e825 dffa | fe41 5941 | 8be9 4103 | ea2b 6b0c | 4585 c00f | 845b 1b00 | 004c 8b4c | 2448 4189 
  0x0000024b5b0435c8: 680c 8b7a | 188b 7214 | 8b58 1044 | 8b52 1044 | 2bd3 c5f9 | efc0 c4c1 | 7b2a c2c5 | fb5e 4424 
  0x0000024b5b0435e8: 4049 ba00 | 0000 0000 | 00f0 7fc4 | c1f9 7ec3 | 4d23 da49 | c1fb 3449 | ba32 0400 | 0000 0000 
  0x0000024b5b043608: 004d 2bd3 | 498b ca49 | bbc0 ffff | ffff ffff | ff4d 85d3 | 753b c4c1 | f97e c349 | baff ffff 
  0x0000024b5b043628: ffff ff0f | 004d 23da | 49ba 0000 | 0000 0000 | 1000 4d0b | dac4 c1f9 | 7ec2 4d85 | d27d 0349 
  0x0000024b5b043648: f7db 49d3 | fb49 83c3 | 0149 d1fb | e91e 0000 | 00c4 61fb 

  0x0000024b5b04365c: ;   {external_word}
  0x0000024b5b04365c: 2cd8 4c3b | 1d3b dffa | fe75 1048 | 83ec 08c5 | fb11 0424 

  0x0000024b5b043670: ;   {runtime_call Stub::d2l_fixup}
  0x0000024b5b043670: e85d defa | fe41 5b45 | 8bd3 4403 | d345 2b51 | 1045 8950 

  0x0000024b5b043684: ;   {runtime_call}
  0x0000024b5b043684: 1049 ba80 | c9a4 7bfb | 7f00 0041 

  0x0000024b5b043690: ;   {post_call_nop}
  0x0000024b5b043690: ffd2 0f1f | 8400 0000 | 0000 4889 | 4424 5881 | fefb 0100 | 000f 840b | 0a00 004c | 8b54 2420 
  0x0000024b5b0436b0: 458b 5224 | 4489 5424 | 3045 8b5a | 1044 895c | 2434 418b | 5b0c 85db | 0f86 de1b | 0000 8bc7 
  0x0000024b5b0436d0: 3d00 0000 | 8075 0733 | d283 fbff | 7403 99f7 | fb89 5424 | 4041 8b7a | 1481 fef5 | 0100 000f 
  0x0000024b5b0436f0: 84b4 1100 | 0081 c60b | feff ff83 | fe02 0f82 | 900f 0000 | 4533 db44 | 895c 2460 

  0x0000024b5b04370c: ;   {oop(a 'java/lang/Class'{0x00000000c1448ac0} = 'java/awt/Toolkit')}
  0x0000024b5b04370c: 49bb c08a | 44c1 0000 | 0000 488d | 9c24 9000 | 0000 4d8b | 1341 8b9f | e006 0000 | 41f6 c202 
  0x0000024b5b04372c: 0f85 3700 | 0000 81fb | 2f07 0000 | 0f8f 4b00 | 0000 4d3b | 5c1f f874 | 1649 8bc2 | 4883 c801 
  0x0000024b5b04374c: 4983 e2fe | f04d 0fb1 | 130f 852e | 0000 004d | 891c 1f41 | 8387 e006 | 0000 08eb | 1e48 33c0 
  0x0000024b5b04376c: 498b 9fc8 | 0400 00f0 | 490f b15a | 3e74 0c48 | 3bd8 7509 | 49ff 8286 | 0000 0033 | c00f 8531 
  0x0000024b5b04378c: ;   {oop(a 'java/lang/Class'{0x00000000c1448ac0} = 'java/awt/Toolkit')}
  0x0000024b5b04378c: 1b00 0049 | bac0 8a44 | c100 0000 | 0041 8b6a | 788b 5d08 

  0x0000024b5b0437a0: ;   {oop(a 'java/lang/Class'{0x00000000c1448ac0} = 'java/awt/Toolkit')}
  0x0000024b5b0437a0: 49bb c08a | 44c1 0000 | 0000 488d | 8424 9000 | 0000 418b | 87e0 0600 | 004d 8b13 | 4d3b 5c07 
  0x0000024b5b0437c0: f80f 852e | 0000 0041 | 83af e006 | 0000 084d | 3b5c 07f0 | 0f84 5f00 | 0000 498b | c248 83e0 
  0x0000024b5b0437e0: fc49 83ca | 01f0 4d0f | b113 0f85 | 122f 0000 | e944 0000 | 0049 83ba | 8600 0000 | 0075 3349 
  0x0000024b5b043800: c742 3e00 | 0000 00f0 | 8344 24c0 | 0049 83ba | 8e00 0000 | 0074 2249 | 83ba 9e00 | 0000 0075 
  0x0000024b5b043820: 1849 83e2 | fd4d 8997 | e805 0000 | 4183 ca01 | eb0a 49ff | 8a86 0000 | 0045 33d2 | 0f85 c21a 
  0x0000024b5b043840: 0000 41ba | 0000 001c | 4c03 d34d 

  0x0000024b5b04384c: ;   {metadata('sun/awt/SunToolkit')}
  0x0000024b5b04384c: 8b52 4049 | bbd8 380d | 1e00 0000 | 004d 3bd3 | 0f85 831a 

  0x0000024b5b043860: ;   {oop(a 'java/util/concurrent/atomic/AtomicInteger'{0x00000000c0fd8c00})}
  0x0000024b5b043860: 0000 49ba | 008c fdc0 | 0000 0000 | 418b 6a0c | 83fd 010f | 8513 1d00 

  0x0000024b5b043878: ;   {oop(a 'java/lang/Class'{0x00000000c0fd86d0} = 'sun/awt/AppContext')}
  0x0000024b5b043878: 0049 bad0 | 86fd c000 | 0000 0041 | 8baa 8c00 | 0000 85ed | 0f84 ba1d | 0000 458b | 9a8c 0000 
  0x0000024b5b043898: 0045 85db | 0f84 8e18 | 0000 498b 

  0x0000024b5b0438a4: ;   {oop(a 'java/lang/StringBuffer'{0x00000000c6a19898})}
  0x0000024b5b0438a4: d349 b898 | 98a1 c600 

  0x0000024b5b0438ac: ;   {optimized virtual_call}
  0x0000024b5b0438ac: 0000 00e8 

  0x0000024b5b0438b0: ; ImmutableOopMap {[32]=Oop [56]=Oop }
                      ;*invokevirtual get {reexecute=0 rethrow=0 return_oop=1}
                      ; - sun.awt.SunToolkit::getSystemEventQueueImplPP@4 (line 1097)
                      ; - sun.awt.SunToolkit::getSystemEventQueueImplPP@3 (line 1092)
                      ; - sun.awt.SunToolkit::getSystemEventQueueImpl@0 (line 1087)
                      ; - java.awt.Toolkit::getSystemEventQueue@1 (line 1373)
                      ; - org.cef.browser.CefBrowserWr$2$1::run@323 (line 141)
  0x0000024b5b0438b0: dc29 94ff 

  0x0000024b5b0438b4: ;   {post_call_nop}
  0x0000024b5b0438b4: 0f1f 8400 | 2c0e 000b 

  0x0000024b5b0438bc: ; implicit exception: dispatches to 0x0000024b5b04619c
  0x0000024b5b0438bc: 448b 5008 

  0x0000024b5b0438c0: ;   {metadata('com/intellij/ide/IdeEventQueue')}
  0x0000024b5b0438c0: 4181 faf8 | 6619 020f | 8503 2700 | 0048 8944 | 2440 498b | 87c8 0100 | 004c 8bd0 | 4983 c248 
  0x0000024b5b0438e0: 4d3b 97d8 | 0100 000f | 83c1 1300 | 004d 8997 | c801 0000 | 410f 1882 | c000 0000 | 48c7 0001 
  0x0000024b5b043900: ;   {metadata('java/awt/event/MouseEvent')}
  0x0000024b5b043900: 0000 00c7 | 4008 e895 | 1602 4489 | 600c 4c89 | 6010 4c89 | 6018 4c89 | 6020 4c89 | 6028 4c89 
  0x0000024b5b043920: 6030 4c89 | 6038 4c89 | 6040 4889 | 4424 684c | 8b54 2420 | 458b 5220 

  0x0000024b5b043938: ; implicit exception: dispatches to 0x0000024b5b0461b4
  0x0000024b5b043938: 458b 420c | 458b 4a10 | 4c8b 5424 | 2041 8b4a | 1841 8b5a | 1041 8b7a | 0c41 8b72 | 1489 7014 
  0x0000024b5b043958: 4c8b 5424 | 2045 8b6a | 1c48 8be8 | 488b 4424 | 3848 8d55 | 0c4c 8bd8 | 4489 1a81 | fe59 0200 
  0x0000024b5b043978: 000f 849a | 0600 0081 | fe59 0200 | 007c 0c81 | feea 0300 | 000f 8c7a | 0600 0044 | 896d 1c4c 
  0x0000024b5b043998: 8b5c 2458 | 4c89 5d20 

  0x0000024b5b0439a0: ;   {oop(a 'java/lang/Class'{0x00000000c05ea5f8} = 'java/awt/GraphicsEnvironment')}
  0x0000024b5b0439a0: 49ba f8a5 | 5ec0 0000 | 0000 418b | 4278 0fb6 | 680c 85ed | 0f85 ee1b | 0000 4c8b | 5424 6845 
  0x0000024b5b0439c0: 8942 2c45 | 894a 3041 | 897a 3441 | 895a 3844 | 8b44 2460 | 4589 423c | 41c6 4228 | 0183 f904 
  0x0000024b5b0439e0: 0f83 821c | 0000 4189 | 4a40 458b | d541 83e2 | c041 f7c5 | 3f00 0080 | 0f85 2406 | 0000 4585 
  0x0000024b5b043a00: d20f 85c5 | 0b00 0085 | c90f 85bd | 0b00 004c | 8b54 2440 | 418b aa94 | 0000 0044 

  0x0000024b5b043a1c: ;   {metadata('com/intellij/util/containers/LockFreeCopyOnWriteArrayList')}
  0x0000024b5b043a1c: 8b5d 0841 | 81fb f80b | 1002 0f85 | 0719 0000 | 4c8b d54c | 8954 2430 | 458b 5a0c | 4489 5c24 
  0x0000024b5b043a3c: 2c45 8b53 | 0c45 85d2 

  0x0000024b5b043a44: ;   {oop(a 'java/util/Collections$EmptyIterator'{0x00000000c06f3598})}
  0x0000024b5b043a44: 770f 49b9 | 9835 6fc0 | 0000 0000 | e963 0000 | 004d 8b8f | c801 0000 | 4d8b d149 | 83c2 204d 
  0x0000024b5b043a64: 3b97 d801 | 0000 0f83 | 7812 0000 | 4d89 97c8 | 0100 0041 | 0f18 82c0 | 0000 0049 | c701 0100 
  0x0000024b5b043a84: ;   {metadata('com/intellij/util/containers/LockFreeCopyOnWriteArrayList$COWIterator')}
  0x0000024b5b043a84: 0000 41c7 | 4108 40dc | 2902 4589 | 610c 4d89 | 6118 41ba | ffff ffff | 4d89 5110 | 448b 5424 
  0x0000024b5b043aa4: 2c45 8951 | 1448 8b4c | 2430 4d8d | 5118 4c8b | c145 8902 | 458b 5108 

  0x0000024b5b043abc: ;   {metadata('com/intellij/util/containers/LockFreeCopyOnWriteArrayList$COWIterator')}
  0x0000024b5b043abc: 4181 fa40 | dc29 020f | 8587 1800 | 004d 8bc1 | 458b 5114 

  0x0000024b5b043ad0: ; implicit exception: dispatches to 0x0000024b5b0461f0
  0x0000024b5b043ad0: 458b 5a0c | 418b 490c | 413b cb0f | 8cc3 0000 | 0048 8b6c | 2440 448b | 5d70 4585 | db0f 8451 
  0x0000024b5b043af0: 1600 00f0 | 4983 4310 | 0148 8bd5 | 4c8b 4424 

  0x0000024b5b043b00: ;   {optimized virtual_call}
  0x0000024b5b043b00: 6866 90e8 

  0x0000024b5b043b04: ; ImmutableOopMap {rbp=Oop [32]=Oop [56]=Oop [104]=Oop }
                      ;*invokespecial attachClientIdIfNeeded {reexecute=0 rethrow=0 return_oop=1}
                      ; - com.intellij.ide.IdeEventQueue::doPostEvent@92 (line 896)
                      ; - com.intellij.ide.IdeEventQueue::postEvent@10 (line 874)
                      ; - org.cef.browser.CefBrowserWr$2$1::run@373 (line 141)
  0x0000024b5b043b04: 084c d2ff 

  0x0000024b5b043b08: ;   {post_call_nop}
  0x0000024b5b043b08: 0f1f 8400 | 8010 000c | 4885 c074 | 1548 8bd5 

  0x0000024b5b043b18: ;   {optimized virtual_call}
  0x0000024b5b043b18: 4c8b c0e8 

  0x0000024b5b043b1c: ; ImmutableOopMap {[32]=Oop [56]=Oop }
                      ;*invokespecial postEvent {reexecute=0 rethrow=0 return_oop=0}
                      ; - com.intellij.ide.IdeEventQueue::doPostEvent@109 (line 897)
                      ; - com.intellij.ide.IdeEventQueue::postEvent@10 (line 874)
                      ; - org.cef.browser.CefBrowserWr$2$1::run@373 (line 141)
  0x0000024b5b043b1c: c0b2 fffe 

  0x0000024b5b043b20: ;   {post_call_nop}
  0x0000024b5b043b20: 0f1f 8400 | 9810 000d | eb16 488b | d54c 8b44 

  0x0000024b5b043b30: ;   {optimized virtual_call}
  0x0000024b5b043b30: 2468 90e8 

  0x0000024b5b043b34: ; ImmutableOopMap {[32]=Oop [56]=Oop }
                      ;*invokespecial postEvent {reexecute=0 rethrow=0 return_oop=0}
                      ; - com.intellij.ide.IdeEventQueue::doPostEvent@116 (line 901)
                      ; - com.intellij.ide.IdeEventQueue::postEvent@10 (line 874)
                      ; - org.cef.browser.CefBrowserWr$2$1::run@373 (line 141)
  0x0000024b5b043b34: d831 6700 

  0x0000024b5b043b38: ;   {post_call_nop}
  0x0000024b5b043b38: 0f1f 8400 | b010 000e | 448b 4c24 | 604c 8b54 | 2420 458b | 5a14 4181 | fbf6 0100 | 000f 8463 
  0x0000024b5b043b58: 0b00 0048 | 81c4 a000 

  0x0000024b5b043b60: ;   {poll_return}
  0x0000024b5b043b60: 0000 5d49 | 3b67 280f | 877f 2b00 | 00c3 4c8b | 5424 6841 | 8b6a 1444 | 8d55 9c41 | 81fa 1705 
  0x0000024b5b043b80: 0000 0f82 | c903 0000 

  0x0000024b5b043b88: ; ImmutableOopMap {r8=Oop [32]=Oop [56]=Oop [64]=Oop [104]=Oop }
                      ;*ifeq {reexecute=1 rethrow=0 return_oop=0}
                      ; - (reexecute) com.intellij.ide.IdeEventQueue::doPostEvent@51 (line 881)
                      ; - com.intellij.ide.IdeEventQueue::postEvent@10 (line 874)
                      ; - org.cef.browser.CefBrowserWr$2$1::run@373 (line 141)
  0x0000024b5b043b88: 4d8b 5730 

  0x0000024b5b043b8c: ;   {poll}
  0x0000024b5b043b8c: 4185 0245 | 8b50 1445 | 8b4a 0c45 | 8b58 0c45 | 3bd9 0f8d | 3dff ffff 

  0x0000024b5b043ba4: ; implicit exception: dispatches to 0x0000024b5b046028
  0x0000024b5b043ba4: 418b 4a0c | 458b 580c | 443b d90f | 8d5b 1400 | 0045 8958 | 1041 8bdb | ffc3 4189 | 580c 443b 
  0x0000024b5b043bc4: d90f 8389 | 1400 0047 | 8b54 9a10 

  0x0000024b5b043bd0: ; implicit exception: dispatches to 0x0000024b5b04603c
  0x0000024b5b043bd0: 458b 5a08 

  0x0000024b5b043bd4: ;   {metadata('com/intellij/ide/IdeEventQueue$$Lambda+0x000000001e290dc8')}
  0x0000024b5b043bd4: 4181 fbc8 | 0d29 020f | 8483 0000 

  0x0000024b5b043be0: ;   {metadata('com/intellij/openapi/progress/util/EternalEventStealer$$Lambda+0x000000001e84b840')}
  0x0000024b5b043be0: 0041 81fb | 40b8 8402 | 747a be00 | 0000 1c49 | 03f3 4c8b 

  0x0000024b5b043bf4: ;   {metadata('kotlin/jvm/functions/Function1')}
  0x0000024b5b043bf4: 5e20 49b9 | f8a1 061e | 0000 0000 | 4d3b d974 

  0x0000024b5b043c04: ;   {metadata('kotlin/jvm/functions/Function1')}
  0x0000024b5b043c04: 5f48 b8f8 | a106 1e00 | 0000 0048 | 33ff 4c8b | 9ea8 0000 | 0049 8bd3 | 48c1 e218 | 0f89 2100 
  0x0000024b5b043c24: 0000 f348 | 0fb8 d248 | 8b5e 2848 | 3b04 d374 | 1549 0fba | e328 730b | 49c1 cb27 

  0x0000024b5b043c40: ;   {runtime_call Stub::lookup_secondary_supers_table_slow_path}
  0x0000024b5b043c40: e87e 08fe | feeb 0348 | ffc7 4885 | ff74 15ba | deff ffff 

  0x0000024b5b043c54: ;   {runtime_call UncommonTrapBlob}
  0x0000024b5b043c54: 418b eae8 

  0x0000024b5b043c58: ; ImmutableOopMap {rbp=NarrowOop }
                      ;*checkcast {reexecute=0 rethrow=0 return_oop=0}
                      ; - com.intellij.ide.IdeEventQueue::doPostEvent@32 (line 880)
                      ; - com.intellij.ide.IdeEventQueue::postEvent@10 (line 874)
                      ; - org.cef.browser.CefBrowserWr$2$1::run@373 (line 141)
  0x0000024b5b043c58: 847f 0cff 

  0x0000024b5b043c5c: ;   {post_call_nop}
  0x0000024b5b043c5c: 0f1f 8400 | d411 0010 | 4d8b ca45 

  0x0000024b5b043c68: ;   {metadata('com/intellij/ide/IdeEventQueue$$Lambda+0x000000001e290dc8')}
  0x0000024b5b043c68: 8b51 0841 | 81fa c80d | 2902 0f84 | f6fe ffff 

  0x0000024b5b043c78: ;   {metadata('com/intellij/openapi/progress/util/EternalEventStealer$$Lambda+0x000000001e84b840')}
  0x0000024b5b043c78: 4181 fa40 | b884 020f | 8403 ffff | ffba c6ff | ffff 488b | 6c24 204c | 8b54 2438 | 4c89 5424 
  0x0000024b5b043c98: 204c 8b54 | 2458 4c89 | 5424 304c | 8b54 2440 | 4c89 5424 | 384c 8944 | 2448 4c89 

  0x0000024b5b043cb4: ;   {runtime_call UncommonTrapBlob}
  0x0000024b5b043cb4: 4c24 50e8 

  0x0000024b5b043cb8: ; ImmutableOopMap {rbp=Oop [32]=Oop [56]=Oop [72]=Oop [80]=Oop [104]=Oop }
                      ;*invokeinterface invoke {reexecute=0 rethrow=0 return_oop=0}
                      ; - com.intellij.ide.IdeEventQueue::doPostEvent@40 (line 881)
                      ; - com.intellij.ide.IdeEventQueue::postEvent@10 (line 874)
                      ; - org.cef.browser.CefBrowserWr$2$1::run@373 (line 141)
  0x0000024b5b043cb8: 247f 0cff 

  0x0000024b5b043cbc: ;   {post_call_nop}
  0x0000024b5b043cbc: 0f1f 8400 | 3412 0011 | c4e1 f97e | d744 8bc6 | c5f9 7ed9 | c4c1 797e | eb44 8bca | 453b cd0f 
  0x0000024b5b043cdc: 8c8b 0100 | 0045 3bcd | 0f84 2bf4 | ffff 418b 

  0x0000024b5b043cec: ;   {oop("tr"{0x00000000c8ca5000})}
  0x0000024b5b043cec: 6a10 81fd | 0050 cac8 | 0f84 b21a 

  0x0000024b5b043cf8: ;   {oop("az"{0x00000000c8ca5018})}
  0x0000024b5b043cf8: 0000 81fd | 1850 cac8 | 0f84 e21a 

  0x0000024b5b043d04: ;   {oop("lt"{0x00000000c8ca5030})}
  0x0000024b5b043d04: 0000 81fd | 3050 cac8 | 0f84 121b | 0000 453b | e90f 82f9 | 1900 004d | 63d5 4983 | c217 498b 
  0x0000024b5b043d24: fa48 83e7 | f841 81fd | 0000 1000 | 0f87 9410 | 0000 498b | 9fc8 0100 | 0048 8bcb | 4803 cf49 
  0x0000024b5b043d44: 3b8f d801 | 0000 0f83 | 7a10 0000 | 4989 8fc8 | 0100 000f | 1881 c000 | 0000 48c7 | 0301 0000 
  0x0000024b5b043d64: 000f 1881 | 0001 0000 

  0x0000024b5b043d6c: ;   {metadata({type array byte})}
  0x0000024b5b043d6c: c743 0800 | 6635 0044 | 896b 0c0f | 1881 4001 | 0000 0f18 | 8180 0100 | 0048 8bd3 | 4883 c210 
  0x0000024b5b043d8c: 49c1 ea03 | 4585 c90f | 840f 1900 | 0045 3bcd | 0f8c ed0c | 0000 4889 | 5c24 4844 | 894c 2440 
  0x0000024b5b043dac: 4489 7424 | 2c45 8bf5 | 418b eb45 | 8be8 c4e1 | f97e cec4 | e1f9 7ec3 | 4883 c7f0 | 48c1 ef03 
  0x0000024b5b043dcc: 4c8b c748 

  0x0000024b5b043dd0: ;   {runtime_call Stub::jlong_disjoint_arraycopy}
  0x0000024b5b043dd0: 8bc8 49ba | 4026 025a | 4b02 0000 

  0x0000024b5b043ddc: ;   {post_call_nop}
  0x0000024b5b043ddc: 41ff d20f | 1f84 0000 | 0000 00c4 | e1f9 6ec3 | c4e1 f96e | ce45 8bc5 | 448b dd45 | 8bee 448b 
  0x0000024b5b043dfc: 7424 2c44 | 8b4c 2440 | 488b 5c24 | 4845 3bcd | 0f8d 3bf3 | ffff 453b | cd0f 8335 | 1900 0045 
  0x0000024b5b043e1c: 3bf5 0f83 | 2c19 0000 | 418b d1ff | c249 63f1 | 410f b64c | 3310 83f9 | 410f 8cc3 | 0100 0044 
  0x0000024b5b043e3c: 8bd1 4183 | ca20 4183 | fa7a 0f8f | 890b 0000 | 4488 5433 | 1041 ffc1 | 443b ca7c | d045 3bce 
  0x0000024b5b043e5c: 0f8d b8f2 | ffff b8d0 | 0700 00e9 | 55f2 ffff | 430f b65c | 0b10 0fb7 | 5c5d 10f6 | c302 0f85 
  0x0000024b5b043e7c: 8cf2 ffff | 41ff c145 | 3bcd 7ce4 | 453b cd0f | 8484 f2ff | ffe9 54fe | ffff 418b | 520c d1fa 
  0x0000024b5b043e9c: 83fa 090f | 8ca9 f3ff | ff4d 8bda | 498d 7a10 | c4e2 7930 | 16b8 0900 | 0000 488b | dfeb 20c4 
  0x0000024b5b043ebc: e279 3016 | 48f7 d82b | d083 c209 | b809 0000 | 00ff ca3b | d00f 8827 | 0000 0048 | 83c3 02c4 
  0x0000024b5b043edc: ;   {other}
  0x0000024b5b043edc: e379 6113 | 0d72 0f83 | ea08 7e16 | 3bd0 7812 | 4883 c310 | ebe9 701c | 488d 1c4b | 2bd1 3bd0 
  0x0000024b5b043efc: 7d0a bbff | ffff ffe9 | 4400 0000 | c4e3 7961 | 130d 71b3 | 48f7 d848 | 83c0 0883 | ea08 83f8 
  0x0000024b5b043f1c: f87e 0d03 | d083 c208 | b808 0000 | 0048 f7d8 | c4e2 7930 | 5406 09c4 | e379 6154 | 4312 0d0f 
  0x0000024b5b043f3c: 817a ffff | ff48 83c0 | 0878 d048 | 2bdf d1eb | e9fd f2ff | ff83 fd65 | 0f8f 9814 | 0000 4c8b 
  0x0000024b5b043f5c: 5424 6845 | 8b52 0c45 | 8b4a 0841 | bb00 0000 | 1c4d 03d9 | 4d8b 5b38 

  0x0000024b5b043f74: ;   {metadata('java/awt/Component')}
  0x0000024b5b043f74: 49b9 e887 | 0d1e 0000 | 0000 4d3b | d90f 8545 | 1900 0049 | 8bea eb07 | 0f1f 4000 | 498b eb44 
  0x0000024b5b043f94: 8b5d 0841 | ba00 0000 | 1c4d 03d3 | 4d8b 5248 

  0x0000024b5b043fa4: ;   {metadata('javax/swing/CellRendererPane')}
  0x0000024b5b043fa4: 49bb a0af | 261e 0000 | 0000 4d3b | d30f 84d9 | 1000 004d | 8b57 3044 

  0x0000024b5b043fbc: ; ImmutableOopMap {r11=NarrowOop r8=Oop [32]=Oop [56]=Oop [64]=Oop [104]=Oop }
                      ;*goto {reexecute=1 rethrow=0 return_oop=0}
                      ; - (reexecute) com.intellij.ui.ComponentUtil::getParentOfType@28 (line 124)
                      ; - com.intellij.ide.IdeEventQueueKt::skipMoveResizeEvents@66 (line 1040)
                      ; - com.intellij.ide.IdeEventQueueKt::access$skipMoveResizeEvents@1 (line 1)
                      ; - com.intellij.ide.IdeEventQueue::_init_$lambda$2@8 (line 204)
                      ; - com.intellij.ide.IdeEventQueue$$Lambda/0x000000001e290dc8::invoke@4
                      ; - com.intellij.ide.IdeEventQueue::doPostEvent@40 (line 881)
                      ; - com.intellij.ide.IdeEventQueue::postEvent@10 (line 874)
                      ; - org.cef.browser.CefBrowserWr$2$1::run@373 (line 141)
                      ;   {poll}
  0x0000024b5b043fbc: 8b5d 4441 | 8502 4585 | db75 c9e9 | bcfb ffff | 4533 c0e9 | 41f1 ffff | 8d8f 20ff | ffff 83f9 
  0x0000024b5b043fdc: 1f73 0c81 | fff7 0000 | 000f 8585 | f0ff ff41 | 8bfa e97d | f0ff ff45 | 33c0 4533 | c9e9 0ef1 
  0x0000024b5b043ffc: ffff 448b | d1e9 46fe | ffff 8bf9 | e933 f1ff | ff81 fee9 | 0300 000f | 85e3 1800 | 00c6 4518 
  0x0000024b5b04401c: 01e9 71f9 | ffff 4585 | d20f 85e4 | f9ff ff48 | 8b54 2468 

  0x0000024b5b044030: ;   {optimized virtual_call}
  0x0000024b5b044030: 6666 90e8 

  0x0000024b5b044034: ; ImmutableOopMap {[32]=Oop [56]=Oop [64]=Oop [104]=Oop }
                      ;*invokevirtual setNewModifiers {reexecute=0 rethrow=0 return_oop=0}
                      ; - java.awt.event.MouseEvent::<init>@175 (line 795)
                      ; - org.cef.browser.CefBrowserWr$2$1::run@370 (line 141)
  0x0000024b5b044034: a8ad fffe 

  0x0000024b5b044038: ;   {post_call_nop}
  0x0000024b5b044038: 0f1f 8400 | b015 0013 | e9ca f9ff | ffc5 fb11 | 4c24 48c5 | fb11 4424 | 4044 8b4c | 2428 4489 
  0x0000024b5b044058: 4c24 304c | 8b44 2438 | 4c89 4424 | 2848 8b6c | 2420 4d8b | c34c 8bc9 

  0x0000024b5b044070: ;   {static_call}
  0x0000024b5b044070: 488b d7e8 

  0x0000024b5b044074: ; ImmutableOopMap {rbp=Oop [40]=Oop }
                      ;*invokestatic toLowerCase {reexecute=0 rethrow=0 return_oop=1}
                      ; - java.lang.String::toLowerCase@25 (line 3705)
                      ; - java.lang.String::toLowerCase@4 (line 3728)
                      ; - com.jetbrains.cef.JdkEx::isJetBrainsJDK@11 (line 108)
                      ; - org.cef.browser.CefBrowserWr$2$1::run@42 (line 117)
  0x0000024b5b044074: 68b3 fffe 

  0x0000024b5b044078: ;   {post_call_nop}
  0x0000024b5b044078: 0f1f 8400 | f015 0014 | 4885 c00f | 845f 1a00 | 0045 33c0 | 4889 6c24 | 204c 8b54 | 2428 4c89 
  0x0000024b5b044098: 5424 3844 | 8b54 2430 | 4489 5424 | 28c5 fb10 | 4424 40c5 | fb10 4c24 | 48e9 def0 | ffff 85ff 
  0x0000024b5b0440b8: 0f8f 761b 

  0x0000024b5b0440bc: ;   {static_call}
  0x0000024b5b0440bc: 0000 90e8 

  0x0000024b5b0440c0: ; ImmutableOopMap {[32]=Oop [56]=Oop }
                      ;*invokestatic getDefaultToolkit {reexecute=0 rethrow=0 return_oop=1}
                      ; - org.cef.browser.CefBrowserWr$2$1::run@252 (line 137)
  0x0000024b5b0440c0: bc3c 9cff 

  0x0000024b5b0440c4: ;   {post_call_nop}
  0x0000024b5b0440c4: 0f1f 8400 | 3c16 0015 

  0x0000024b5b0440cc: ; implicit exception: dispatches to 0x0000024b5b0463d4
  0x0000024b5b0440cc: 448b 5808 | 41ba 0000 | 001c 4d03 | d34d 8b52 

  0x0000024b5b0440dc: ;   {metadata('sun/awt/SunToolkit')}
  0x0000024b5b0440dc: 4049 bbd8 | 380d 1e00 | 0000 004d | 3bd3 0f85 | 341a 0000 

  0x0000024b5b0440f0: ;   {oop(a 'java/util/concurrent/atomic/AtomicInteger'{0x00000000c0fd8c00})}
  0x0000024b5b0440f0: 49ba 008c | fdc0 0000 | 0000 418b | 6a0c 83fd | 010f 85dd 

  0x0000024b5b044104: ;   {oop(a 'java/lang/Class'{0x00000000c0fd86d0} = 'sun/awt/AppContext')}
  0x0000024b5b044104: 1a00 0049 | bad0 86fd | c000 0000 | 0041 8baa | 8c00 0000 | 85ed 0f84 | 301b 0000 | 458b 928c 
  0x0000024b5b044124: 0000 0045 | 85d2 0f84 | cc19 0000 

  0x0000024b5b044130: ;   {oop(a 'java/lang/StringBuffer'{0x00000000c6a19898})}
  0x0000024b5b044130: 498b d249 | b898 98a1 | c600 0000 

  0x0000024b5b04413c: ;   {optimized virtual_call}
  0x0000024b5b04413c: 0066 90e8 

  0x0000024b5b044140: ; ImmutableOopMap {[32]=Oop [56]=Oop }
                      ;*invokevirtual get {reexecute=0 rethrow=0 return_oop=1}
                      ; - sun.awt.SunToolkit::getSystemEventQueueImplPP@4 (line 1097)
                      ; - sun.awt.SunToolkit::getSystemEventQueueImplPP@3 (line 1092)
                      ; - sun.awt.SunToolkit::getSystemEventQueueImpl@0 (line 1087)
                      ; - java.awt.Toolkit::getSystemEventQueue@1 (line 1373)
                      ; - org.cef.browser.CefBrowserWr$2$1::run@255 (line 137)
  0x0000024b5b044140: 4c21 94ff 

  0x0000024b5b044144: ;   {post_call_nop}
  0x0000024b5b044144: 0f1f 8400 | bc16 0016 

  0x0000024b5b04414c: ; implicit exception: dispatches to 0x0000024b5b0463e8
  0x0000024b5b04414c: 448b 5808 

  0x0000024b5b044150: ;   {metadata('com/intellij/ide/IdeEventQueue')}
  0x0000024b5b044150: 4181 fbf8 | 6619 020f | 851b 1e00 | 004c 8bd8 | 4d8b 87c8 | 0100 004d | 8bd0 4983 | c258 4d3b 
  0x0000024b5b044170: 97d8 0100 | 000f 8305 | 1200 004c | 895c 2440 | 4d89 97c8 | 0100 0041 | 0f18 82c0 | 0000 0049 
  0x0000024b5b044190: c700 0100 

  0x0000024b5b044194: ;   {metadata('java/awt/event/MouseWheelEvent')}
  0x0000024b5b044194: 0000 41c7 | 4008 1899 | 1602 4589 | 600c 4d8b | d0b9 0900 | 0000 498b | f848 83c7 | 10c5 fd57 
  0x0000024b5b0441b4: c0e9 0d00 | 0000 c5fe | 7f07 c5fe | 7f47 2048 | 83c7 4048 | 83e9 087d | ed48 83c1 | 047c 0cc5 
  0x0000024b5b0441d4: fe7f 0748 | 83c7 2048 | 83e9 0448 | 83c1 047e | 1048 ffc9 | c5f9 d607 | 4883 c708 | 48ff c97d 
  0x0000024b5b0441f4: f34d 8bc2 | 4c8b 4c24 | 2045 8b51 | 2045 8b5a | 0c4c 8944 | 2448 458b | 4210 458b | d045 8b41 
  0x0000024b5b044214: 1c45 8bc8 | 4c8b 4424 | 2041 8b48 | 1444 8bc1 | 488b 4c24 | 4844 8941 | 1448 8b54 | 2448 488b 
  0x0000024b5b044234: 7424 3848 | 8d7a 0c48 | 8bde 891f | 488b cf48 | 33ce 48c1 | e914 0f84 | 1d00 0000 | 488b cf48 
  0x0000024b5b044254: c1e9 0948 | bb00 00a7 | 6a4b 0200 | 0048 03cb | 8039 020f | 85f1 2300 | 0041 8bc8 | 81f9 5902 
  0x0000024b5b044274: 0000 0f84 | 5309 0000 | 81f9 5902 | 0000 7c0c | 81f9 ea03 | 0000 0f8c | 3309 0000 | 4489 4a1c 
  0x0000024b5b044294: ;   {other}
  0x0000024b5b044294: 488b 5c24 | 5848 895a 

  0x0000024b5b04429c: ;   {oop(a 'java/lang/Class'{0x00000000c05ea5f8} = 'java/awt/GraphicsEnvironment')}
  0x0000024b5b04429c: 2048 b9f8 | a55e c000 | 0000 008b | 4978 0fb6 | 690c 85ed | 0f85 4219 | 0000 4489 | 5230 4489 
  0x0000024b5b0442bc: 5a2c c642 | 2801 458b | d941 83e3 | c041 f7c1 | 3f00 0080 | 0f85 b409 | 0000 4585 | db0f 852d 
  0x0000024b5b0442dc: 0a00 004c | 8bd2 4c8b | 4424 4041 | 8ba8 9400 | 0000 41c7 | 4254 ffff | ffff 41c7 | 4250 0300 
  0x0000024b5b0442fc: 0000 4589 

  0x0000024b5b044300: ;   {section_word}
  0x0000024b5b044300: 6244 c5fb | 1005 7ee8 | ffff c4c1 | 7b11 4248 

  0x0000024b5b044310: ; implicit exception: dispatches to 0x0000024b5b046414
  0x0000024b5b044310: 448b 5d08 

  0x0000024b5b044314: ;   {metadata('com/intellij/util/containers/LockFreeCopyOnWriteArrayList')}
  0x0000024b5b044314: 4181 fbf8 | 0b10 020f | 851f 1800 | 004c 8954 | 2448 4c8b | d545 8b5a | 0c44 895c | 242c 4c89 
  0x0000024b5b044334: 5424 3045 | 8b53 0c45 | 85d2 770f 

  0x0000024b5b044340: ;   {oop(a 'java/util/Collections$EmptyIterator'{0x00000000c06f3598})}
  0x0000024b5b044340: 48bb 9835 | 6fc0 0000 | 0000 e966 | 0000 004d | 8b97 c801 | 0000 4d8b | da49 83c3 | 204d 3b9f 
  0x0000024b5b044360: d801 0000 | 0f83 0611 | 0000 4d89 | 9fc8 0100 | 0041 0f18 | 83c0 0000 | 0049 c702 | 0100 0000 
  0x0000024b5b044380: ;   {metadata('com/intellij/util/containers/LockFreeCopyOnWriteArrayList$COWIterator')}
  0x0000024b5b044380: 41c7 4208 | 40dc 2902 | 4589 620c | 4d89 6218 | 41bb ffff | ffff 4d89 | 5a10 448b | 5c24 2c45 
  0x0000024b5b0443a0: 895a 1448 | 8b4c 2430 | 4d8d 5a18 | 4c8b c945 | 890b 498b | da44 8b53 

  0x0000024b5b0443b8: ;   {metadata('com/intellij/util/containers/LockFreeCopyOnWriteArrayList$COWIterator')}
  0x0000024b5b0443b8: 0841 81fa | 40dc 2902 | 0f85 a617 | 0000 8b7b | 1444 8b57 | 0c44 8b43 | 0c45 3bc2 | 0f8c 9e00 
  0x0000024b5b0443d8: 0000 488b | 4c24 484c | 8b54 2440 | 458b 5a70 | 4585 db0f | 841f 1700 | 0048 894c | 2428 488b 
  0x0000024b5b0443f8: 6c24 40f0 | 4983 4310 | 0148 8b54 | 2440 4c8b 

  0x0000024b5b044408: ;   {optimized virtual_call}
  0x0000024b5b044408: c166 90e8 

  0x0000024b5b04440c: ; ImmutableOopMap {rbp=Oop [32]=Oop [40]=Oop [56]=Oop }
                      ;*invokespecial attachClientIdIfNeeded {reexecute=0 rethrow=0 return_oop=1}
                      ; - com.intellij.ide.IdeEventQueue::doPostEvent@92 (line 896)
                      ; - com.intellij.ide.IdeEventQueue::postEvent@10 (line 874)
                      ; - org.cef.browser.CefBrowserWr$2$1::run@297 (line 137)
  0x0000024b5b04440c: 0043 d2ff 

  0x0000024b5b044410: ;   {post_call_nop}
  0x0000024b5b044410: 0f1f 8400 | 8819 0017 | 4885 c074 | 1548 8bd5 

  0x0000024b5b044420: ;   {optimized virtual_call}
  0x0000024b5b044420: 4c8b c0e8 

  0x0000024b5b044424: ; ImmutableOopMap {[32]=Oop [56]=Oop }
                      ;*invokespecial postEvent {reexecute=0 rethrow=0 return_oop=0}
                      ; - com.intellij.ide.IdeEventQueue::doPostEvent@109 (line 897)
                      ; - com.intellij.ide.IdeEventQueue::postEvent@10 (line 874)
                      ; - org.cef.browser.CefBrowserWr$2$1::run@297 (line 137)
  0x0000024b5b044424: b8a9 fffe 

  0x0000024b5b044428: ;   {post_call_nop}
  0x0000024b5b044428: 0f1f 8400 | a019 0018 | eb16 488b | d54c 8b44 

  0x0000024b5b044438: ;   {optimized virtual_call}
  0x0000024b5b044438: 2428 90e8 

  0x0000024b5b04443c: ; ImmutableOopMap {[32]=Oop [56]=Oop }
                      ;*invokespecial postEvent {reexecute=0 rethrow=0 return_oop=0}
                      ; - com.intellij.ide.IdeEventQueue::doPostEvent@116 (line 901)
                      ; - com.intellij.ide.IdeEventQueue::postEvent@10 (line 874)
                      ; - org.cef.browser.CefBrowserWr$2$1::run@297 (line 137)
  0x0000024b5b04443c: d028 6700 

  0x0000024b5b044440: ;   {post_call_nop}
  0x0000024b5b044440: 0f1f 8400 | b819 0019 | 4533 c9e9 | f5f6 ffff | 488b 4c24 | 484d 8b47 

  0x0000024b5b044458: ; ImmutableOopMap {r10=Oop rcx=Oop [32]=Oop [56]=Oop [64]=Oop }
                      ;*ifeq {reexecute=1 rethrow=0 return_oop=0}
                      ; - (reexecute) com.intellij.ide.IdeEventQueue::doPostEvent@51 (line 881)
                      ; - com.intellij.ide.IdeEventQueue::postEvent@10 (line 874)
                      ; - org.cef.browser.CefBrowserWr$2$1::run@297 (line 137)
                      ;   {poll}
  0x0000024b5b044458: 3041 8500 | 498b da8b | 7b14 448b | 5f0c 448b | 530c 453b | d30f 8d6c | ffff ff48 | 894c 2448 
  0x0000024b5b044478: ; implicit exception: dispatches to 0x0000024b5b04637c
  0x0000024b5b044478: 448b 4f0c | 8b6b 0c41 | 3be9 0f8d | a815 0000 | 896b 104c | 8bd3 8bcd | ffc1 894b | 0c41 3be9 
  0x0000024b5b044498: 0f83 de15 | 0000 8b6c | af10 448b 

  0x0000024b5b0444a4: ;   {metadata('com/intellij/ide/IdeEventQueue$$Lambda+0x000000001e290dc8')}
  0x0000024b5b0444a4: 4508 4181 | f8c8 0d29 | 020f 8481 

  0x0000024b5b0444b0: ;   {metadata('com/intellij/openapi/progress/util/EternalEventStealer$$Lambda+0x000000001e84b840')}
  0x0000024b5b0444b0: 0000 0041 | 81f8 40b8 | 8402 7478 | be00 0000 | 1c49 03f0 | 4c8b 5e20 

  0x0000024b5b0444c8: ;   {metadata('kotlin/jvm/functions/Function1')}
  0x0000024b5b0444c8: 49b8 f8a1 | 061e 0000 | 0000 4d3b 

  0x0000024b5b0444d4: ;   {metadata('kotlin/jvm/functions/Function1')}
  0x0000024b5b0444d4: d874 5d48 | b8f8 a106 | 1e00 0000 | 0048 33ff | 4c8b 9ea8 | 0000 0049 | 8bd3 48c1 | e218 0f89 
  0x0000024b5b0444f4: 2100 0000 | f348 0fb8 | d248 8b5e | 2848 3b04 | d374 1549 | 0fba e328 | 730b 49c1 

  0x0000024b5b044510: ;   {runtime_call Stub::lookup_secondary_supers_table_slow_path}
  0x0000024b5b044510: cb27 e8ac | fffd feeb | 0348 ffc7 | 4885 ff74 | 13ba deff 

  0x0000024b5b044524: ;   {runtime_call UncommonTrapBlob}
  0x0000024b5b044524: ffff 90e8 

  0x0000024b5b044528: ; ImmutableOopMap {rbp=NarrowOop }
                      ;*checkcast {reexecute=0 rethrow=0 return_oop=0}
                      ; - com.intellij.ide.IdeEventQueue::doPostEvent@32 (line 880)
                      ; - com.intellij.ide.IdeEventQueue::postEvent@10 (line 874)
                      ; - org.cef.browser.CefBrowserWr$2$1::run@297 (line 137)
  0x0000024b5b044528: b476 0cff 

  0x0000024b5b04452c: ;   {post_call_nop}
  0x0000024b5b04452c: 0f1f 8400 | a41a 001b | 448b 5d08 

  0x0000024b5b044538: ;   {metadata('com/intellij/ide/IdeEventQueue$$Lambda+0x000000001e290dc8')}
  0x0000024b5b044538: 4181 fbc8 | 0d29 0275 | 5248 8b4c | 2448 8b69 | 1444 8d5d | 9c41 81fb | 1705 0000 | 0f83 fbfe 
  0x0000024b5b044558: ffff 83fd | 650f 8f45 | 1600 0044 | 8b59 0c45 | 8b4b 0841 | b800 0000 | 1c4d 03c1 | 4d8b 4038 
  0x0000024b5b044578: ;   {metadata('java/awt/Component')}
  0x0000024b5b044578: 49b9 e887 | 0d1e 0000 | 0000 4d3b | c10f 85b5 | 1700 0049 | 8beb e900 

  0x0000024b5b044590: ;   {metadata('com/intellij/openapi/progress/util/EternalEventStealer$$Lambda+0x000000001e84b840')}
  0x0000024b5b044590: 0400 0041 | 81fb 40b8 | 8402 0f84 | b0fe ffff | bac6 ffff | ff4c 8b5c | 2438 4c89 | 5c24 284c 
  0x0000024b5b0445b0: 8b5c 2440 | 4c89 5c24 | 384c 8954 

  0x0000024b5b0445bc: ;   {runtime_call UncommonTrapBlob}
  0x0000024b5b0445bc: 2450 90e8 

  0x0000024b5b0445c0: ; ImmutableOopMap {rbp=Oop [32]=Oop [40]=Oop [56]=Oop [72]=Oop [80]=Oop }
                      ;*invokeinterface invoke {reexecute=0 rethrow=0 return_oop=0}
                      ; - com.intellij.ide.IdeEventQueue::doPostEvent@40 (line 881)
                      ; - com.intellij.ide.IdeEventQueue::postEvent@10 (line 874)
                      ; - org.cef.browser.CefBrowserWr$2$1::run@297 (line 137)
  0x0000024b5b0445c0: 1c76 0cff 

  0x0000024b5b0445c4: ;   {post_call_nop}
  0x0000024b5b0445c4: 0f1f 8400 | 3c1b 001c | 83f9 030f | 8fb3 1600 | 0045 8bd5 | 4183 ca10 | 81fe f501 | 0000 0f84 
  0x0000024b5b0445e4: 0e04 0000 | 81fe f601 | 0000 0f84 | 0204 0000 | 81fe f401 | 0000 0f84 | f603 0000 | 41f7 c500 
  0x0000024b5b044604: 0400 000f | 8475 0400 | 004c 8b44 | 2468 4589 | 501c 41f7 | c200 0800 | 0074 0841 | 83ca 0845 
  0x0000024b5b044624: 8950 1c41 | f7c2 0010 | 0000 7408 | 4183 ca04 | 4589 501c | 41f7 c200 | 0200 0074 | 0841 83ca 
  0x0000024b5b044644: 0845 8950 | 1c41 f7c2 | 0001 0000 | 7408 4183 | ca04 4589 | 501c 41f6 | c240 7408 | 4183 ca01 
  0x0000024b5b044664: 4589 501c | 41f7 c280 | 0000 0074 | 0841 83ca | 0245 8950 | 1c41 f7c2 | 0020 0000 | 7408 4183 
  0x0000024b5b044684: ca20 4589 | 501c 4c89 | 4424 68e9 | 7bf3 ffff | 448b df85 | ff0f 8419 | 1600 0044 | 8bd2 458b 
  0x0000024b5b0446a4: 430c 453b | d00f 83b5 | 1500 0047 | 8b54 9310 | 4489 5424 | 60e9 4ef0 | ffff 4489 

  0x0000024b5b0446c0: ;   {static_call}
  0x0000024b5b0446c0: 4c24 30e8 

  0x0000024b5b0446c4: ; ImmutableOopMap {[32]=Oop [56]=Oop }
                      ;*invokestatic getDefaultToolkit {reexecute=0 rethrow=0 return_oop=1}
                      ; - org.cef.browser.CefBrowserWr$2$1::run@386 (line 147)
  0x0000024b5b0446c4: b836 9cff 

  0x0000024b5b0446c8: ;   {post_call_nop}
  0x0000024b5b0446c8: 0f1f 8400 | 401c 001d 

  0x0000024b5b0446d0: ; implicit exception: dispatches to 0x0000024b5b0464c4
  0x0000024b5b0446d0: 448b 5808 | 41ba 0000 | 001c 4d03 | d34d 8b52 

  0x0000024b5b0446e0: ;   {metadata('sun/awt/SunToolkit')}
  0x0000024b5b0446e0: 4049 bbd8 | 380d 1e00 | 0000 004d | 3bd3 0f85 | f015 0000 

  0x0000024b5b0446f4: ;   {oop(a 'java/util/concurrent/atomic/AtomicInteger'{0x00000000c0fd8c00})}
  0x0000024b5b0446f4: 49ba 008c | fdc0 0000 | 0000 418b | 6a0c 83fd | 010f 8519 

  0x0000024b5b044708: ;   {oop(a 'java/lang/Class'{0x00000000c0fd86d0} = 'sun/awt/AppContext')}
  0x0000024b5b044708: 1700 0049 | bad0 86fd | c000 0000 | 0041 8baa | 8c00 0000 | 85ed 0f84 | c817 0000 | 458b 928c 
  0x0000024b5b044728: 0000 0045 | 85d2 0f84 | 9c15 0000 

  0x0000024b5b044734: ;   {oop(a 'java/lang/StringBuffer'{0x00000000c6a19898})}
  0x0000024b5b044734: 498b d249 | b898 98a1 | c600 0000 

  0x0000024b5b044740: ;   {optimized virtual_call}
  0x0000024b5b044740: 0066 90e8 

  0x0000024b5b044744: ; ImmutableOopMap {[32]=Oop [56]=Oop }
                      ;*invokevirtual get {reexecute=0 rethrow=0 return_oop=1}
                      ; - sun.awt.SunToolkit::getSystemEventQueueImplPP@4 (line 1097)
                      ; - sun.awt.SunToolkit::getSystemEventQueueImplPP@3 (line 1092)
                      ; - sun.awt.SunToolkit::getSystemEventQueueImpl@0 (line 1087)
                      ; - java.awt.Toolkit::getSystemEventQueue@1 (line 1373)
                      ; - org.cef.browser.CefBrowserWr$2$1::run@389 (line 147)
  0x0000024b5b044744: 481b 94ff 

  0x0000024b5b044748: ;   {post_call_nop}
  0x0000024b5b044748: 0f1f 8400 | c01c 001e | 4c8b d044 

  0x0000024b5b044754: ;   {metadata('com/intellij/ide/IdeEventQueue')}
  0x0000024b5b044754: 8b58 0841 | 81fb f866 | 1902 0f85 | 9418 0000 | 4c89 5424 | 2849 8b87 | c801 0000 | 4c8b d049 
  0x0000024b5b044774: 83c2 484d | 3b97 d801 | 0000 0f83 | f010 0000 | 4d89 97c8 | 0100 0041 | 0f18 82c0 | 0000 0048 
  0x0000024b5b044794: c700 0100 

  0x0000024b5b044798: ;   {metadata('java/awt/event/MouseEvent')}
  0x0000024b5b044798: 0000 c740 | 08e8 9516 | 0244 8960 | 0c4c 8960 | 104c 8960 | 184c 8960 | 204c 8960 | 284c 8960 
  0x0000024b5b0447b8: 304c 8960 | 384c 8960 | 404c 8bd0 | 4c89 5424 | 5048 8b4c | 2420 448b | 5920 458b | 4b0c 4c8b 
  0x0000024b5b0447d8: 5424 584c | 8b44 2450 | 4d89 5020 | 4d8b d041 | c742 14f4 | 0100 0045 

  0x0000024b5b0447f0: ;   {oop(a 'java/lang/Class'{0x00000000c05ea5f8} = 'java/awt/GraphicsEnvironment')}
  0x0000024b5b0447f0: 8b5b 1049 | baf8 a55e | c000 0000 | 0045 8b52 | 7844 8b41 | 188b 5910 | 8b51 1c48 | 8b7c 2450 
  0x0000024b5b044810: 8957 1c8b | 490c 488b | 6c24 384c | 8b6c 2450 | 498d 750c | 488b c589 | 0641 0fb6 | 6a0c 85ed 
  0x0000024b5b044830: 0f85 0a16 | 0000 448b | 5424 3045 | 8955 3c4d | 8bd5 4189 | 5a38 4189 | 4a34 4589 | 4a2c 4589 
  0x0000024b5b044850: 5a30 41c6 | 4228 0141 | 83f8 040f | 83a7 1600 | 0045 8942 | 4044 8bd2 | 4183 e2c0 | f7c2 3f00 
  0x0000024b5b044870: 0080 0f85 | cf06 0000 | 4585 d20f | 85e4 0600 | 0045 85c0 | 0f85 db06 | 0000 488b | 5424 284c 
  0x0000024b5b044890: 8b44 2450 

  0x0000024b5b044894: ;   {optimized virtual_call}
  0x0000024b5b044894: 6666 90e8 

  0x0000024b5b044898: ; ImmutableOopMap {}
                      ;*invokevirtual postEvent {reexecute=0 rethrow=0 return_oop=0}
                      ; - org.cef.browser.CefBrowserWr$2$1::run@438 (line 147)
  0x0000024b5b044898: f40f 2800 

  0x0000024b5b04489c: ;   {post_call_nop}
  0x0000024b5b04489c: 0f1f 8400 | 141e 001f | e9b2 f2ff 

  0x0000024b5b0448a8: ;   {runtime_call}
  0x0000024b5b0448a8: ff49 ba80 | c9a4 7bfb | 7f00 0041 

  0x0000024b5b0448b4: ;   {post_call_nop}
  0x0000024b5b0448b4: ffd2 0f1f | 8400 0000 | 0000 4889 | 4424 4844 | 8b54 2440 | 443b d30f | 8343 1400 | 0044 8b44 
  0x0000024b5b0448d4: 2434 448b | 5c24 404b | 3b44 d810 | 7f1f 448b | 5f0c 448b | 5424 4045 | 3bd3 0f83 | 8815 0000 
  0x0000024b5b0448f4: 448b df42 | ff44 9710 | e9a1 fdff | ff44 8b5c | 2430 498b 

  0x0000024b5b044908: ;   {static_call}
  0x0000024b5b044908: eb66 90e8 

  0x0000024b5b04490c: ; ImmutableOopMap {rbp=Oop [32]=Oop [48]=NarrowOop [52]=NarrowOop [56]=Oop }
                      ;*invokestatic getDefaultToolkit {reexecute=0 rethrow=0 return_oop=1}
                      ; - org.cef.browser.CefBrowserWr$2::getClickCount@67 (line 164)
                      ; - org.cef.browser.CefBrowserWr$2$1::run@315 (line 140)
  0x0000024b5b04490c: 7034 9cff 

  0x0000024b5b044910: ;   {post_call_nop}
  0x0000024b5b044910: 0f1f 8400 | 881e 0020 | 4885 c00f | 848b 1500 

  0x0000024b5b044920: ;   {oop("awt.multiClickInterval"{0x00000000d46df028})}
  0x0000024b5b044920: 0049 b828 | f06d d400 | 0000 0048 

  0x0000024b5b04492c: ;   {optimized virtual_call}
  0x0000024b5b04492c: 8bd0 90e8 

  0x0000024b5b044930: ; ImmutableOopMap {rbp=Oop [32]=Oop [48]=NarrowOop [52]=NarrowOop [56]=Oop }
                      ;*invokevirtual getDesktopProperty {reexecute=0 rethrow=0 return_oop=1}
                      ; - org.cef.browser.CefBrowserWr$2::getClickCount@72 (line 164)
                      ; - org.cef.browser.CefBrowserWr$2$1::run@315 (line 140)
  0x0000024b5b044930: 5c1d 6f00 

  0x0000024b5b044934: ;   {post_call_nop}
  0x0000024b5b044934: 0f1f 8400 | ac1e 0021 | 4c8b d044 

  0x0000024b5b044940: ;   {metadata('java/lang/Integer')}
  0x0000024b5b044940: 8b40 0841 | 81f8 a89f | 3800 0f85 | 4416 0000 | 4d63 520c | 4c03 5424 | 4844 8b5c | 2434 448b 
  0x0000024b5b044960: 4c24 404f | 8954 cb10 | 448b 5424 | 3045 8b5a | 1445 8b53 | 0c45 3bca | 0f83 4215 | 0000 458b 
  0x0000024b5b044980: d143 c744 | 9310 0100 | 0000 e913 | fdff ff90 | 498b e944 | 8b45 0841 | bb00 0000 | 1c4d 03d8 
  0x0000024b5b0449a0: 4d8b 5b48 

  0x0000024b5b0449a4: ;   {metadata('javax/swing/CellRendererPane')}
  0x0000024b5b0449a4: 49b8 a0af | 261e 0000 | 0000 4d3b | d80f 8401 | 1100 004d | 8b47 3044 

  0x0000024b5b0449bc: ; ImmutableOopMap {r10=Oop r9=NarrowOop rcx=Oop [32]=Oop [56]=Oop [64]=Oop }
                      ;*goto {reexecute=1 rethrow=0 return_oop=0}
                      ; - (reexecute) com.intellij.ui.ComponentUtil::getParentOfType@28 (line 124)
                      ; - com.intellij.ide.IdeEventQueueKt::skipMoveResizeEvents@66 (line 1040)
                      ; - com.intellij.ide.IdeEventQueueKt::access$skipMoveResizeEvents@1 (line 1)
                      ; - com.intellij.ide.IdeEventQueue::_init_$lambda$2@8 (line 204)
                      ; - com.intellij.ide.IdeEventQueue$$Lambda/0x000000001e290dc8::invoke@4
                      ; - com.intellij.ide.IdeEventQueue::doPostEvent@40 (line 881)
                      ; - com.intellij.ide.IdeEventQueue::postEvent@10 (line 874)
                      ; - org.cef.browser.CefBrowserWr$2$1::run@297 (line 137)
                      ;   {poll}
  0x0000024b5b0449bc: 8b4d 4441 | 8500 4585 | c975 c9e9 | 89fa ffff | 418b 682c | e93e e3ff | ff41 8dba | 20ff ffff 
  0x0000024b5b0449dc: 83ff 1f73 | 0d41 81fa | f700 0000 | 0f85 5ef4 | ffff 448b | d1e9 56f4 | ffff 83f9 | 020f 8491 
  0x0000024b5b0449fc: 0100 0083 | f902 7d1f | 85c9 7e0e | 4c8b 4424 | 6845 8950 | 1ce9 22fc | ffff 4c8b | 4424 6845 
  0x0000024b5b044a1c: 8bd5 e915 | fcff ff83 | f903 7515 | 458b d541 | 83ca 044c | 8b44 2468 | 4589 501c | e9fb fbff 
  0x0000024b5b044a3c: ff4c 8b44 | 2468 458b | d5e9 eefb | ffff 498b | ed44 8944 | 2428 c5fb | 114c 2440 | c5fb 1144 
  0x0000024b5b044a5c: 2430 6666 | 9048 b8b0 | c47a 0e4c 

  0x0000024b5b044a68: ;   {virtual_call}
  0x0000024b5b044a68: 0200 00e8 

  0x0000024b5b044a6c: ; ImmutableOopMap {rbp=Oop [32]=Oop [56]=Oop }
                      ;*invokeinterface getLocationOnScreen {reexecute=0 rethrow=0 return_oop=1}
                      ; - java.awt.Component::getLocationOnScreen_NoTreeLock@88 (line 2106)
                      ; - java.awt.Component::getLocationOnScreen@8 (line 2084)
                      ; - org.cef.browser.CefBrowserWr$2$1::run@55 (line 118)
  0x0000024b5b044a6c: 70a6 fffe 

  0x0000024b5b044a70: ;   {post_call_nop}
  0x0000024b5b044a70: 0f1f 8400 | e81f 0023 | 4889 4424 | 48e9 7be9 | ffff 458b | d54c 8b44 | 2468 e987 | fbff ffc4 
  0x0000024b5b044a90: e1f9 6ed2 | 488b d048 | 8b4c 2430 | 4889 4c24 | 5044 8974 | 2448 4489 | 6c24 4444 | 895c 2440 
  0x0000024b5b044ab0: 4489 4424 | 2cc5 fb11 | 4c24 30c4 | c1f9 7ec5 | 4489 4c24 | 4c4d 63c1 | 4d8d 5810 | 4d8b cb49 
  0x0000024b5b044ad0: 83e1 f848 | 8bfb 4903 | f949 c1eb | 034d 2bd3 | 498b ca48 | 33c0 4883 | f908 7f10 | 48ff c978 
  0x0000024b5b044af0: 4f48 8904 | cf48 ffc9 | 7df7 eb44 | c5fd 57c0 | e90d 0000 | 00c5 fe7f | 07c5 fe7f | 4720 4883 
  0x0000024b5b044b10: c740 4883 | e908 7ded | 4883 c104 | 7c0c c5fe | 7f07 4883 | c720 4883 | e904 4883 | c104 7e10 
  0x0000024b5b044b30: 48ff c9c5 | f9d6 0748 | 83c7 0848 | ffc9 7df3 | 488b cac4 | e1f9 7ed2 

  0x0000024b5b044b48: ;   {runtime_call Stub::jbyte_disjoint_arraycopy}
  0x0000024b5b044b48: 49ba e01e | 025a 4b02 | 0000 41ff 

  0x0000024b5b044b54: ;   {post_call_nop}
  0x0000024b5b044b54: d20f 1f84 | 0000 0000 | 00c4 c1f9 | 6ec5 c5fb | 104c 2430 | 448b 4424 | 2c44 8b5c | 2440 448b 
  0x0000024b5b044b74: 6c24 4444 | 8b74 2448 | 4c8b 5424 | 504c 8954 | 2430 448b | 4c24 4ce9 | 79f2 ffff | 458b d541 
  0x0000024b5b044b94: 83ca 084c | 8b44 2468 | 4589 501c | e993 faff | ff8d b720 | ffff ff83 | fe1f 730c | 81ff f700 
  0x0000024b5b044bb4: 0000 0f85 | 84e5 ffff | 8bf9 e97d | e5ff ff81 | f9e9 0300 | 000f 85a1 | 1100 00c6 | 4218 01e9 
  0x0000024b5b044bd4: b8f6 ffff | 4c89 4424 | 50c5 fb11 | 4c24 48c5 | fb11 4424 | 4044 8b44 | 2428 4489 | 4424 304c 
  0x0000024b5b044bf4: 8b5c 2438 | 4c89 5c24 | 2841 b874 | 6ce0 3a49 

  0x0000024b5b044c04: ;   {oop("java.vendor"{0x00000000c8ca9950})}
  0x0000024b5b044c04: 8bd2 49b9 | 5099 cac8 | 0000 0000 | 488b 6c24 | 2048 b8d8 | c47a 0e4c 

  0x0000024b5b044c1c: ;   {virtual_call}
  0x0000024b5b044c1c: 0200 00e8 

  0x0000024b5b044c20: ; ImmutableOopMap {rbp=Oop [32]=Oop [40]=Oop [80]=Oop }
                      ;*invokevirtual find {reexecute=0 rethrow=0 return_oop=1}
                      ; - java.util.concurrent.ConcurrentHashMap::get@93 (line 956)
                      ; - java.util.Properties::getProperty@5 (line 1145)
                      ; - java.lang.System::getProperty@8 (line 746)
                      ; - com.jetbrains.cef.JdkEx::isJetBrainsJDK@2 (line 107)
                      ; - org.cef.browser.CefBrowserWr$2$1::run@42 (line 117)
  0x0000024b5b044c20: bca4 fffe 

  0x0000024b5b044c24: ;   {post_call_nop}
  0x0000024b5b044c24: 0f1f 8400 | 9c21 0024 | 4885 c074 | 358b 6814 | 85ed 0f84 | b40d 0000 | 4c8b 5424 | 284c 8954 
  0x0000024b5b044c44: 2438 448b | 5424 3044 | 8954 2428 | c5fb 1044 | 2440 c5fb | 104c 2448 | 4c8b 4424 | 50e9 44e2 
  0x0000024b5b044c64: ffff 4c8b | 5424 5041 | 8b6a 2c4c | 8b54 2428 | 4c89 5424 | 38c5 fb10 | 4424 40c5 | fb10 4c24 
  0x0000024b5b044c84: 48e9 89e0 | ffff 4585 

  0x0000024b5b044c8c: ;   {optimized virtual_call}
  0x0000024b5b044c8c: db75 17e8 

  0x0000024b5b044c90: ; ImmutableOopMap {[32]=Oop [56]=Oop [64]=Oop [72]=Oop }
                      ;*invokevirtual setNewModifiers {reexecute=0 rethrow=0 return_oop=0}
                      ; - java.awt.event.MouseEvent::<init>@175 (line 795)
                      ; - java.awt.event.MouseWheelEvent::<init>@19 (line 302)
                      ; - java.awt.event.MouseWheelEvent::<init>@27 (line 248)
                      ; - java.awt.event.MouseWheelEvent::<init>@22 (line 201)
                      ; - org.cef.browser.CefBrowserWr$2$1::run@294 (line 137)
  0x0000024b5b044c90: 4ca1 fffe 

  0x0000024b5b044c94: ;   {post_call_nop}
  0x0000024b5b044c94: 0f1f 8400 | 0c22 0025 | 4c8b 5424 | 48e9 3cf6 | ffff 4c8b | d2e9 34f6 

  0x0000024b5b044cac: ;   {metadata('java/awt/event/MouseEvent')}
  0x0000024b5b044cac: ffff 48ba | e895 161e | 0000 0000 

  0x0000024b5b044cb8: ;   {runtime_call C2 Runtime new_instance}
  0x0000024b5b044cb8: 6666 90e8 

  0x0000024b5b044cbc: ; ImmutableOopMap {[32]=Oop [56]=Oop [64]=Oop }
                      ;*new {reexecute=0 rethrow=0 return_oop=1}
                      ; - org.cef.browser.CefBrowserWr$2$1::run@326 (line 141)
  0x0000024b5b044cbc: a0e1 0cff 

  0x0000024b5b044cc0: ;   {post_call_nop}
  0x0000024b5b044cc0: 0f1f 8400 | 3822 0026 | e95d ecff | ffc5 fb10 | 4424 30c5 | fb10 4c24 | 404c 8b44 | 2448 4c8b 
  0x0000024b5b044ce0: 5424 50e9 | 75e0 ffff 

  0x0000024b5b044ce8: ;   {metadata('com/intellij/util/containers/LockFreeCopyOnWriteArrayList$COWIterator')}
  0x0000024b5b044ce8: 498b eb48 | ba40 dc29 | 1e00 0000 

  0x0000024b5b044cf4: ;   {runtime_call C2 Runtime new_instance}
  0x0000024b5b044cf4: 0066 90e8 

  0x0000024b5b044cf8: ; ImmutableOopMap {rbp=Oop [32]=Oop [44]=NarrowOop [48]=Oop [56]=Oop [64]=Oop [104]=Oop }
                      ;*new {reexecute=0 rethrow=0 return_oop=1}
                      ; - com.intellij.util.containers.LockFreeCopyOnWriteArrayList::iterator@16 (line 775)
                      ; - com.intellij.ide.IdeEventQueue::doPostEvent@11 (line 880)
                      ; - com.intellij.ide.IdeEventQueue::postEvent@10 (line 874)
                      ; - org.cef.browser.CefBrowserWr$2$1::run@373 (line 141)
  0x0000024b5b044cf8: 64e1 0cff 

  0x0000024b5b044cfc: ;   {post_call_nop}
  0x0000024b5b044cfc: 0f1f 8400 | 7422 0027 | 4c8b c8e9 | 8aed ffff | 458b d041 | 81fa f501 | 0000 7451 | 4181 faf6 
  0x0000024b5b044d1c: 0100 0074 | 4841 81fa | f401 0000 | 743f 458b | d941 f7c3 | 0004 0000 | 0f84 ce02 | 0000 4183 
  0x0000024b5b044d3c: cb10 4c8b | d245 895a | 1c41 f7c3 | 0008 0000 | 7408 4183 | cb08 4589 | 5a1c 41f7 | c300 1000 
  0x0000024b5b044d5c: 0074 1041 | 83cb 0445 | 895a 1ceb | 064c 8bd2 | 458b d941 | f7c3 0002 | 0000 7408 | 4183 cb08 
  0x0000024b5b044d7c: 4589 5a1c | 41f7 c300 | 0100 0074 | 0841 83cb | 0445 895a | 1c41 f6c3 | 4074 0841 | 83cb 0145 
  0x0000024b5b044d9c: 895a 1c41 | f7c3 8000 | 0000 7408 | 4183 cb02 | 4589 5a1c | 41f7 c300 | 2000 000f | 8425 f5ff 
  0x0000024b5b044dbc: ff41 83cb | 2045 895a | 1ce9 18f5 | ffff 4889 | 7c24 784c | 8954 2470 | 4489 4c24 | 5c48 8944 
  0x0000024b5b044ddc: 2468 4c8b | 5424 304c | 8954 2460 | 4489 7424 | 5844 896c | 2454 4489 | 5c24 5044 

  0x0000024b5b044df8: ;   {other}
  0x0000024b5b044df8: 8944 2434 | c5fb 114c | 2448 c5fb | 1144 2440 | 448b 5c24 | 2844 895c | 2430 4c8b | 5424 384c 
  0x0000024b5b044e18: 8954 2428 | 488b 6c24 

  0x0000024b5b044e20: ;   {metadata({type array byte})}
  0x0000024b5b044e20: 2048 ba00 | 6635 1c00 | 0000 0045 

  0x0000024b5b044e2c: ;   {runtime_call C2 Runtime new_array_nozero}
  0x0000024b5b044e2c: 8bc5 90e8 

  0x0000024b5b044e30: ; ImmutableOopMap {rbp=Oop [40]=Oop [80]=NarrowOop [96]=Oop [104]=Derived_oop_[96] }
                      ;*newarray {reexecute=0 rethrow=0 return_oop=1}
                      ; - java.lang.StringLatin1::toLowerCase@95 (line 434)
                      ; - java.lang.String::toLowerCase@13 (line 3704)
                      ; - java.lang.String::toLowerCase@4 (line 3728)
                      ; - com.jetbrains.cef.JdkEx::isJetBrainsJDK@11 (line 108)
                      ; - org.cef.browser.CefBrowserWr$2$1::run@42 (line 117)
  0x0000024b5b044e30: acaa 0cff 

  0x0000024b5b044e34: ;   {post_call_nop}
  0x0000024b5b044e34: 0f1f 8400 | ac23 0028 | 488b c848 | 896c 2420 | 4c8b 5424 | 284c 8954 | 2438 448b | 5c24 3044 
  0x0000024b5b044e54: 895c 2428 | c5fb 1044 | 2440 c5fb | 104c 2448 | 448b 4424 | 3444 8b5c | 2450 448b | 6c24 5444 
  0x0000024b5b044e74: 8b74 2458 | 4c8b 5424 | 604c 8954 | 2430 488b | 4424 6844 | 8b4c 245c | 4c8b 5424 | 7048 8b7c 
  0x0000024b5b044e94: 2478 488b | d9e9 e7ee | ffff 4889 | 5c24 5044 | 8944 2434 | c5fb 114c | 2448 c5fb | 1144 2440 
  0x0000024b5b044eb4: 448b 5c24 | 2844 895c | 2430 4c8b | 5424 384c | 8954 2428 | 488b 6c24 

  0x0000024b5b044ecc: ;   {metadata('java/lang/String')}
  0x0000024b5b044ecc: 2048 ba28 | 9d35 1c00 

  0x0000024b5b044ed4: ;   {runtime_call C2 Runtime new_instance}
  0x0000024b5b044ed4: 0000 00e8 

  0x0000024b5b044ed8: ; ImmutableOopMap {rbp=Oop [40]=Oop [80]=Oop }
                      ;*new {reexecute=0 rethrow=0 return_oop=1}
                      ; - java.lang.StringLatin1::toLowerCase@144 (line 440)
                      ; - java.lang.String::toLowerCase@13 (line 3704)
                      ; - java.lang.String::toLowerCase@4 (line 3728)
                      ; - com.jetbrains.cef.JdkEx::isJetBrainsJDK@11 (line 108)
                      ; - org.cef.browser.CefBrowserWr$2$1::run@42 (line 117)
  0x0000024b5b044ed8: 84df 0cff 

  0x0000024b5b044edc: ;   {post_call_nop}
  0x0000024b5b044edc: 0f1f 8400 | 5424 0029 | 4889 6c24 | 204c 8b54 | 2428 4c89 | 5424 3844 | 8b54 2430 | 4489 5424 
  0x0000024b5b044efc: 28c5 fb10 | 4424 40c5 | fb10 4c24 | 4844 8b44 | 2434 488b | 5c24 50e9 | 75e2 ffff | 4c8b 5424 
  0x0000024b5b044f1c: 284c 8954 | 2438 448b | 5424 3044 | 8954 2428 | c5fb 1044 | 2440 c5fb | 104c 2448 | 4c8b 4424 
  0x0000024b5b044f3c: 504c 8b54 | 2458 e916 | deff ff45 | 85d2 0f85 | 3af9 ffff 

  0x0000024b5b044f50: ;   {optimized virtual_call}
  0x0000024b5b044f50: 498b d5e8 

  0x0000024b5b044f54: ; ImmutableOopMap {[40]=Oop [80]=Oop }
                      ;*invokevirtual setNewModifiers {reexecute=0 rethrow=0 return_oop=0}
                      ; - java.awt.event.MouseEvent::<init>@175 (line 795)
                      ; - org.cef.browser.CefBrowserWr$2$1::run@435 (line 147)
  0x0000024b5b044f54: 889e fffe 

  0x0000024b5b044f58: ;   {post_call_nop}
  0x0000024b5b044f58: 0f1f 8400 | d024 002a | e925 f9ff | ff41 83f8 | 030f 8fbd | 0f00 0041 | 83f8 0274 | 2941 83f8 
  0x0000024b5b044f78: 027d 1145 | 85c0 7e28 | 83ca 104d | 8bd5 4189 | 521c eb1c | 4183 f803 | 7516 83ca | 044d 8bd5 
  0x0000024b5b044f98: 4189 521c | eb0a 83ca | 084d 8bd5 | 4189 521c | f7c2 0002 | 0000 740a | 83ca 084d | 8bd5 4189 
  0x0000024b5b044fb8: 521c f7c2 | 0001 0000 | 740a 83ca | 044d 8bd5 | 4189 521c | f6c2 4074 | 0a83 ca01 | 4d8b d541 
  0x0000024b5b044fd8: 8952 1cf7 | c280 0000 | 0074 0a83 | ca02 4d8b | d541 8952 | 1cf7 c200 | 2000 000f | 8491 f8ff 
  0x0000024b5b044ff8: ff83 ca20 | 4d8b d541 | 8952 1ce9 | 82f8 ffff | 4c8b d2e9 | 35fd ffff | 443b d944 | 8b5c 2428 
  0x0000024b5b045018: 410f 9cc3 | ba45 ffff | ff48 8b6c | 2420 4c8b | 5424 384c | 8954 2420 | 4c8b 5424 | 404c 8954 
  0x0000024b5b045038: 2438 4c89 | 4424 4844 | 895c 242c 

  0x0000024b5b045044: ;   {runtime_call UncommonTrapBlob}
  0x0000024b5b045044: 6666 90e8 

  0x0000024b5b045048: ; ImmutableOopMap {rbp=Oop [32]=Oop [56]=Oop [72]=Oop [104]=Oop }
                      ;*ifne {reexecute=1 rethrow=0 return_oop=0}
                      ; - (reexecute) com.intellij.util.containers.LockFreeCopyOnWriteArrayList$COWIterator::next@4 (line 849)
                      ; - com.intellij.ide.IdeEventQueue::doPostEvent@27 (line 880)
                      ; - com.intellij.ide.IdeEventQueue::postEvent@10 (line 874)
                      ; - org.cef.browser.CefBrowserWr$2$1::run@373 (line 141)
  0x0000024b5b045048: 946b 0cff 

  0x0000024b5b04504c: ;   {post_call_nop}
  0x0000024b5b04504c: 0f1f 8400 | c425 002b | bae4 ffff | ff48 8b6c | 2420 4c8b | 4c24 384c | 894c 2420 | 4c8b 4c24 
  0x0000024b5b04506c: 404c 894c | 2438 4c89 | 4424 4844 | 8954 242c | 4489 5c24 

  0x0000024b5b045080: ;   {runtime_call UncommonTrapBlob}
  0x0000024b5b045080: 5066 90e8 

  0x0000024b5b045084: ; ImmutableOopMap {rbp=Oop [32]=Oop [44]=NarrowOop [56]=Oop [72]=Oop [104]=Oop }
                      ;*aaload {reexecute=0 rethrow=0 return_oop=0}
                      ; - com.intellij.util.containers.LockFreeCopyOnWriteArrayList$COWIterator::next@38 (line 854)
                      ; - com.intellij.ide.IdeEventQueue::doPostEvent@27 (line 880)
                      ; - com.intellij.ide.IdeEventQueue::postEvent@10 (line 874)
                      ; - org.cef.browser.CefBrowserWr$2$1::run@373 (line 141)
  0x0000024b5b045084: 586b 0cff 

  0x0000024b5b045088: ;   {post_call_nop}
  0x0000024b5b045088: 0f1f 8400 | 0026 002c | ba45 ffff | ff4c 8b54 | 2438 4c89 | 5424 284c | 8944 2450 

  0x0000024b5b0450a4: ;   {runtime_call UncommonTrapBlob}
  0x0000024b5b0450a4: 6666 90e8 

  0x0000024b5b0450a8: ; ImmutableOopMap {rbp=Oop [32]=Oop [40]=Oop [64]=Oop [80]=Oop [104]=Oop }
                      ;*ifnull {reexecute=1 rethrow=0 return_oop=0}
                      ; - (reexecute) com.intellij.ide.IdeEventQueueKt::skipMoveResizeEvents@69 (line 1040)
                      ; - com.intellij.ide.IdeEventQueueKt::access$skipMoveResizeEvents@1 (line 1)
                      ; - com.intellij.ide.IdeEventQueue::_init_$lambda$2@8 (line 204)
                      ; - com.intellij.ide.IdeEventQueue$$Lambda/0x000000001e290dc8::invoke@4
                      ; - com.intellij.ide.IdeEventQueue::doPostEvent@40 (line 881)
                      ; - com.intellij.ide.IdeEventQueue::postEvent@10 (line 874)
                      ; - org.cef.browser.CefBrowserWr$2$1::run@373 (line 141)
  0x0000024b5b0450a8: 346b 0cff 

  0x0000024b5b0450ac: ;   {post_call_nop}
  0x0000024b5b0450ac: 0f1f 8400 | 2426 002d | bade ffff 

  0x0000024b5b0450b8: ;   {runtime_call UncommonTrapBlob}
  0x0000024b5b0450b8: ff66 90e8 

  0x0000024b5b0450bc: ; ImmutableOopMap {rbp=NarrowOop [32]=Oop [56]=Oop }
                      ;*invokevirtual getDefaultTransform {reexecute=0 rethrow=0 return_oop=0}
                      ; - org.cef.browser.CefBrowserWr$2$1::run@23 (line 115)
  0x0000024b5b0450bc: 206b 0cff 

  0x0000024b5b0450c0: ;   {post_call_nop}
  0x0000024b5b0450c0: 0f1f 8400 | 3826 002e | bade ffff | ffc5 fb11 

  0x0000024b5b0450d0: ;   {runtime_call UncommonTrapBlob}
  0x0000024b5b0450d0: 4424 30e8 

  0x0000024b5b0450d4: ; ImmutableOopMap {rbp=NarrowOop [32]=Oop [56]=Oop }
                      ;*invokevirtual getDefaultTransform {reexecute=0 rethrow=0 return_oop=0}
                      ; - org.cef.browser.CefBrowserWr$2$1::run@34 (line 116)
  0x0000024b5b0450d4: 086b 0cff 

  0x0000024b5b0450d8: ;   {post_call_nop}
  0x0000024b5b0450d8: 0f1f 8400 | 5026 002f | bade ffff | ff4c 8b54 | 2438 4c89 | 5424 28c5 | fb11 4424 | 30c5 fb11 
  0x0000024b5b0450f8: ;   {runtime_call UncommonTrapBlob}
  0x0000024b5b0450f8: 4c24 38e8 

  0x0000024b5b0450fc: ; ImmutableOopMap {rbp=NarrowOop [32]=Oop [40]=Oop }
                      ;*invokevirtual getProperty {reexecute=0 rethrow=0 return_oop=0}
                      ; - java.lang.System::getProperty@8 (line 746)
                      ; - com.jetbrains.cef.JdkEx::isJetBrainsJDK@2 (line 107)
                      ; - org.cef.browser.CefBrowserWr$2$1::run@42 (line 117)
  0x0000024b5b0450fc: e06a 0cff 

  0x0000024b5b045100: ;   {post_call_nop}
  0x0000024b5b045100: 0f1f 8400 | 7826 0030 | baf6 ffff 

  0x0000024b5b04510c: ;   {runtime_call UncommonTrapBlob}
  0x0000024b5b04510c: ff66 90e8 

  0x0000024b5b045110: ; ImmutableOopMap {}
                      ;*getfield x {reexecute=1 rethrow=0 return_oop=0}
                      ; - (reexecute) org.cef.browser.CefBrowserWr$2$1::run@134 (line 123)
  0x0000024b5b045110: cc6a 0cff 

  0x0000024b5b045114: ;   {post_call_nop}
  0x0000024b5b045114: 0f1f 8400 | 8c26 0031 | baf6 ffff 

  0x0000024b5b045120: ;   {runtime_call UncommonTrapBlob}
  0x0000024b5b045120: ff66 90e8 

  0x0000024b5b045124: ; ImmutableOopMap {}
                      ;*putfield x {reexecute=1 rethrow=0 return_oop=0}
                      ; - (reexecute) org.cef.browser.CefBrowserWr$2$1::run@138 (line 123)
  0x0000024b5b045124: b86a 0cff 

  0x0000024b5b045128: ;   {post_call_nop}
  0x0000024b5b045128: 0f1f 8400 | a026 0032 | baf6 ffff 

  0x0000024b5b045134: ;   {runtime_call UncommonTrapBlob}
  0x0000024b5b045134: ff66 90e8 

  0x0000024b5b045138: ; ImmutableOopMap {}
                      ;*invokevirtual get {reexecute=0 rethrow=0 return_oop=0}
                      ; - sun.awt.SunToolkit::getSystemEventQueueImplPP@4 (line 1097)
                      ; - sun.awt.SunToolkit::getSystemEventQueueImplPP@3 (line 1092)
                      ; - sun.awt.SunToolkit::getSystemEventQueueImpl@0 (line 1087)
                      ; - java.awt.Toolkit::getSystemEventQueue@1 (line 1373)
                      ; - org.cef.browser.CefBrowserWr$2$1::run@323 (line 141)
  0x0000024b5b045138: a46a 0cff 

  0x0000024b5b04513c: ;   {post_call_nop}
  0x0000024b5b04513c: 0f1f 8400 | b426 0033 | baf6 ffff 

  0x0000024b5b045148: ;   {runtime_call UncommonTrapBlob}
  0x0000024b5b045148: ff66 90e8 

  0x0000024b5b04514c: ; ImmutableOopMap {}
                      ;*invokevirtual incrementAndGet {reexecute=0 rethrow=0 return_oop=0}
                      ; - com.intellij.ide.IdeEventQueue::doPostEvent@60 (line 885)
                      ; - com.intellij.ide.IdeEventQueue::postEvent@10 (line 874)
                      ; - org.cef.browser.CefBrowserWr$2$1::run@373 (line 141)
  0x0000024b5b04514c: 906a 0cff 

  0x0000024b5b045150: ;   {post_call_nop}
  0x0000024b5b045150: 0f1f 8400 | c826 0034 | 85db 410f | 9dc0 ba45 | ffff ff48 | 8b6c 2420 | 4c8b 5424 | 384c 8954 
  0x0000024b5b045170: 2420 c5fb | 1144 2428 | c5fb 114c | 2430 4489 

  0x0000024b5b045180: ;   {runtime_call UncommonTrapBlob}
  0x0000024b5b045180: 4424 38e8 

  0x0000024b5b045184: ; ImmutableOopMap {rbp=Oop [32]=Oop }
                      ;*ifeq {reexecute=1 rethrow=0 return_oop=0}
                      ; - (reexecute) com.jetbrains.cef.JdkEx::isJetBrainsJDK@19 (line 108)
                      ; - org.cef.browser.CefBrowserWr$2$1::run@42 (line 117)
  0x0000024b5b045184: 586a 0cff 

  0x0000024b5b045188: ;   {post_call_nop}
  0x0000024b5b045188: 0f1f 8400 | 0027 0035 | 4489 4424 | 34c5 fb11 | 4c24 48c5 | fb11 4424 | 4044 8b54 | 2428 4489 
  0x0000024b5b0451a8: 5424 304c | 8b54 2438 | 4c89 5424 | 2848 8b6c 

  0x0000024b5b0451b8: ;   {oop(a 'java/awt/Component$AWTTreeLock'{0x00000000c1443d20})}
  0x0000024b5b0451b8: 2420 48ba | 203d 44c1 | 0000 0000 | 4c8d 8424 | 9000 0000 

  0x0000024b5b0451cc: ;   {runtime_call C2 Runtime complete_monitor_locking}
  0x0000024b5b0451cc: 6666 90e8 

  0x0000024b5b0451d0: ; ImmutableOopMap {rbp=Oop [40]=Oop }
                      ;*monitorenter {reexecute=0 rethrow=0 return_oop=0}
                      ; - java.awt.Component::getLocationOnScreen@6 (line 2083)
                      ; - org.cef.browser.CefBrowserWr$2$1::run@55 (line 118)
  0x0000024b5b0451d0: 0c3d 0dff 

  0x0000024b5b0451d4: ;   {post_call_nop}
  0x0000024b5b0451d4: 0f1f 8400 | 4c27 0036 | 4889 6c24 | 204c 8b54 | 2428 4c89 | 5424 3844 | 8b5c 2430 | 4489 5c24 
  0x0000024b5b0451f4: 28c5 fb10 | 4424 40c5 | fb10 4c24 | 4844 8b44 | 2434 e9f4 | e0ff ffba | 5eff ffff | 488b 6c24 
  0x0000024b5b045214: 20c5 fb11 | 4424 28c5 | fb11 4c24 | 3044 894c 

  0x0000024b5b045224: ;   {runtime_call UncommonTrapBlob}
  0x0000024b5b045224: 2448 90e8 

  0x0000024b5b045228: ; ImmutableOopMap {rbp=Oop [56]=Oop [72]=NarrowOop }
                      ;*invokevirtual isShowing {reexecute=0 rethrow=0 return_oop=0}
                      ; - java.awt.Component::getLocationOnScreen_NoTreeLock@10 (line 2094)
                      ; - java.awt.Component::getLocationOnScreen@8 (line 2084)
                      ; - org.cef.browser.CefBrowserWr$2$1::run@55 (line 118)
  0x0000024b5b045228: b469 0cff 

  0x0000024b5b04522c: ;   {post_call_nop}
  0x0000024b5b04522c: 0f1f 8400 | a427 0037 

  0x0000024b5b045234: ;   {oop(a 'java/awt/Component$AWTTreeLock'{0x00000000c1443d20})}
  0x0000024b5b045234: 48b9 203d | 44c1 0000 | 0000 488d | 9424 9000 | 0000 4d8b 

  0x0000024b5b045248: ;   {runtime_call}
  0x0000024b5b045248: c749 ba40 | 70ac 7bfb | 7f00 0041 

  0x0000024b5b045254: ;   {post_call_nop}
  0x0000024b5b045254: ffd2 0f1f | 8400 0000 | 0000 e93c | e2ff ffba | deff ffff | 4c89 4424 | 28c5 fb10 | 4424 40c5 
  0x0000024b5b045274: fb11 4424 

  0x0000024b5b045278: ;   {runtime_call UncommonTrapBlob}
  0x0000024b5b045278: 3866 90e8 

  0x0000024b5b04527c: ; ImmutableOopMap {rbp=NarrowOop [32]=Oop [40]=Oop [72]=Oop }
                      ;*invokevirtual getDevice {reexecute=0 rethrow=0 return_oop=0}
                      ; - org.cef.browser.CefBrowserWr$2$1::run@64 (line 120)
  0x0000024b5b04527c: 6069 0cff 

  0x0000024b5b045280: ;   {post_call_nop}
  0x0000024b5b045280: 0f1f 8400 | f827 0038 | bade ffff | ff4c 8944 | 2428 c5fb | 1044 2440 | c5fb 1144 

  0x0000024b5b04529c: ;   {runtime_call UncommonTrapBlob}
  0x0000024b5b04529c: 2438 90e8 

  0x0000024b5b0452a0: ; ImmutableOopMap {rbp=NarrowOop [32]=Oop [40]=Oop [72]=Oop }
                      ;*invokevirtual getBounds {reexecute=0 rethrow=0 return_oop=0}
                      ; - org.cef.browser.CefBrowserWr$2$1::run@70 (line 120)
  0x0000024b5b0452a0: 3c69 0cff 

  0x0000024b5b0452a4: ;   {post_call_nop}
  0x0000024b5b0452a4: 0f1f 8400 | 1c28 0039 | ba7e ffff 

  0x0000024b5b0452b0: ;   {runtime_call UncommonTrapBlob}
  0x0000024b5b0452b0: ff8b efe8 

  0x0000024b5b0452b4: ; ImmutableOopMap {}
                      ;*irem {reexecute=0 rethrow=0 return_oop=0}
                      ; - org.cef.browser.CefBrowserWr$2::getClickCount@6 (line 157)
                      ; - org.cef.browser.CefBrowserWr$2$1::run@315 (line 140)
  0x0000024b5b0452b4: 2869 0cff 

  0x0000024b5b0452b8: ;   {post_call_nop}
  0x0000024b5b0452b8: 0f1f 8400 | 3028 003a 

  0x0000024b5b0452c0: ;   {oop(a 'java/lang/Class'{0x00000000c1448ac0} = 'java/awt/Toolkit')}
  0x0000024b5b0452c0: 48ba c08a | 44c1 0000 | 0000 4c8d | 8424 9000 

  0x0000024b5b0452d0: ;   {runtime_call C2 Runtime complete_monitor_locking}
  0x0000024b5b0452d0: 0000 90e8 

  0x0000024b5b0452d4: ; ImmutableOopMap {[32]=Oop [56]=Oop }
                      ;*synchronization entry
                      ; - java.awt.Toolkit::getDefaultToolkit@-1 (line 579)
                      ; - org.cef.browser.CefBrowserWr$2$1::run@320 (line 141)
  0x0000024b5b0452d4: 083c 0dff 

  0x0000024b5b0452d8: ;   {post_call_nop}
  0x0000024b5b0452d8: 0f1f 8400 | 5028 003b | e9aa e4ff | ffba 37ff | ffff 4c8b | 5424 384c | 8954 2428 

  0x0000024b5b0452f4: ;   {runtime_call UncommonTrapBlob}
  0x0000024b5b0452f4: 6666 90e8 

  0x0000024b5b0452f8: ; ImmutableOopMap {rbp=NarrowOop [32]=Oop [40]=Oop }
                      ;*invokevirtual getSystemEventQueueImpl {reexecute=0 rethrow=0 return_oop=0}
                      ; - java.awt.Toolkit::getSystemEventQueue@1 (line 1373)
                      ; - org.cef.browser.CefBrowserWr$2$1::run@323 (line 141)
  0x0000024b5b0452f8: e468 0cff 

  0x0000024b5b0452fc: ;   {post_call_nop}
  0x0000024b5b0452fc: 0f1f 8400 | 7428 003c 

  0x0000024b5b045304: ;   {oop(a 'java/lang/Class'{0x00000000c1448ac0} = 'java/awt/Toolkit')}
  0x0000024b5b045304: 48b9 c08a | 44c1 0000 | 0000 488d | 9424 9000 | 0000 4d8b 

  0x0000024b5b045318: ;   {runtime_call}
  0x0000024b5b045318: c749 ba40 | 70ac 7bfb | 7f00 0041 

  0x0000024b5b045324: ;   {post_call_nop}
  0x0000024b5b045324: ffd2 0f1f | 8400 0000 | 0000 e90f | e5ff ffba | deff ffff | 4c8b 5424 | 384c 8954 

  0x0000024b5b045340: ;   {runtime_call UncommonTrapBlob}
  0x0000024b5b045340: 2428 90e8 

  0x0000024b5b045344: ; ImmutableOopMap {rbp=NarrowOop [32]=Oop [40]=Oop [64]=Oop [104]=Oop }
                      ;*invokeinterface iterator {reexecute=0 rethrow=0 return_oop=0}
                      ; - com.intellij.ide.IdeEventQueue::doPostEvent@11 (line 880)
                      ; - com.intellij.ide.IdeEventQueue::postEvent@10 (line 874)
                      ; - org.cef.browser.CefBrowserWr$2$1::run@373 (line 141)
  0x0000024b5b045344: 9868 0cff 

  0x0000024b5b045348: ;   {post_call_nop}
  0x0000024b5b045348: 0f1f 8400 | c028 003d | bade ffff | ff48 8b6c | 2420 4c8b | 5424 384c | 8954 2420 | 4c8b 5424 
  0x0000024b5b045368: 404c 8954 | 2438 4c89 

  0x0000024b5b045370: ;   {runtime_call UncommonTrapBlob}
  0x0000024b5b045370: 4c24 50e8 

  0x0000024b5b045374: ; ImmutableOopMap {rbp=Oop [32]=Oop [56]=Oop [80]=Oop [104]=Oop }
                      ;*invokeinterface hasNext {reexecute=0 rethrow=0 return_oop=0}
                      ; - com.intellij.ide.IdeEventQueue::doPostEvent@18 (line 880)
                      ; - com.intellij.ide.IdeEventQueue::postEvent@10 (line 874)
                      ; - org.cef.browser.CefBrowserWr$2$1::run@373 (line 141)
  0x0000024b5b045374: 6868 0cff 

  0x0000024b5b045378: ;   {post_call_nop}
  0x0000024b5b045378: 0f1f 8400 | f028 003e | 4c89 5c24 

  0x0000024b5b045384: ;   {metadata('java/awt/event/MouseWheelEvent')}
  0x0000024b5b045384: 4048 ba18 | 9916 1e00 

  0x0000024b5b04538c: ;   {runtime_call C2 Runtime new_instance}
  0x0000024b5b04538c: 0000 00e8 

  0x0000024b5b045390: ; ImmutableOopMap {[32]=Oop [56]=Oop [64]=Oop }
                      ;*new {reexecute=0 rethrow=0 return_oop=1}
                      ; - org.cef.browser.CefBrowserWr$2$1::run@258 (line 137)
  0x0000024b5b045390: ccda 0cff 

  0x0000024b5b045394: ;   {post_call_nop}
  0x0000024b5b045394: 0f1f 8400 | 0c29 003f | 4c8b d0e9 | 51ee ffff | ba6e ffff | ff48 8b6c | 2420 4c8b | 5424 384c 
  0x0000024b5b0453b4: 8954 2420 | c5fb 1144 | 2428 c5fb | 114c 2430 | 4489 5c24 | 3844 896c | 2440 4889 | 7c24 4889 
  0x0000024b5b0453d4: ;   {runtime_call UncommonTrapBlob}
  0x0000024b5b0453d4: 4c24 44e8 

  0x0000024b5b0453d8: ; ImmutableOopMap {rbp=Oop [32]=Oop [56]=NarrowOop [68]=NarrowOop [72]=Oop }
                      ;*if_icmpge {reexecute=1 rethrow=0 return_oop=0}
                      ; - (reexecute) java.lang.StringLatin1::toLowerCase@21 (line 423)
                      ; - java.lang.String::toLowerCase@13 (line 3704)
                      ; - java.lang.String::toLowerCase@4 (line 3728)
                      ; - com.jetbrains.cef.JdkEx::isJetBrainsJDK@11 (line 108)
                      ; - org.cef.browser.CefBrowserWr$2$1::run@42 (line 117)
  0x0000024b5b0453d8: 0468 0cff 

  0x0000024b5b0453dc: ;   {post_call_nop}
  0x0000024b5b0453dc: 0f1f 8400 | 5429 0040 | 4533 c041 | b901 0000 | 00e9 e6e8 | ffff 81fd | 7805 0000 | 0f8e 8ae7 
  0x0000024b5b0453fc: ffff ba45 | ffff ff4c | 8b54 2438 | 4c89 5424 | 284c 8b54 | 2458 4c89 | 5424 384c | 8944 2450 
  0x0000024b5b04541c: ;   {runtime_call UncommonTrapBlob}
  0x0000024b5b04541c: 6666 90e8 

  0x0000024b5b045420: ; ImmutableOopMap {[32]=Oop [40]=Oop [64]=Oop [80]=Oop [104]=Oop }
                      ;*lookupswitch {reexecute=1 rethrow=0 return_oop=0}
                      ; - (reexecute) com.intellij.ide.IdeEventQueueKt::skipMoveResizeEvents@4 (line 1037)
                      ; - com.intellij.ide.IdeEventQueueKt::access$skipMoveResizeEvents@1 (line 1)
                      ; - com.intellij.ide.IdeEventQueue::_init_$lambda$2@8 (line 204)
                      ; - com.intellij.ide.IdeEventQueue$$Lambda/0x000000001e290dc8::invoke@4
                      ; - com.intellij.ide.IdeEventQueue::doPostEvent@40 (line 881)
                      ; - com.intellij.ide.IdeEventQueue::postEvent@10 (line 874)
                      ; - org.cef.browser.CefBrowserWr$2$1::run@373 (line 141)
  0x0000024b5b045420: bc67 0cff 

  0x0000024b5b045424: ;   {post_call_nop}
  0x0000024b5b045424: 0f1f 8400 | 9c29 0041 | ba45 ffff | ff4c 8b54 | 2438 4c89 | 5424 28c5 | fb11 4424 | 30c5 fb11 
  0x0000024b5b045444: 4c24 384c | 8944 2440 

  0x0000024b5b04544c: ;   {runtime_call UncommonTrapBlob}
  0x0000024b5b04544c: 6666 90e8 

  0x0000024b5b045450: ; ImmutableOopMap {[32]=Oop [40]=Oop [64]=Oop }
                      ;*ifle {reexecute=1 rethrow=0 return_oop=0}
                      ; - (reexecute) java.util.concurrent.ConcurrentHashMap::get@23 (line 949)
                      ; - java.util.Properties::getProperty@5 (line 1145)
                      ; - java.lang.System::getProperty@8 (line 746)
                      ; - com.jetbrains.cef.JdkEx::isJetBrainsJDK@2 (line 107)
                      ; - org.cef.browser.CefBrowserWr$2$1::run@42 (line 117)
  0x0000024b5b045450: 8c67 0cff 

  0x0000024b5b045454: ;   {post_call_nop}
  0x0000024b5b045454: 0f1f 8400 | cc29 0042 | ba45 ffff 

  0x0000024b5b045460: ;   {runtime_call UncommonTrapBlob}
  0x0000024b5b045460: ff66 90e8 

  0x0000024b5b045464: ; ImmutableOopMap {rbp=NarrowOop [32]=Oop }
                      ;*ifnull {reexecute=1 rethrow=0 return_oop=0}
                      ; - (reexecute) javax.swing.SwingUtilities::getRoot@5 (line 1663)
                      ; - org.cef.browser.CefBrowserWr$2$1::run@10 (line 111)
  0x0000024b5b045464: 7867 0cff 

  0x0000024b5b045468: ;   {post_call_nop}
  0x0000024b5b045468: 0f1f 8400 | e029 0043 | 448b 5c24 | 2c49 8beb 

  0x0000024b5b045478: ;   {metadata('com/intellij/util/containers/LockFreeCopyOnWriteArrayList$COWIterator')}
  0x0000024b5b045478: 48ba 40dc | 291e 0000 

  0x0000024b5b045480: ;   {runtime_call C2 Runtime new_instance}
  0x0000024b5b045480: 0000 90e8 

  0x0000024b5b045484: ; ImmutableOopMap {rbp=Oop [32]=Oop [44]=NarrowOop [48]=Oop [56]=Oop [64]=Oop [72]=Oop }
                      ;*new {reexecute=0 rethrow=0 return_oop=1}
                      ; - com.intellij.util.containers.LockFreeCopyOnWriteArrayList::iterator@16 (line 775)
                      ; - com.intellij.ide.IdeEventQueue::doPostEvent@11 (line 880)
                      ; - com.intellij.ide.IdeEventQueue::postEvent@10 (line 874)
                      ; - org.cef.browser.CefBrowserWr$2$1::run@297 (line 137)
  0x0000024b5b045484: d8d9 0cff 

  0x0000024b5b045488: ;   {post_call_nop}
  0x0000024b5b045488: 0f1f 8400 | 002a 0044 | 4c8b d0e9 | f8ee ffff 

  0x0000024b5b045498: ;   {section_word}
  0x0000024b5b045498: c5f8 2e15 | e0d6 ffff | bdff ffff | ff0f 8a0e | 0000 000f | 8208 0000 | 0040 0f95 | c540 0fb6 
  0x0000024b5b0454b8: edc5 ea5a | caba 45ff | ffff 4c8b | 5c24 384c | 895c 2428 | c5fb 1144 | 2430 c5fb | 114c 2438 
  0x0000024b5b0454d8: ;   {runtime_call UncommonTrapBlob}
  0x0000024b5b0454d8: 6666 90e8 

  0x0000024b5b0454dc: ; ImmutableOopMap {[32]=Oop [40]=Oop }
                      ;*ifeq {reexecute=1 rethrow=0 return_oop=0}
                      ; - (reexecute) java.awt.geom.AffineTransform::setToScale@39 (line 2147)
                      ; - java.awt.geom.AffineTransform::getScaleInstance@13 (line 818)
                      ; - sun.awt.Win32GraphicsConfig::getDefaultTransform@20 (line 186)
                      ; - org.cef.browser.CefBrowserWr$2$1::run@23 (line 115)
  0x0000024b5b0454dc: 0067 0cff 

  0x0000024b5b0454e0: ;   {post_call_nop}
  0x0000024b5b0454e0: 0f1f 8400 | 582a 0045 

  0x0000024b5b0454e8: ;   {section_word}
  0x0000024b5b0454e8: c5f8 2e25 | 90d6 ffff | bdff ffff | ff0f 8a0e | 0000 000f | 8208 0000 | 0040 0f95 | c540 0fb6 
  0x0000024b5b045508: edc5 ea5a | d2ba 45ff | ffff 4c8b | 5c24 384c | 895c 2428 | c5fb 1144 | 2430 c5fb | 114c 2438 
  0x0000024b5b045528: c5fb 1154 

  0x0000024b5b04552c: ;   {runtime_call UncommonTrapBlob}
  0x0000024b5b04552c: 2440 90e8 

  0x0000024b5b045530: ; ImmutableOopMap {[32]=Oop [40]=Oop }
                      ;*ifeq {reexecute=1 rethrow=0 return_oop=0}
                      ; - (reexecute) java.awt.geom.AffineTransform::setToScale@39 (line 2147)
                      ; - java.awt.geom.AffineTransform::getScaleInstance@13 (line 818)
                      ; - sun.awt.Win32GraphicsConfig::getDefaultTransform@20 (line 186)
                      ; - org.cef.browser.CefBrowserWr$2$1::run@34 (line 116)
  0x0000024b5b045530: ac66 0cff 

  0x0000024b5b045534: ;   {post_call_nop}
  0x0000024b5b045534: 0f1f 8400 | ac2a 0046 | ba45 ffff | ff4c 8b54 | 2438 4c89 | 5424 28c5 | fb11 4424 | 30c5 fb11 
  0x0000024b5b045554: ;   {runtime_call UncommonTrapBlob}
  0x0000024b5b045554: 4c24 38e8 

  0x0000024b5b045558: ; ImmutableOopMap {rbp=NarrowOop [32]=Oop [40]=Oop }
                      ;*ifnull {reexecute=1 rethrow=0 return_oop=0}
                      ; - (reexecute) java.util.Properties::getProperty@36 (line 1148)
                      ; - java.lang.System::getProperty@8 (line 746)
                      ; - com.jetbrains.cef.JdkEx::isJetBrainsJDK@2 (line 107)
                      ; - org.cef.browser.CefBrowserWr$2$1::run@42 (line 117)
  0x0000024b5b045558: 8466 0cff 

  0x0000024b5b04555c: ;   {post_call_nop}
  0x0000024b5b04555c: 0f1f 8400 | d42a 0047 | ba45 ffff | ff4c 8b54 | 2438 4c89 | 5424 28c5 | fb11 4424 | 30c5 fb11 
  0x0000024b5b04557c: ;   {runtime_call UncommonTrapBlob}
  0x0000024b5b04557c: 4c24 38e8 

  0x0000024b5b045580: ; ImmutableOopMap {rbp=NarrowOop [32]=Oop [40]=Oop }
                      ;*if_acmpne {reexecute=1 rethrow=0 return_oop=0}
                      ; - (reexecute) org.cef.OS::isWindows@6 (line 19)
                      ; - org.cef.browser.CefBrowserWr$2$1::run@48 (line 117)
  0x0000024b5b045580: 5c66 0cff 

  0x0000024b5b045584: ;   {post_call_nop}
  0x0000024b5b045584: 0f1f 8400 | fc2a 0048 | ba45 ffff | ff4c 8b54 | 2438 4c89 

  0x0000024b5b045598: ;   {runtime_call UncommonTrapBlob}
  0x0000024b5b045598: 5424 28e8 

  0x0000024b5b04559c: ; ImmutableOopMap {[32]=Oop [40]=Oop }
                      ;*if_icmpne {reexecute=1 rethrow=0 return_oop=0}
                      ; - (reexecute) sun.awt.AppContext::getAppContext@7 (line 273)
                      ; - sun.awt.SunToolkit::getSystemEventQueueImplPP@0 (line 1092)
                      ; - sun.awt.SunToolkit::getSystemEventQueueImpl@0 (line 1087)
                      ; - java.awt.Toolkit::getSystemEventQueue@1 (line 1373)
                      ; - org.cef.browser.CefBrowserWr$2$1::run@323 (line 141)
  0x0000024b5b04559c: 4066 0cff 

  0x0000024b5b0455a0: ;   {post_call_nop}
  0x0000024b5b0455a0: 0f1f 8400 | 182b 0049 | ba45 ffff | ff4c 8b54 | 2438 4c89 | 5424 2844 | 8b5c 2460 | 4c8b 5424 
  0x0000024b5b0455c0: 584c 8954 | 2438 4c8b | 5424 684c | 8954 2448 | 4489 5c24 | 3489 7424 | 6044 8944 | 2464 4489 
  0x0000024b5b0455e0: 4c24 6889 | 7c24 6c89 | 5c24 7089 

  0x0000024b5b0455ec: ;   {runtime_call UncommonTrapBlob}
  0x0000024b5b0455ec: 4c24 74e8 

  0x0000024b5b0455f0: ; ImmutableOopMap {[32]=Oop [40]=Oop [64]=Oop [72]=Oop }
                      ;*ifne {reexecute=1 rethrow=0 return_oop=0}
                      ; - (reexecute) java.awt.event.InputEvent::canAccessSystemClipboard@3 (line 388)
                      ; - java.awt.event.InputEvent::<init>@19 (line 384)
                      ; - java.awt.event.MouseEvent::<init>@6 (line 759)
                      ; - org.cef.browser.CefBrowserWr$2$1::run@370 (line 141)
  0x0000024b5b0455f0: ec65 0cff 

  0x0000024b5b0455f4: ;   {post_call_nop}
  0x0000024b5b0455f4: 0f1f 8400 | 6c2b 004a | ba45 ffff | ff4c 8b54 | 2438 4c89 | 5424 28c5 | fb11 4424 | 30c5 fb11 
  0x0000024b5b045614: ;   {runtime_call UncommonTrapBlob}
  0x0000024b5b045614: 4c24 38e8 

  0x0000024b5b045618: ; ImmutableOopMap {rbp=NarrowOop [32]=Oop [40]=Oop }
                      ;*if_acmpne {reexecute=1 rethrow=0 return_oop=0}
                      ; - (reexecute) org.cef.OS::getOSType@6 (line 31)
                      ; - org.cef.OS::isWindows@0 (line 19)
                      ; - org.cef.browser.CefBrowserWr$2$1::run@48 (line 117)
  0x0000024b5b045618: c465 0cff 

  0x0000024b5b04561c: ;   {post_call_nop}
  0x0000024b5b04561c: 0f1f 8400 | 942b 004b | ba45 ffff | ff4c 8b54 | 2438 4c89 | 5424 28c5 | fb11 4424 | 30c5 fb11 
  0x0000024b5b04563c: ;   {runtime_call UncommonTrapBlob}
  0x0000024b5b04563c: 4c24 38e8 

  0x0000024b5b045640: ; ImmutableOopMap {[32]=Oop [40]=Oop }
                      ;*ifeq {reexecute=1 rethrow=0 return_oop=0}
                      ; - (reexecute) java.awt.Component::getLocationOnScreen_NoTreeLock@13 (line 2094)
                      ; - java.awt.Component::getLocationOnScreen@8 (line 2084)
                      ; - org.cef.browser.CefBrowserWr$2$1::run@55 (line 118)
  0x0000024b5b045640: 9c65 0cff 

  0x0000024b5b045644: ;   {post_call_nop}
  0x0000024b5b045644: 0f1f 8400 | bc2b 004c | ba45 ffff | ff4c 8b54 | 2438 4c89 

  0x0000024b5b045658: ;   {runtime_call UncommonTrapBlob}
  0x0000024b5b045658: 5424 28e8 

  0x0000024b5b04565c: ; ImmutableOopMap {rbp=NarrowOop [32]=Oop [40]=Oop }
                      ;*ifnull {reexecute=1 rethrow=0 return_oop=0}
                      ; - (reexecute) sun.awt.AppContext::getAppContext@13 (line 273)
                      ; - sun.awt.SunToolkit::getSystemEventQueueImplPP@0 (line 1092)
                      ; - sun.awt.SunToolkit::getSystemEventQueueImpl@0 (line 1087)
                      ; - java.awt.Toolkit::getSystemEventQueue@1 (line 1373)
                      ; - org.cef.browser.CefBrowserWr$2$1::run@323 (line 141)
  0x0000024b5b04565c: 8065 0cff 

  0x0000024b5b045660: ;   {post_call_nop}
  0x0000024b5b045660: 0f1f 8400 | d82b 004d | ba3d ffff | ff48 8b6c | 2420 4c8b | 5424 384c | 8954 2420 | 4c8b 5424 
  0x0000024b5b045680: 404c 8954 | 2438 4c8b | 5424 684c | 8954 2448 | 8974 242c | 894c 2454 

  0x0000024b5b045698: ;   {runtime_call UncommonTrapBlob}
  0x0000024b5b045698: 6666 90e8 

  0x0000024b5b04569c: ; ImmutableOopMap {rbp=Oop [32]=Oop [56]=Oop [72]=Oop [104]=Oop }
                      ;*ifge {reexecute=1 rethrow=0 return_oop=0}
                      ; - (reexecute) java.awt.event.MouseEvent::<init>@57 (line 766)
                      ; - org.cef.browser.CefBrowserWr$2$1::run@370 (line 141)
  0x0000024b5b04569c: 4065 0cff 

  0x0000024b5b0456a0: ;   {post_call_nop}
  0x0000024b5b0456a0: 0f1f 8400 | 182c 004e | 4983 c2fe | 498b ca48 | 8bfa 4833 | c048 83f9 | 087f 1048 | ffc9 784f 
  0x0000024b5b0456c0: 4889 04cf | 48ff c97d | f7eb 44c5 | ed57 d2e9 | 0d00 0000 | c5fe 7f17 | c5fe 7f57 | 2048 83c7 
  0x0000024b5b0456e0: 4048 83e9 | 087d ed48 | 83c1 047c | 0cc5 fe7f | 1748 83c7 | 2048 83e9 | 0448 83c1 | 047e 1048 
  0x0000024b5b045700: ffc9 c5f9 | d617 4883 | c708 48ff | c97d f3e9 | f5e6 ffff | bacc ffff | ff48 8b6c | 2420 4c8b 
  0x0000024b5b045720: 5424 384c | 8954 2420 | c5fb 1144 | 2428 c5fb | 114c 2430 | 4489 5c24 | 3844 894c | 243c 4489 
  0x0000024b5b045740: ;   {runtime_call UncommonTrapBlob}
  0x0000024b5b045740: 6c24 44e8 

  0x0000024b5b045744: ; ImmutableOopMap {rbp=Oop [32]=Oop [56]=NarrowOop }
                      ;*newarray {reexecute=1 rethrow=0 return_oop=0}
                      ; - (reexecute) java.lang.StringLatin1::toLowerCase@95 (line 434)
                      ; - java.lang.String::toLowerCase@13 (line 3704)
                      ; - java.lang.String::toLowerCase@4 (line 3728)
                      ; - com.jetbrains.cef.JdkEx::isJetBrainsJDK@11 (line 108)
                      ; - org.cef.browser.CefBrowserWr$2$1::run@42 (line 117)
  0x0000024b5b045744: 9864 0cff 

  0x0000024b5b045748: ;   {post_call_nop}
  0x0000024b5b045748: 0f1f 8400 | c02c 004f | ba6e ffff | ff48 8b6c | 2420 4c8b | 5424 384c | 8954 2420 | c5fb 1144 
  0x0000024b5b045768: 2428 c5fb | 114c 2430 | 4489 5c24 | 3848 895c | 2440 4489 | 4c24 4c44 | 896c 2450 

  0x0000024b5b045784: ;   {runtime_call UncommonTrapBlob}
  0x0000024b5b045784: 6666 90e8 

  0x0000024b5b045788: ; ImmutableOopMap {rbp=Oop [32]=Oop [56]=NarrowOop [64]=Oop }
                      ;*if_icmpge {reexecute=1 rethrow=0 return_oop=0}
                      ; - (reexecute) java.lang.StringLatin1::toLowerCase@115 (line 437)
                      ; - java.lang.String::toLowerCase@13 (line 3704)
                      ; - java.lang.String::toLowerCase@4 (line 3728)
                      ; - com.jetbrains.cef.JdkEx::isJetBrainsJDK@11 (line 108)
                      ; - org.cef.browser.CefBrowserWr$2$1::run@42 (line 117)
  0x0000024b5b045788: 5464 0cff 

  0x0000024b5b04578c: ;   {post_call_nop}
  0x0000024b5b04578c: 0f1f 8400 | 042d 0050 | ba45 ffff | ff48 8b6c 

  0x0000024b5b04579c: ;   {runtime_call UncommonTrapBlob}
  0x0000024b5b04579c: 2420 90e8 

  0x0000024b5b0457a0: ; ImmutableOopMap {rbp=Oop [56]=Oop }
                      ;*ifeq {reexecute=1 rethrow=0 return_oop=0}
                      ; - (reexecute) javax.swing.SwingUtilities::getRoot@21 (line 1667)
                      ; - org.cef.browser.CefBrowserWr$2$1::run@10 (line 111)
  0x0000024b5b0457a0: 3c64 0cff 

  0x0000024b5b0457a4: ;   {post_call_nop}
  0x0000024b5b0457a4: 0f1f 8400 | 1c2d 0051 | ba45 ffff | ff4c 8b54 | 2438 4c89 | 5424 28c5 | fb11 4424 | 30c5 fb11 
  0x0000024b5b0457c4: 4c24 3844 | 895c 2440 | 4489 4c24 | 4448 897c | 2448 894c 

  0x0000024b5b0457d8: ;   {runtime_call UncommonTrapBlob}
  0x0000024b5b0457d8: 2450 90e8 

  0x0000024b5b0457dc: ; ImmutableOopMap {rbp=NarrowOop [32]=Oop [40]=Oop [64]=NarrowOop [72]=Oop [80]=NarrowOop }
                      ;*if_acmpeq {reexecute=1 rethrow=0 return_oop=0}
                      ; - (reexecute) java.lang.StringLatin1::toLowerCase@67 (line 431)
                      ; - java.lang.String::toLowerCase@13 (line 3704)
                      ; - java.lang.String::toLowerCase@4 (line 3728)
                      ; - com.jetbrains.cef.JdkEx::isJetBrainsJDK@11 (line 108)
                      ; - org.cef.browser.CefBrowserWr$2$1::run@42 (line 117)
  0x0000024b5b0457dc: 0064 0cff 

  0x0000024b5b0457e0: ;   {post_call_nop}
  0x0000024b5b0457e0: 0f1f 8400 | 582d 0052 | ba45 ffff | ff4c 8b54 | 2438 4c89 | 5424 28c5 | fb11 4424 | 30c5 fb11 
  0x0000024b5b045800: 4c24 3844 | 895c 2440 | 4489 4c24 | 4448 897c | 2448 894c 

  0x0000024b5b045814: ;   {runtime_call UncommonTrapBlob}
  0x0000024b5b045814: 2450 90e8 

  0x0000024b5b045818: ; ImmutableOopMap {rbp=NarrowOop [32]=Oop [40]=Oop [64]=NarrowOop [72]=Oop [80]=NarrowOop }
                      ;*if_acmpeq {reexecute=1 rethrow=0 return_oop=0}
                      ; - (reexecute) java.lang.StringLatin1::toLowerCase@74 (line 431)
                      ; - java.lang.String::toLowerCase@13 (line 3704)
                      ; - java.lang.String::toLowerCase@4 (line 3728)
                      ; - com.jetbrains.cef.JdkEx::isJetBrainsJDK@11 (line 108)
                      ; - org.cef.browser.CefBrowserWr$2$1::run@42 (line 117)
  0x0000024b5b045818: c463 0cff 

  0x0000024b5b04581c: ;   {post_call_nop}
  0x0000024b5b04581c: 0f1f 8400 | 942d 0053 | ba45 ffff | ff4c 8b54 | 2438 4c89 | 5424 28c5 | fb11 4424 | 30c5 fb11 
  0x0000024b5b04583c: 4c24 3844 | 895c 2440 | 4489 4c24 | 4448 897c | 2448 894c 

  0x0000024b5b045850: ;   {runtime_call UncommonTrapBlob}
  0x0000024b5b045850: 2450 90e8 

  0x0000024b5b045854: ; ImmutableOopMap {rbp=NarrowOop [32]=Oop [40]=Oop [64]=NarrowOop [72]=Oop [80]=NarrowOop }
                      ;*if_acmpne {reexecute=1 rethrow=0 return_oop=0}
                      ; - (reexecute) java.lang.StringLatin1::toLowerCase@81 (line 431)
                      ; - java.lang.String::toLowerCase@13 (line 3704)
                      ; - java.lang.String::toLowerCase@4 (line 3728)
                      ; - com.jetbrains.cef.JdkEx::isJetBrainsJDK@11 (line 108)
                      ; - org.cef.browser.CefBrowserWr$2$1::run@42 (line 117)
  0x0000024b5b045854: 8863 0cff 

  0x0000024b5b045858: ;   {post_call_nop}
  0x0000024b5b045858: 0f1f 8400 | d02d 0054 | ba45 ffff 

  0x0000024b5b045864: ;   {runtime_call UncommonTrapBlob}
  0x0000024b5b045864: ff66 90e8 

  0x0000024b5b045868: ; ImmutableOopMap {rbp=NarrowOop [32]=Oop }
                      ;*ifnull {reexecute=1 rethrow=0 return_oop=0}
                      ; - (reexecute) javax.swing.SwingUtilities::getRoot@5 (line 1663)
                      ; - org.cef.browser.CefBrowserWr$2$1::run@10 (line 111)
  0x0000024b5b045868: 7463 0cff 

  0x0000024b5b04586c: ;   {post_call_nop}
  0x0000024b5b04586c: 0f1f 8400 | e42d 0055 | 488b 6c24 

  0x0000024b5b045878: ;   {metadata('java/awt/event/MouseEvent')}
  0x0000024b5b045878: 2848 bae8 | 9516 1e00 

  0x0000024b5b045880: ;   {runtime_call C2 Runtime new_instance}
  0x0000024b5b045880: 0000 00e8 

  0x0000024b5b045884: ; ImmutableOopMap {rbp=Oop [32]=Oop [56]=Oop }
                      ;*new {reexecute=0 rethrow=0 return_oop=1}
                      ; - org.cef.browser.CefBrowserWr$2$1::run@392 (line 147)
  0x0000024b5b045884: d8d5 0cff 

  0x0000024b5b045888: ;   {post_call_nop}
  0x0000024b5b045888: 0f1f 8400 | 002e 0056 | 4889 6c24 | 28e9 27ef | ffff ba45 | ffff ff4c | 8b54 2438 | 4c89 5424 
  0x0000024b5b0458a8: 28c5 fb11 | 4424 30c5 | fb11 4c24 | 384c 8944 | 2440 4489 

  0x0000024b5b0458bc: ;   {runtime_call UncommonTrapBlob}
  0x0000024b5b0458bc: 4c24 48e8 

  0x0000024b5b0458c0: ; ImmutableOopMap {rbp=NarrowOop [32]=Oop [40]=Oop [64]=Oop [72]=NarrowOop }
                      ;*ifnull {reexecute=1 rethrow=0 return_oop=0}
                      ; - (reexecute) java.util.concurrent.ConcurrentHashMap::get@67 (line 952)
                      ; - java.util.Properties::getProperty@5 (line 1145)
                      ; - java.lang.System::getProperty@8 (line 746)
                      ; - com.jetbrains.cef.JdkEx::isJetBrainsJDK@2 (line 107)
                      ; - org.cef.browser.CefBrowserWr$2$1::run@42 (line 117)
  0x0000024b5b0458c0: 1c63 0cff 

  0x0000024b5b0458c4: ;   {post_call_nop}
  0x0000024b5b0458c4: 0f1f 8400 | 3c2e 0057 | ba45 ffff | ff48 8b6c | 2420 4c8b | 5424 384c | 8954 2420 | 4c8b 5424 
  0x0000024b5b0458e4: 404c 8954 | 2438 4c89 

  0x0000024b5b0458ec: ;   {runtime_call UncommonTrapBlob}
  0x0000024b5b0458ec: 4424 48e8 

  0x0000024b5b0458f0: ; ImmutableOopMap {rbp=Oop [32]=Oop [56]=Oop [72]=Oop [104]=Oop }
                      ;*ifeq {reexecute=1 rethrow=0 return_oop=0}
                      ; - (reexecute) com.intellij.ide.IdeEventQueueKt::skipMoveResizeEvents@57 (line 1040)
                      ; - com.intellij.ide.IdeEventQueueKt::access$skipMoveResizeEvents@1 (line 1)
                      ; - com.intellij.ide.IdeEventQueue::_init_$lambda$2@8 (line 204)
                      ; - com.intellij.ide.IdeEventQueue$$Lambda/0x000000001e290dc8::invoke@4
                      ; - com.intellij.ide.IdeEventQueue::doPostEvent@40 (line 881)
                      ; - com.intellij.ide.IdeEventQueue::postEvent@10 (line 874)
                      ; - org.cef.browser.CefBrowserWr$2$1::run@373 (line 141)
  0x0000024b5b0458f0: ec62 0cff 

  0x0000024b5b0458f4: ;   {post_call_nop}
  0x0000024b5b0458f4: 0f1f 8400 | 6c2e 0058 | 81fe be02 | 0000 7d70 | 81fe bc02 | 0000 0f8e | 83e0 ffff | ba45 ffff 
  0x0000024b5b045914: ff48 8b6c | 2420 4889 | 4424 204c | 8b54 2440 | 4c89 5424 | 384c 8b54 | 2468 4c89 | 5424 4844 
  0x0000024b5b045934: 8b5c 2460 | 4489 5c24 | 2c4c 8954 | 2450 4489 | 4424 6c44 | 894c 2470 | 897c 2474 | 895c 2478 
  0x0000024b5b045954: 894c 247c | 4489 ac24 | 8000 0000 | 89b4 2484 

  0x0000024b5b045964: ;   {runtime_call UncommonTrapBlob}
  0x0000024b5b045964: 0000 00e8 

  0x0000024b5b045968: ; ImmutableOopMap {rbp=Oop [32]=Oop [56]=Oop [72]=Oop [80]=Oop }
                      ;*lookupswitch {reexecute=1 rethrow=0 return_oop=0}
                      ; - (reexecute) java.awt.AWTEvent::<init>@21 (line 302)
                      ; - java.awt.event.ComponentEvent::<init>@3 (line 122)
                      ; - java.awt.event.InputEvent::<init>@3 (line 381)
                      ; - java.awt.event.MouseEvent::<init>@6 (line 759)
                      ; - org.cef.browser.CefBrowserWr$2$1::run@370 (line 141)
  0x0000024b5b045968: 7462 0cff 

  0x0000024b5b04596c: ;   {post_call_nop}
  0x0000024b5b04596c: 0f1f 8400 | e42e 0059 | 81fe 8303 | 0000 0f8e | 13e0 ffff | 81fe 8503 | 0000 0f8d | 07e0 ffff 
  0x0000024b5b04598c: ba45 ffff | ff48 8b6c | 2420 4889 | 4424 2044 | 8b5c 2460 | 4c8b 5424 | 404c 8954 | 2438 4c8b 
  0x0000024b5b0459ac: 5424 684c | 8954 2448 | 4489 5c24 | 2c4c 8954 | 2450 4489 | 4424 6c44 | 894c 2470 | 897c 2474 
  0x0000024b5b0459cc: 895c 2478 | 894c 247c | 4489 ac24 | 8000 0000 | 89b4 2484 

  0x0000024b5b0459e0: ;   {runtime_call UncommonTrapBlob}
  0x0000024b5b0459e0: 0000 00e8 

  0x0000024b5b0459e4: ; ImmutableOopMap {rbp=Oop [32]=Oop [56]=Oop [72]=Oop [80]=Oop }
                      ;*lookupswitch {reexecute=1 rethrow=0 return_oop=0}
                      ; - (reexecute) java.awt.AWTEvent::<init>@21 (line 302)
                      ; - java.awt.event.ComponentEvent::<init>@3 (line 122)
                      ; - java.awt.event.InputEvent::<init>@3 (line 381)
                      ; - java.awt.event.MouseEvent::<init>@6 (line 759)
                      ; - org.cef.browser.CefBrowserWr$2$1::run@370 (line 141)
  0x0000024b5b0459e4: f861 0cff 

  0x0000024b5b0459e8: ;   {post_call_nop}
  0x0000024b5b0459e8: 0f1f 8400 | 602f 005a | 4c8b 5424 | 5041 8b6a | 2ce9 71f2 | ffff ba45 | ffff ff4c | 8b54 2438 
  0x0000024b5b045a08: 4c89 5424 | 28c5 fb11 | 4424 30c5 | fb11 4c24 | 384c 8944 | 2440 4889 

  0x0000024b5b045a20: ;   {runtime_call UncommonTrapBlob}
  0x0000024b5b045a20: 4c24 48e8 

  0x0000024b5b045a24: ; ImmutableOopMap {rbp=NarrowOop [32]=Oop [40]=Oop [64]=Oop [72]=Oop }
                      ;*ifnull {reexecute=1 rethrow=0 return_oop=0}
                      ; - (reexecute) java.util.concurrent.ConcurrentHashMap::get@143 (line 958)
                      ; - java.util.Properties::getProperty@5 (line 1145)
                      ; - java.lang.System::getProperty@8 (line 746)
                      ; - com.jetbrains.cef.JdkEx::isJetBrainsJDK@2 (line 107)
                      ; - org.cef.browser.CefBrowserWr$2$1::run@42 (line 117)
  0x0000024b5b045a24: b861 0cff 

  0x0000024b5b045a28: ;   {post_call_nop}
  0x0000024b5b045a28: 0f1f 8400 | a02f 005b | 413b e944 | 8b5c 2428 | 410f 9cc3 | ba45 ffff | ff48 8b6c | 2420 4c8b 
  0x0000024b5b045a48: 5424 384c | 8954 2420 | 4489 5c24 | 304c 8b54 | 2440 4c89 | 5424 384c | 8b54 2448 | 4c89 5424 
  0x0000024b5b045a68: 4048 895c 

  0x0000024b5b045a6c: ;   {runtime_call UncommonTrapBlob}
  0x0000024b5b045a6c: 2448 90e8 

  0x0000024b5b045a70: ; ImmutableOopMap {rbp=Oop [32]=Oop [56]=Oop [64]=Oop [72]=Oop }
                      ;*ifne {reexecute=1 rethrow=0 return_oop=0}
                      ; - (reexecute) com.intellij.util.containers.LockFreeCopyOnWriteArrayList$COWIterator::next@4 (line 849)
                      ; - com.intellij.ide.IdeEventQueue::doPostEvent@27 (line 880)
                      ; - com.intellij.ide.IdeEventQueue::postEvent@10 (line 874)
                      ; - org.cef.browser.CefBrowserWr$2$1::run@297 (line 137)
  0x0000024b5b045a70: 6c61 0cff 

  0x0000024b5b045a74: ;   {post_call_nop}
  0x0000024b5b045a74: 0f1f 8400 | ec2f 005c | bae4 ffff | ff4c 8b5c | 2438 4c89 | 5c24 284c | 8b5c 2440 | 4c89 5c24 
  0x0000024b5b045a94: 384c 8b5c | 2448 4c89 | 5c24 4048 | 895c 2448 | 897c 2450 

  0x0000024b5b045aa8: ;   {runtime_call UncommonTrapBlob}
  0x0000024b5b045aa8: 6666 90e8 

  0x0000024b5b045aac: ; ImmutableOopMap {[32]=Oop [40]=Oop [56]=Oop [64]=Oop [72]=Oop [80]=NarrowOop }
                      ;*aaload {reexecute=0 rethrow=0 return_oop=0}
                      ; - com.intellij.util.containers.LockFreeCopyOnWriteArrayList$COWIterator::next@38 (line 854)
                      ; - com.intellij.ide.IdeEventQueue::doPostEvent@27 (line 880)
                      ; - com.intellij.ide.IdeEventQueue::postEvent@10 (line 874)
                      ; - org.cef.browser.CefBrowserWr$2$1::run@297 (line 137)
  0x0000024b5b045aac: 3061 0cff 

  0x0000024b5b045ab0: ;   {post_call_nop}
  0x0000024b5b045ab0: 0f1f 8400 | 2830 005d | ba45 ffff | ff4c 8b5c | 2438 4c89 | 5c24 284c | 8b5c 2440 | 4c89 5c24 
  0x0000024b5b045ad0: 3848 894c | 2440 4c89 

  0x0000024b5b045ad8: ;   {runtime_call UncommonTrapBlob}
  0x0000024b5b045ad8: 5424 48e8 

  0x0000024b5b045adc: ; ImmutableOopMap {rbp=Oop [32]=Oop [40]=Oop [56]=Oop [64]=Oop [72]=Oop }
                      ;*ifnull {reexecute=1 rethrow=0 return_oop=0}
                      ; - (reexecute) com.intellij.ide.IdeEventQueueKt::skipMoveResizeEvents@69 (line 1040)
                      ; - com.intellij.ide.IdeEventQueueKt::access$skipMoveResizeEvents@1 (line 1)
                      ; - com.intellij.ide.IdeEventQueue::_init_$lambda$2@8 (line 204)
                      ; - com.intellij.ide.IdeEventQueue$$Lambda/0x000000001e290dc8::invoke@4
                      ; - com.intellij.ide.IdeEventQueue::doPostEvent@40 (line 881)
                      ; - com.intellij.ide.IdeEventQueue::postEvent@10 (line 874)
                      ; - org.cef.browser.CefBrowserWr$2$1::run@297 (line 137)
  0x0000024b5b045adc: 0061 0cff 

  0x0000024b5b045ae0: ;   {post_call_nop}
  0x0000024b5b045ae0: 0f1f 8400 | 5830 005e | baf6 ffff 

  0x0000024b5b045aec: ;   {runtime_call UncommonTrapBlob}
  0x0000024b5b045aec: ff66 90e8 

  0x0000024b5b045af0: ; ImmutableOopMap {}
                      ;*invokevirtual contains {reexecute=0 rethrow=0 return_oop=0}
                      ; - com.jetbrains.cef.JdkEx::isJetBrainsJDK@16 (line 108)
                      ; - org.cef.browser.CefBrowserWr$2$1::run@42 (line 117)
  0x0000024b5b045af0: ec60 0cff 

  0x0000024b5b045af4: ;   {post_call_nop}
  0x0000024b5b045af4: 0f1f 8400 | 6c30 005f | baf6 ffff 

  0x0000024b5b045b00: ;   {runtime_call UncommonTrapBlob}
  0x0000024b5b045b00: ff66 90e8 

  0x0000024b5b045b04: ; ImmutableOopMap {}
                      ;*invokevirtual get {reexecute=0 rethrow=0 return_oop=0}
                      ; - sun.awt.SunToolkit::getSystemEventQueueImplPP@4 (line 1097)
                      ; - sun.awt.SunToolkit::getSystemEventQueueImplPP@3 (line 1092)
                      ; - sun.awt.SunToolkit::getSystemEventQueueImpl@0 (line 1087)
                      ; - java.awt.Toolkit::getSystemEventQueue@1 (line 1373)
                      ; - org.cef.browser.CefBrowserWr$2$1::run@255 (line 137)
  0x0000024b5b045b04: d860 0cff 

  0x0000024b5b045b08: ;   {post_call_nop}
  0x0000024b5b045b08: 0f1f 8400 | 8030 0060 | baf6 ffff 

  0x0000024b5b045b14: ;   {runtime_call UncommonTrapBlob}
  0x0000024b5b045b14: ff66 90e8 

  0x0000024b5b045b18: ; ImmutableOopMap {}
                      ;*invokevirtual incrementAndGet {reexecute=0 rethrow=0 return_oop=0}
                      ; - com.intellij.ide.IdeEventQueue::doPostEvent@60 (line 885)
                      ; - com.intellij.ide.IdeEventQueue::postEvent@10 (line 874)
                      ; - org.cef.browser.CefBrowserWr$2$1::run@297 (line 137)
  0x0000024b5b045b18: c460 0cff 

  0x0000024b5b045b1c: ;   {post_call_nop}
  0x0000024b5b045b1c: 0f1f 8400 | 9430 0061 | ba37 ffff | ff48 8b6c | 2420 4889 

  0x0000024b5b045b30: ;   {runtime_call UncommonTrapBlob}
  0x0000024b5b045b30: 4424 30e8 

  0x0000024b5b045b34: ; ImmutableOopMap {rbp=Oop [48]=Oop [56]=Oop }
                      ;*invokevirtual getSystemEventQueueImpl {reexecute=0 rethrow=0 return_oop=0}
                      ; - java.awt.Toolkit::getSystemEventQueue@1 (line 1373)
                      ; - org.cef.browser.CefBrowserWr$2$1::run@255 (line 137)
  0x0000024b5b045b34: a860 0cff 

  0x0000024b5b045b38: ;   {post_call_nop}
  0x0000024b5b045b38: 0f1f 8400 | b030 0062 | bade ffff | ff4c 8b5c | 2438 4c89 | 5c24 2848 | ff74 2440 | 488f 4424 
  0x0000024b5b045b58: 384c 8954 

  0x0000024b5b045b5c: ;   {runtime_call UncommonTrapBlob}
  0x0000024b5b045b5c: 2440 90e8 

  0x0000024b5b045b60: ; ImmutableOopMap {rbp=NarrowOop [32]=Oop [40]=Oop [56]=Oop [64]=Oop }
                      ;*invokeinterface iterator {reexecute=0 rethrow=0 return_oop=0}
                      ; - com.intellij.ide.IdeEventQueue::doPostEvent@11 (line 880)
                      ; - com.intellij.ide.IdeEventQueue::postEvent@10 (line 874)
                      ; - org.cef.browser.CefBrowserWr$2$1::run@297 (line 137)
  0x0000024b5b045b60: 7c60 0cff 

  0x0000024b5b045b64: ;   {post_call_nop}
  0x0000024b5b045b64: 0f1f 8400 | dc30 0063 | bade ffff | ff48 8b6c | 2420 4c8b | 5424 384c | 8954 2420 | 4c8b 5424 
  0x0000024b5b045b84: 404c 8954 | 2430 4c8b | 5424 484c | 8954 2438 | 4889 5c24 

  0x0000024b5b045b98: ;   {runtime_call UncommonTrapBlob}
  0x0000024b5b045b98: 4866 90e8 

  0x0000024b5b045b9c: ; ImmutableOopMap {rbp=Oop [32]=Oop [48]=Oop [56]=Oop [72]=Oop }
                      ;*invokeinterface hasNext {reexecute=0 rethrow=0 return_oop=0}
                      ; - com.intellij.ide.IdeEventQueue::doPostEvent@18 (line 880)
                      ; - com.intellij.ide.IdeEventQueue::postEvent@10 (line 874)
                      ; - org.cef.browser.CefBrowserWr$2$1::run@297 (line 137)
  0x0000024b5b045b9c: 4060 0cff 

  0x0000024b5b045ba0: ;   {post_call_nop}
  0x0000024b5b045ba0: 0f1f 8400 | 1831 0064 | 81fd 7805 | 0000 0f8e | a1e8 ffff | ba45 ffff | ff4c 8b5c | 2438 4c89 
  0x0000024b5b045bc0: 5c24 284c | 8b5c 2440 | 4c89 5c24 | 384c 8954 | 2448 4889 

  0x0000024b5b045bd4: ;   {runtime_call UncommonTrapBlob}
  0x0000024b5b045bd4: 4c24 50e8 

  0x0000024b5b045bd8: ; ImmutableOopMap {[32]=Oop [40]=Oop [56]=Oop [72]=Oop [80]=Oop }
                      ;*lookupswitch {reexecute=1 rethrow=0 return_oop=0}
                      ; - (reexecute) com.intellij.ide.IdeEventQueueKt::skipMoveResizeEvents@4 (line 1037)
                      ; - com.intellij.ide.IdeEventQueueKt::access$skipMoveResizeEvents@1 (line 1)
                      ; - com.intellij.ide.IdeEventQueue::_init_$lambda$2@8 (line 204)
                      ; - com.intellij.ide.IdeEventQueue$$Lambda/0x000000001e290dc8::invoke@4
                      ; - com.intellij.ide.IdeEventQueue::doPostEvent@40 (line 881)
                      ; - com.intellij.ide.IdeEventQueue::postEvent@10 (line 874)
                      ; - org.cef.browser.CefBrowserWr$2$1::run@297 (line 137)
  0x0000024b5b045bd8: 0460 0cff 

  0x0000024b5b045bdc: ;   {post_call_nop}
  0x0000024b5b045bdc: 0f1f 8400 | 5431 0065 | ba45 ffff 

  0x0000024b5b045be8: ;   {runtime_call UncommonTrapBlob}
  0x0000024b5b045be8: ff66 90e8 

  0x0000024b5b045bec: ; ImmutableOopMap {[32]=Oop [56]=Oop }
                      ;*if_icmpne {reexecute=1 rethrow=0 return_oop=0}
                      ; - (reexecute) sun.awt.AppContext::getAppContext@7 (line 273)
                      ; - sun.awt.SunToolkit::getSystemEventQueueImplPP@0 (line 1092)
                      ; - sun.awt.SunToolkit::getSystemEventQueueImpl@0 (line 1087)
                      ; - java.awt.Toolkit::getSystemEventQueue@1 (line 1373)
                      ; - org.cef.browser.CefBrowserWr$2$1::run@255 (line 137)
  0x0000024b5b045bec: f05f 0cff 

  0x0000024b5b045bf0: ;   {post_call_nop}
  0x0000024b5b045bf0: 0f1f 8400 | 6831 0066 | ba45 ffff | ff48 8974 | 2428 4c8b | 4c24 584c | 894c 2430 | 4c8b 4c24 
  0x0000024b5b045c10: 404c 894c | 2438 4489 | 4424 5844 | 895c 245c | 4489 5424 

  0x0000024b5b045c24: ;   {runtime_call UncommonTrapBlob}
  0x0000024b5b045c24: 6066 90e8 

  0x0000024b5b045c28: ; ImmutableOopMap {[32]=Oop [40]=Oop [56]=Oop [72]=Oop }
                      ;*ifne {reexecute=1 rethrow=0 return_oop=0}
                      ; - (reexecute) java.awt.event.InputEvent::canAccessSystemClipboard@3 (line 388)
                      ; - java.awt.event.InputEvent::<init>@19 (line 384)
                      ; - java.awt.event.MouseEvent::<init>@6 (line 759)
                      ; - java.awt.event.MouseWheelEvent::<init>@19 (line 302)
                      ; - java.awt.event.MouseWheelEvent::<init>@27 (line 248)
                      ; - java.awt.event.MouseWheelEvent::<init>@22 (line 201)
                      ; - org.cef.browser.CefBrowserWr$2$1::run@294 (line 137)
  0x0000024b5b045c28: b45f 0cff 

  0x0000024b5b045c2c: ;   {post_call_nop}
  0x0000024b5b045c2c: 0f1f 8400 | a431 0067 | ba45 ffff | ff48 8b6c | 2420 897c 

  0x0000024b5b045c40: ;   {runtime_call UncommonTrapBlob}
  0x0000024b5b045c40: 2430 90e8 

  0x0000024b5b045c44: ; ImmutableOopMap {rbp=Oop [56]=Oop }
                      ;*ifle {reexecute=1 rethrow=0 return_oop=0}
                      ; - (reexecute) org.cef.browser.CefBrowserWr$2$1::run@242 (line 136)
  0x0000024b5b045c44: 985f 0cff 

  0x0000024b5b045c48: ;   {post_call_nop}
  0x0000024b5b045c48: 0f1f 8400 | c031 0068 | ba45 ffff 

  0x0000024b5b045c54: ;   {runtime_call UncommonTrapBlob}
  0x0000024b5b045c54: ff66 90e8 

  0x0000024b5b045c58: ; ImmutableOopMap {rbp=NarrowOop [32]=Oop [56]=Oop }
                      ;*ifnull {reexecute=1 rethrow=0 return_oop=0}
                      ; - (reexecute) sun.awt.AppContext::getAppContext@13 (line 273)
                      ; - sun.awt.SunToolkit::getSystemEventQueueImplPP@0 (line 1092)
                      ; - sun.awt.SunToolkit::getSystemEventQueueImpl@0 (line 1087)
                      ; - java.awt.Toolkit::getSystemEventQueue@1 (line 1373)
                      ; - org.cef.browser.CefBrowserWr$2$1::run@255 (line 137)
  0x0000024b5b045c58: 845f 0cff 

  0x0000024b5b045c5c: ;   {post_call_nop}
  0x0000024b5b045c5c: 0f1f 8400 | d431 0069 | bae4 ffff | ff48 8b6c | 2420 4489 | 5c24 3044 | 8954 2434 

  0x0000024b5b045c78: ;   {runtime_call UncommonTrapBlob}
  0x0000024b5b045c78: 6666 90e8 

  0x0000024b5b045c7c: ; ImmutableOopMap {rbp=Oop [48]=NarrowOop [56]=Oop }
                      ;*iaload {reexecute=0 rethrow=0 return_oop=0}
                      ; - org.cef.browser.CefBrowserWr$2::getClickCount@109 (line 172)
                      ; - org.cef.browser.CefBrowserWr$2$1::run@315 (line 140)
  0x0000024b5b045c7c: 605f 0cff 

  0x0000024b5b045c80: ;   {post_call_nop}
  0x0000024b5b045c80: 0f1f 8400 | f831 006a | ba45 ffff | ff48 8b6c | 2420 4c8b | 5424 384c | 8954 2420 | 4c8b 5424 
  0x0000024b5b045ca0: 404c 8954 | 2438 894c 

  0x0000024b5b045ca8: ;   {runtime_call UncommonTrapBlob}
  0x0000024b5b045ca8: 242c 90e8 

  0x0000024b5b045cac: ; ImmutableOopMap {rbp=Oop [32]=Oop [56]=Oop [104]=Oop }
                      ;*if_icmpgt {reexecute=1 rethrow=0 return_oop=0}
                      ; - (reexecute) java.awt.event.MouseEvent::<init>@203 (line 797)
                      ; - org.cef.browser.CefBrowserWr$2$1::run@370 (line 141)
  0x0000024b5b045cac: 305f 0cff 

  0x0000024b5b045cb0: ;   {post_call_nop}
  0x0000024b5b045cb0: 0f1f 8400 | 2832 006b | baf6 ffff | ff8b 6c24 

  0x0000024b5b045cc0: ;   {runtime_call UncommonTrapBlob}
  0x0000024b5b045cc0: 4066 90e8 

  0x0000024b5b045cc4: ; ImmutableOopMap {}
                      ;*iaload {reexecute=0 rethrow=0 return_oop=0}
                      ; - org.cef.browser.CefBrowserWr$2::getClickCount@109 (line 172)
                      ; - org.cef.browser.CefBrowserWr$2$1::run@315 (line 140)
  0x0000024b5b045cc4: 185f 0cff 

  0x0000024b5b045cc8: ;   {post_call_nop}
  0x0000024b5b045cc8: 0f1f 8400 | 4032 006c | baf6 ffff 

  0x0000024b5b045cd4: ;   {runtime_call UncommonTrapBlob}
  0x0000024b5b045cd4: ff66 90e8 

  0x0000024b5b045cd8: ; ImmutableOopMap {}
                      ;*invokevirtual get {reexecute=0 rethrow=0 return_oop=0}
                      ; - sun.awt.SunToolkit::getSystemEventQueueImplPP@4 (line 1097)
                      ; - sun.awt.SunToolkit::getSystemEventQueueImplPP@3 (line 1092)
                      ; - sun.awt.SunToolkit::getSystemEventQueueImpl@0 (line 1087)
                      ; - java.awt.Toolkit::getSystemEventQueue@1 (line 1373)
                      ; - org.cef.browser.CefBrowserWr$2$1::run@389 (line 147)
  0x0000024b5b045cd8: 045f 0cff 

  0x0000024b5b045cdc: ;   {post_call_nop}
  0x0000024b5b045cdc: 0f1f 8400 | 5432 006d | ba37 ffff | ff48 8b6c | 2420 4c8b | 5424 384c | 8954 2420 | 448b 5424 
  0x0000024b5b045cfc: 3044 8954 | 2428 4889 

  0x0000024b5b045d04: ;   {runtime_call UncommonTrapBlob}
  0x0000024b5b045d04: 4424 38e8 

  0x0000024b5b045d08: ; ImmutableOopMap {rbp=Oop [32]=Oop [56]=Oop }
                      ;*invokevirtual getSystemEventQueueImpl {reexecute=0 rethrow=0 return_oop=0}
                      ; - java.awt.Toolkit::getSystemEventQueue@1 (line 1373)
                      ; - org.cef.browser.CefBrowserWr$2$1::run@389 (line 147)
  0x0000024b5b045d08: d45e 0cff 

  0x0000024b5b045d0c: ;   {post_call_nop}
  0x0000024b5b045d0c: 0f1f 8400 | 8432 006e | bae4 ffff | ff48 8b6c | 2420 4c8b | 5424 384c | 8954 2420 | 448b 5c24 
  0x0000024b5b045d2c: 4044 895c 

  0x0000024b5b045d30: ;   {runtime_call UncommonTrapBlob}
  0x0000024b5b045d30: 243c 90e8 

  0x0000024b5b045d34: ; ImmutableOopMap {rbp=Oop [32]=Oop [48]=NarrowOop [52]=NarrowOop }
                      ;*laload {reexecute=0 rethrow=0 return_oop=0}
                      ; - org.cef.browser.CefBrowserWr$2::getClickCount@55 (line 162)
                      ; - org.cef.browser.CefBrowserWr$2$1::run@315 (line 140)
  0x0000024b5b045d34: a85e 0cff 

  0x0000024b5b045d38: ;   {post_call_nop}
  0x0000024b5b045d38: 0f1f 8400 | b032 006f | ba45 ffff | ff48 8b6c | 2420 4c8b | 5c24 384c | 895c 2420 | 4c8b 5c24 
  0x0000024b5b045d58: 404c 895c | 2430 4c89 

  0x0000024b5b045d60: ;   {runtime_call UncommonTrapBlob}
  0x0000024b5b045d60: 5424 40e8 

  0x0000024b5b045d64: ; ImmutableOopMap {rbp=Oop [32]=Oop [48]=Oop [64]=Oop [72]=Oop }
                      ;*ifeq {reexecute=1 rethrow=0 return_oop=0}
                      ; - (reexecute) com.intellij.ide.IdeEventQueueKt::skipMoveResizeEvents@57 (line 1040)
                      ; - com.intellij.ide.IdeEventQueueKt::access$skipMoveResizeEvents@1 (line 1)
                      ; - com.intellij.ide.IdeEventQueue::_init_$lambda$2@8 (line 204)
                      ; - com.intellij.ide.IdeEventQueue$$Lambda/0x000000001e290dc8::invoke@4
                      ; - com.intellij.ide.IdeEventQueue::doPostEvent@40 (line 881)
                      ; - com.intellij.ide.IdeEventQueue::postEvent@10 (line 874)
                      ; - org.cef.browser.CefBrowserWr$2$1::run@297 (line 137)
  0x0000024b5b045d64: 785e 0cff 

  0x0000024b5b045d68: ;   {post_call_nop}
  0x0000024b5b045d68: 0f1f 8400 | e032 0070 | 81f9 be02 | 0000 7d50 | 81f9 bc02 | 0000 0f8e | 0ce5 ffff | ba45 ffff 
  0x0000024b5b045d88: ff48 8b6c | 2420 4889 | 7424 2048 | 8b4c 2458 | 4889 4c24 | 3048 8b4c | 2440 4889 | 4c24 3844 
  0x0000024b5b045da8: 895c 245c | 4489 5424 | 6044 894c | 2464 4489 

  0x0000024b5b045db8: ;   {runtime_call UncommonTrapBlob}
  0x0000024b5b045db8: 4424 78e8 

  0x0000024b5b045dbc: ; ImmutableOopMap {rbp=Oop [32]=Oop [56]=Oop [72]=Oop }
                      ;*lookupswitch {reexecute=1 rethrow=0 return_oop=0}
                      ; - (reexecute) java.awt.AWTEvent::<init>@21 (line 302)
                      ; - java.awt.event.ComponentEvent::<init>@3 (line 122)
                      ; - java.awt.event.InputEvent::<init>@3 (line 381)
                      ; - java.awt.event.MouseEvent::<init>@6 (line 759)
                      ; - java.awt.event.MouseWheelEvent::<init>@19 (line 302)
                      ; - java.awt.event.MouseWheelEvent::<init>@27 (line 248)
                      ; - java.awt.event.MouseWheelEvent::<init>@22 (line 201)
                      ; - org.cef.browser.CefBrowserWr$2$1::run@294 (line 137)
  0x0000024b5b045dbc: 205e 0cff 

  0x0000024b5b045dc0: ;   {post_call_nop}
  0x0000024b5b045dc0: 0f1f 8400 | 3833 0071 | 81f9 8303 | 0000 0f8e | bce4 ffff | 81f9 8503 | 0000 0f8d | b0e4 ffff 
  0x0000024b5b045de0: ba45 ffff | ff48 8b6c | 2420 4889 | 7424 2048 | 8b4c 2458 | 4889 4c24 | 3048 8b4c | 2440 4889 
  0x0000024b5b045e00: 4c24 3844 | 895c 245c | 4489 5424 | 6044 894c | 2464 4489 

  0x0000024b5b045e14: ;   {runtime_call UncommonTrapBlob}
  0x0000024b5b045e14: 4424 78e8 

  0x0000024b5b045e18: ; ImmutableOopMap {rbp=Oop [32]=Oop [56]=Oop [72]=Oop }
                      ;*lookupswitch {reexecute=1 rethrow=0 return_oop=0}
                      ; - (reexecute) java.awt.AWTEvent::<init>@21 (line 302)
                      ; - java.awt.event.ComponentEvent::<init>@3 (line 122)
                      ; - java.awt.event.InputEvent::<init>@3 (line 381)
                      ; - java.awt.event.MouseEvent::<init>@6 (line 759)
                      ; - java.awt.event.MouseWheelEvent::<init>@19 (line 302)
                      ; - java.awt.event.MouseWheelEvent::<init>@27 (line 248)
                      ; - java.awt.event.MouseWheelEvent::<init>@22 (line 201)
                      ; - org.cef.browser.CefBrowserWr$2$1::run@294 (line 137)
  0x0000024b5b045e18: c45d 0cff 

  0x0000024b5b045e1c: ;   {post_call_nop}
  0x0000024b5b045e1c: 0f1f 8400 | 9433 0072 | ba45 ffff | ff4c 8b54 | 2438 4c89 

  0x0000024b5b045e30: ;   {runtime_call UncommonTrapBlob}
  0x0000024b5b045e30: 5424 28e8 

  0x0000024b5b045e34: ; ImmutableOopMap {[32]=Oop [40]=Oop }
                      ;*if_icmpne {reexecute=1 rethrow=0 return_oop=0}
                      ; - (reexecute) sun.awt.AppContext::getAppContext@7 (line 273)
                      ; - sun.awt.SunToolkit::getSystemEventQueueImplPP@0 (line 1092)
                      ; - sun.awt.SunToolkit::getSystemEventQueueImpl@0 (line 1087)
                      ; - java.awt.Toolkit::getSystemEventQueue@1 (line 1373)
                      ; - org.cef.browser.CefBrowserWr$2$1::run@389 (line 147)
  0x0000024b5b045e34: a85d 0cff 

  0x0000024b5b045e38: ;   {post_call_nop}
  0x0000024b5b045e38: 0f1f 8400 | b033 0073 | ba45 ffff | ff8b 7c24 | 3089 7c24 | 204d 8bd5 | 4c89 5424 | 3844 894c 
  0x0000024b5b045e58: 2424 4489 | 5c24 4089 | 4c24 4489 | 5c24 4844 | 8944 244c 

  0x0000024b5b045e6c: ;   {runtime_call UncommonTrapBlob}
  0x0000024b5b045e6c: 6666 90e8 

  0x0000024b5b045e70: ; ImmutableOopMap {[40]=Oop [56]=Oop [80]=Oop }
                      ;*ifne {reexecute=1 rethrow=0 return_oop=0}
                      ; - (reexecute) java.awt.event.InputEvent::canAccessSystemClipboard@3 (line 388)
                      ; - java.awt.event.InputEvent::<init>@19 (line 384)
                      ; - java.awt.event.MouseEvent::<init>@6 (line 759)
                      ; - org.cef.browser.CefBrowserWr$2$1::run@435 (line 147)
  0x0000024b5b045e70: 6c5d 0cff 

  0x0000024b5b045e74: ;   {post_call_nop}
  0x0000024b5b045e74: 0f1f 8400 | ec33 0074 | bae4 ffff | ff48 8b6c | 2420 4c8b | 5424 384c | 8954 2420 | 448b 5424 
  0x0000024b5b045e94: 4044 8954 | 243c 897c 

  0x0000024b5b045e9c: ;   {runtime_call UncommonTrapBlob}
  0x0000024b5b045e9c: 2444 90e8 

  0x0000024b5b045ea0: ; ImmutableOopMap {rbp=Oop [32]=Oop [48]=NarrowOop [68]=NarrowOop }
                      ;*iaload {reexecute=0 rethrow=0 return_oop=0}
                      ; - org.cef.browser.CefBrowserWr$2::getClickCount@100 (line 168)
                      ; - org.cef.browser.CefBrowserWr$2$1::run@315 (line 140)
  0x0000024b5b045ea0: 3c5d 0cff 

  0x0000024b5b045ea4: ;   {post_call_nop}
  0x0000024b5b045ea4: 0f1f 8400 | 1c34 0075 | baf6 ffff 

  0x0000024b5b045eb0: ;   {runtime_call UncommonTrapBlob}
  0x0000024b5b045eb0: ff66 90e8 

  0x0000024b5b045eb4: ; ImmutableOopMap {}
                      ;*invokevirtual getDesktopProperty {reexecute=0 rethrow=0 return_oop=0}
                      ; - org.cef.browser.CefBrowserWr$2::getClickCount@72 (line 164)
                      ; - org.cef.browser.CefBrowserWr$2$1::run@315 (line 140)
  0x0000024b5b045eb4: 285d 0cff 

  0x0000024b5b045eb8: ;   {post_call_nop}
  0x0000024b5b045eb8: 0f1f 8400 | 3034 0076 | bae4 ffff | ff48 8b6c | 2420 4c8b | 5424 384c | 8954 2420 | 4489 5c24 
  0x0000024b5b045ed8: 3844 894c 

  0x0000024b5b045edc: ;   {runtime_call UncommonTrapBlob}
  0x0000024b5b045edc: 243c 90e8 

  0x0000024b5b045ee0: ; ImmutableOopMap {rbp=Oop [32]=Oop [48]=NarrowOop [56]=NarrowOop }
                      ;*iastore {reexecute=0 rethrow=0 return_oop=0}
                      ; - org.cef.browser.CefBrowserWr$2::getClickCount@90 (line 166)
                      ; - org.cef.browser.CefBrowserWr$2$1::run@315 (line 140)
  0x0000024b5b045ee0: fc5c 0cff 

  0x0000024b5b045ee4: ;   {post_call_nop}
  0x0000024b5b045ee4: 0f1f 8400 | 5c34 0077 | ba45 ffff | ff4c 8b54 | 2438 4c89 

  0x0000024b5b045ef8: ;   {runtime_call UncommonTrapBlob}
  0x0000024b5b045ef8: 5424 28e8 

  0x0000024b5b045efc: ; ImmutableOopMap {rbp=NarrowOop [32]=Oop [40]=Oop }
                      ;*ifnull {reexecute=1 rethrow=0 return_oop=0}
                      ; - (reexecute) sun.awt.AppContext::getAppContext@13 (line 273)
                      ; - sun.awt.SunToolkit::getSystemEventQueueImplPP@0 (line 1092)
                      ; - sun.awt.SunToolkit::getSystemEventQueueImpl@0 (line 1087)
                      ; - java.awt.Toolkit::getSystemEventQueue@1 (line 1373)
                      ; - org.cef.browser.CefBrowserWr$2$1::run@389 (line 147)
  0x0000024b5b045efc: e05c 0cff 

  0x0000024b5b045f00: ;   {post_call_nop}
  0x0000024b5b045f00: 0f1f 8400 | 7834 0078 | ba3d ffff | ff48 8b6c | 2428 4c89 | 5424 2844 | 8944 2434 

  0x0000024b5b045f1c: ;   {runtime_call UncommonTrapBlob}
  0x0000024b5b045f1c: 6666 90e8 

  0x0000024b5b045f20: ; ImmutableOopMap {rbp=Oop [40]=Oop [80]=Oop }
                      ;*ifge {reexecute=1 rethrow=0 return_oop=0}
                      ; - (reexecute) java.awt.event.MouseEvent::<init>@57 (line 766)
                      ; - org.cef.browser.CefBrowserWr$2$1::run@435 (line 147)
  0x0000024b5b045f20: bc5c 0cff 

  0x0000024b5b045f24: ;   {post_call_nop}
  0x0000024b5b045f24: 0f1f 8400 | 9c34 0079 | ba45 ffff | ff48 8b6c | 2428 4489 

  0x0000024b5b045f38: ;   {runtime_call UncommonTrapBlob}
  0x0000024b5b045f38: 4424 28e8 

  0x0000024b5b045f3c: ; ImmutableOopMap {rbp=Oop [80]=Oop }
                      ;*if_icmpgt {reexecute=1 rethrow=0 return_oop=0}
                      ; - (reexecute) java.awt.event.MouseEvent::<init>@203 (line 797)
                      ; - org.cef.browser.CefBrowserWr$2$1::run@435 (line 147)
  0x0000024b5b045f3c: a05c 0cff 

  0x0000024b5b045f40: ;   {post_call_nop}
  0x0000024b5b045f40: 0f1f 8400 | b834 007a | bade ffff | ff4c 8b54 | 2438 4c89 | 5424 28c5 | fb11 4424 | 30c5 fb11 
  0x0000024b5b045f60: 4c24 384c | 8944 2440 

  0x0000024b5b045f68: ;   {runtime_call UncommonTrapBlob}
  0x0000024b5b045f68: 6666 90e8 

  0x0000024b5b045f6c: ; ImmutableOopMap {rbp=NarrowOop [32]=Oop [40]=Oop [64]=Oop }
                      ;*instanceof {reexecute=0 rethrow=0 return_oop=0}
                      ; - java.util.Properties::getProperty@10 (line 1146)
                      ; - java.lang.System::getProperty@8 (line 746)
                      ; - com.jetbrains.cef.JdkEx::isJetBrainsJDK@2 (line 107)
                      ; - org.cef.browser.CefBrowserWr$2$1::run@42 (line 117)
  0x0000024b5b045f6c: 705c 0cff 

  0x0000024b5b045f70: ;   {post_call_nop}
  0x0000024b5b045f70: 0f1f 8400 | e834 007b | bade ffff | ff48 8b6c | 2420 4889 

  0x0000024b5b045f84: ;   {runtime_call UncommonTrapBlob}
  0x0000024b5b045f84: 4424 30e8 

  0x0000024b5b045f88: ; ImmutableOopMap {rbp=Oop [48]=Oop [56]=Oop }
                      ;*checkcast {reexecute=0 rethrow=0 return_oop=0}
                      ; - sun.awt.SunToolkit::getSystemEventQueueImplPP@7 (line 1097)
                      ; - sun.awt.SunToolkit::getSystemEventQueueImplPP@3 (line 1092)
                      ; - sun.awt.SunToolkit::getSystemEventQueueImpl@0 (line 1087)
                      ; - java.awt.Toolkit::getSystemEventQueue@1 (line 1373)
                      ; - org.cef.browser.CefBrowserWr$2$1::run@255 (line 137)
  0x0000024b5b045f88: 545c 0cff 

  0x0000024b5b045f8c: ;   {post_call_nop}
  0x0000024b5b045f8c: 0f1f 8400 | 0435 007c | bade ffff | ff48 8b6c | 2420 4c8b | 5c24 384c | 895c 2420 | 448b 4424 
  0x0000024b5b045fac: 4044 8944 | 243c 4c8b | 5c24 484c | 895c 2440 | 4889 4424 

  0x0000024b5b045fc0: ;   {runtime_call UncommonTrapBlob}
  0x0000024b5b045fc0: 4866 90e8 

  0x0000024b5b045fc4: ; ImmutableOopMap {rbp=Oop [32]=Oop [48]=NarrowOop [52]=NarrowOop [72]=Oop }
                      ;*checkcast {reexecute=0 rethrow=0 return_oop=0}
                      ; - org.cef.browser.CefBrowserWr$2::getClickCount@75 (line 164)
                      ; - org.cef.browser.CefBrowserWr$2$1::run@315 (line 140)
  0x0000024b5b045fc4: 185c 0cff 

  0x0000024b5b045fc8: ;   {post_call_nop}
  0x0000024b5b045fc8: 0f1f 8400 | 4035 007d | bade ffff | ff48 8b6c | 2420 4c8b | 5424 384c | 8954 2420 | 4889 4424 
  0x0000024b5b045fe8: ;   {runtime_call UncommonTrapBlob}
  0x0000024b5b045fe8: 3866 90e8 

  0x0000024b5b045fec: ; ImmutableOopMap {rbp=Oop [32]=Oop [56]=Oop }
                      ;*checkcast {reexecute=0 rethrow=0 return_oop=0}
                      ; - sun.awt.SunToolkit::getSystemEventQueueImplPP@7 (line 1097)
                      ; - sun.awt.SunToolkit::getSystemEventQueueImplPP@3 (line 1092)
                      ; - sun.awt.SunToolkit::getSystemEventQueueImpl@0 (line 1087)
                      ; - java.awt.Toolkit::getSystemEventQueue@1 (line 1373)
                      ; - org.cef.browser.CefBrowserWr$2$1::run@323 (line 141)
  0x0000024b5b045fec: f05b 0cff 

  0x0000024b5b045ff0: ;   {post_call_nop}
  0x0000024b5b045ff0: 0f1f 8400 | 6835 007e | bade ffff | ff48 8b6c | 2420 4c8b | 5c24 384c | 895c 2420 | 448b 5c24 
  0x0000024b5b046010: 3044 895c | 2428 4889 

  0x0000024b5b046018: ;   {runtime_call UncommonTrapBlob}
  0x0000024b5b046018: 4424 38e8 

  0x0000024b5b04601c: ; ImmutableOopMap {rbp=Oop [32]=Oop [56]=Oop }
                      ;*checkcast {reexecute=0 rethrow=0 return_oop=0}
                      ; - sun.awt.SunToolkit::getSystemEventQueueImplPP@7 (line 1097)
                      ; - sun.awt.SunToolkit::getSystemEventQueueImplPP@3 (line 1092)
                      ; - sun.awt.SunToolkit::getSystemEventQueueImpl@0 (line 1087)
                      ; - java.awt.Toolkit::getSystemEventQueue@1 (line 1373)
                      ; - org.cef.browser.CefBrowserWr$2$1::run@389 (line 147)
  0x0000024b5b04601c: c05b 0cff 

  0x0000024b5b046020: ;   {post_call_nop}
  0x0000024b5b046020: 0f1f 8400 | 9835 007f | baf6 ffff 

  0x0000024b5b04602c: ;   {runtime_call UncommonTrapBlob}
  0x0000024b5b04602c: ff66 90e8 

  0x0000024b5b046030: ; ImmutableOopMap {}
                      ;*arraylength {reexecute=0 rethrow=0 return_oop=0}
                      ; - com.intellij.util.containers.LockFreeCopyOnWriteArrayList$COWIterator::hasNext@8 (line 839)
                      ; - com.intellij.util.containers.LockFreeCopyOnWriteArrayList$COWIterator::next@1 (line 849)
                      ; - com.intellij.ide.IdeEventQueue::doPostEvent@27 (line 880)
                      ; - com.intellij.ide.IdeEventQueue::postEvent@10 (line 874)
                      ; - org.cef.browser.CefBrowserWr$2$1::run@373 (line 141)
  0x0000024b5b046030: ac5b 0cff 

  0x0000024b5b046034: ;   {post_call_nop}
  0x0000024b5b046034: 0f1f 8400 | ac35 0080 | baf4 ffff | ff48 8b6c | 2420 4c8b | 5424 384c | 8954 2420 | 4c8b 5424 
  0x0000024b5b046054: 404c 8954 | 2438 4c89 

  0x0000024b5b04605c: ;   {runtime_call UncommonTrapBlob}
  0x0000024b5b04605c: 4424 48e8 

  0x0000024b5b046060: ; ImmutableOopMap {rbp=Oop [32]=Oop [56]=Oop [72]=Oop [104]=Oop }
                      ;*checkcast {reexecute=0 rethrow=0 return_oop=0}
                      ; - com.intellij.ide.IdeEventQueue::doPostEvent@32 (line 880)
                      ; - com.intellij.ide.IdeEventQueue::postEvent@10 (line 874)
                      ; - org.cef.browser.CefBrowserWr$2$1::run@373 (line 141)
  0x0000024b5b046060: 7c5b 0cff 

  0x0000024b5b046064: ;   {post_call_nop}
  0x0000024b5b046064: 0f1f 8400 | dc35 0081 | baf6 ffff 

  0x0000024b5b046070: ;   {runtime_call UncommonTrapBlob}
  0x0000024b5b046070: ff66 90e8 

  0x0000024b5b046074: ; ImmutableOopMap {}
                      ;*arraylength {reexecute=0 rethrow=0 return_oop=0}
                      ; - com.intellij.util.containers.LockFreeCopyOnWriteArrayList$COWIterator::hasNext@8 (line 839)
                      ; - com.intellij.ide.IdeEventQueue::doPostEvent@18 (line 880)
                      ; - com.intellij.ide.IdeEventQueue::postEvent@10 (line 874)
                      ; - org.cef.browser.CefBrowserWr$2$1::run@373 (line 141)
  0x0000024b5b046074: 685b 0cff 

  0x0000024b5b046078: ;   {post_call_nop}
  0x0000024b5b046078: 0f1f 8400 | f035 0082 | baf6 ffff 

  0x0000024b5b046084: ;   {runtime_call UncommonTrapBlob}
  0x0000024b5b046084: ff66 90e8 

  0x0000024b5b046088: ; ImmutableOopMap {}
                      ;*getfield this$0 {reexecute=1 rethrow=0 return_oop=0}
                      ; - (reexecute) org.cef.browser.CefBrowserWr$2$1::run@4 (line 111)
  0x0000024b5b046088: 545b 0cff 

  0x0000024b5b04608c: ;   {post_call_nop}
  0x0000024b5b04608c: 0f1f 8400 | 0436 0083 | baf6 ffff 

  0x0000024b5b046098: ;   {runtime_call UncommonTrapBlob}
  0x0000024b5b046098: ff66 90e8 

  0x0000024b5b04609c: ; ImmutableOopMap {}
                      ;*getfield component_ {reexecute=1 rethrow=0 return_oop=0}
                      ; - (reexecute) org.cef.browser.CefBrowserWr$2$1::run@7 (line 111)
  0x0000024b5b04609c: 405b 0cff 

  0x0000024b5b0460a0: ;   {post_call_nop}
  0x0000024b5b0460a0: 0f1f 8400 | 1836 0084 | baf6 ffff 

  0x0000024b5b0460ac: ;   {runtime_call UncommonTrapBlob}
  0x0000024b5b0460ac: ff66 90e8 

  0x0000024b5b0460b0: ; ImmutableOopMap {}
                      ;*invokevirtual getDefaultTransform {reexecute=0 rethrow=0 return_oop=0}
                      ; - org.cef.browser.CefBrowserWr$2$1::run@23 (line 115)
  0x0000024b5b0460b0: 2c5b 0cff 

  0x0000024b5b0460b4: ;   {post_call_nop}
  0x0000024b5b0460b4: 0f1f 8400 | 2c36 0085 | baf6 ffff 

  0x0000024b5b0460c0: ;   {runtime_call UncommonTrapBlob}
  0x0000024b5b0460c0: ff66 90e8 

  0x0000024b5b0460c4: ; ImmutableOopMap {}
                      ;*invokevirtual getDefaultScaleX {reexecute=0 rethrow=0 return_oop=0}
                      ; - sun.awt.Win32GraphicsConfig::getDefaultTransform@4 (line 184)
                      ; - org.cef.browser.CefBrowserWr$2$1::run@23 (line 115)
  0x0000024b5b0460c4: 185b 0cff 

  0x0000024b5b0460c8: ;   {post_call_nop}
  0x0000024b5b0460c8: 0f1f 8400 | 4036 0086 | baf6 ffff 

  0x0000024b5b0460d4: ;   {runtime_call UncommonTrapBlob}
  0x0000024b5b0460d4: ff66 90e8 

  0x0000024b5b0460d8: ; ImmutableOopMap {}
                      ;*invokevirtual getDefaultTransform {reexecute=0 rethrow=0 return_oop=0}
                      ; - org.cef.browser.CefBrowserWr$2$1::run@34 (line 116)
  0x0000024b5b0460d8: 045b 0cff 

  0x0000024b5b0460dc: ;   {post_call_nop}
  0x0000024b5b0460dc: 0f1f 8400 | 5436 0087 | baf6 ffff 

  0x0000024b5b0460e8: ;   {runtime_call UncommonTrapBlob}
  0x0000024b5b0460e8: ff66 90e8 

  0x0000024b5b0460ec: ; ImmutableOopMap {}
                      ;*invokevirtual getDefaultScaleX {reexecute=0 rethrow=0 return_oop=0}
                      ; - sun.awt.Win32GraphicsConfig::getDefaultTransform@4 (line 184)
                      ; - org.cef.browser.CefBrowserWr$2$1::run@34 (line 116)
  0x0000024b5b0460ec: f05a 0cff 

  0x0000024b5b0460f0: ;   {post_call_nop}
  0x0000024b5b0460f0: 0f1f 8400 | 6836 0088 | baf6 ffff 

  0x0000024b5b0460fc: ;   {runtime_call UncommonTrapBlob}
  0x0000024b5b0460fc: ff66 90e8 

  0x0000024b5b046100: ; ImmutableOopMap {}
                      ;*invokevirtual getProperty {reexecute=0 rethrow=0 return_oop=0}
                      ; - java.lang.System::getProperty@8 (line 746)
                      ; - com.jetbrains.cef.JdkEx::isJetBrainsJDK@2 (line 107)
                      ; - org.cef.browser.CefBrowserWr$2$1::run@42 (line 117)
  0x0000024b5b046100: dc5a 0cff 

  0x0000024b5b046104: ;   {post_call_nop}
  0x0000024b5b046104: 0f1f 8400 | 7c36 0089 | baf6 ffff 

  0x0000024b5b046110: ;   {runtime_call UncommonTrapBlob}
  0x0000024b5b046110: ff66 90e8 

  0x0000024b5b046114: ; ImmutableOopMap {}
                      ;*invokevirtual get {reexecute=0 rethrow=0 return_oop=0}
                      ; - java.util.Properties::getProperty@5 (line 1145)
                      ; - java.lang.System::getProperty@8 (line 746)
                      ; - com.jetbrains.cef.JdkEx::isJetBrainsJDK@2 (line 107)
                      ; - org.cef.browser.CefBrowserWr$2$1::run@42 (line 117)
  0x0000024b5b046114: c85a 0cff 

  0x0000024b5b046118: ;   {post_call_nop}
  0x0000024b5b046118: 0f1f 8400 | 9036 008a | baf6 ffff 

  0x0000024b5b046124: ;   {runtime_call UncommonTrapBlob}
  0x0000024b5b046124: ff66 90e8 

  0x0000024b5b046128: ; ImmutableOopMap {}
                      ;*invokevirtual getDevice {reexecute=0 rethrow=0 return_oop=0}
                      ; - org.cef.browser.CefBrowserWr$2$1::run@64 (line 120)
  0x0000024b5b046128: b45a 0cff 

  0x0000024b5b04612c: ;   {post_call_nop}
  0x0000024b5b04612c: 0f1f 8400 | a436 008b | baf6 ffff 

  0x0000024b5b046138: ;   {runtime_call UncommonTrapBlob}
  0x0000024b5b046138: ff66 90e8 

  0x0000024b5b04613c: ; ImmutableOopMap {}
                      ;*invokevirtual getDefaultConfiguration {reexecute=0 rethrow=0 return_oop=0}
                      ; - org.cef.browser.CefBrowserWr$2$1::run@67 (line 120)
  0x0000024b5b04613c: a05a 0cff 

  0x0000024b5b046140: ;   {post_call_nop}
  0x0000024b5b046140: 0f1f 8400 | b836 008c | baf6 ffff 

  0x0000024b5b04614c: ;   {runtime_call UncommonTrapBlob}
  0x0000024b5b04614c: ff66 90e8 

  0x0000024b5b046150: ; ImmutableOopMap {}
                      ;*invokevirtual getBounds {reexecute=0 rethrow=0 return_oop=0}
                      ; - sun.awt.Win32GraphicsConfig::getBounds@4 (line 224)
                      ; - org.cef.browser.CefBrowserWr$2$1::run@70 (line 120)
  0x0000024b5b046150: 8c5a 0cff 

  0x0000024b5b046154: ;   {post_call_nop}
  0x0000024b5b046154: 0f1f 8400 | cc36 008d | baf6 ffff 

  0x0000024b5b046160: ;   {runtime_call UncommonTrapBlob}
  0x0000024b5b046160: ff66 90e8 

  0x0000024b5b046164: ; ImmutableOopMap {}
                      ;*getfield x {reexecute=1 rethrow=0 return_oop=0}
                      ; - (reexecute) org.cef.browser.CefBrowserWr$2$1::run@77 (line 121)
  0x0000024b5b046164: 785a 0cff 

  0x0000024b5b046168: ;   {post_call_nop}
  0x0000024b5b046168: 0f1f 8400 | e036 008e | baf6 ffff | ff8b ee89 

  0x0000024b5b046178: ;   {runtime_call UncommonTrapBlob}
  0x0000024b5b046178: 7c24 20e8 

  0x0000024b5b04617c: ; ImmutableOopMap {}
                      ;*invokevirtual getClickCount {reexecute=0 rethrow=0 return_oop=0}
                      ; - org.cef.browser.CefBrowserWr$2$1::run@315 (line 140)
  0x0000024b5b04617c: 605a 0cff 

  0x0000024b5b046180: ;   {post_call_nop}
  0x0000024b5b046180: 0f1f 8400 | f836 008f | baf6 ffff 

  0x0000024b5b04618c: ;   {runtime_call UncommonTrapBlob}
  0x0000024b5b04618c: ff66 90e8 

  0x0000024b5b046190: ; ImmutableOopMap {}
                      ;*arraylength {reexecute=0 rethrow=0 return_oop=0}
                      ; - org.cef.browser.CefBrowserWr$2::getClickCount@5 (line 157)
                      ; - org.cef.browser.CefBrowserWr$2$1::run@315 (line 140)
  0x0000024b5b046190: 4c5a 0cff 

  0x0000024b5b046194: ;   {post_call_nop}
  0x0000024b5b046194: 0f1f 8400 | 0c37 0090 | baf4 ffff | ff48 8b6c 

  0x0000024b5b0461a4: ;   {runtime_call UncommonTrapBlob}
  0x0000024b5b0461a4: 2420 90e8 

  0x0000024b5b0461a8: ; ImmutableOopMap {rbp=Oop [56]=Oop }
                      ;*checkcast {reexecute=0 rethrow=0 return_oop=0}
                      ; - sun.awt.SunToolkit::getSystemEventQueueImplPP@7 (line 1097)
                      ; - sun.awt.SunToolkit::getSystemEventQueueImplPP@3 (line 1092)
                      ; - sun.awt.SunToolkit::getSystemEventQueueImpl@0 (line 1087)
                      ; - java.awt.Toolkit::getSystemEventQueue@1 (line 1373)
                      ; - org.cef.browser.CefBrowserWr$2$1::run@323 (line 141)
  0x0000024b5b0461a8: 345a 0cff 

  0x0000024b5b0461ac: ;   {post_call_nop}
  0x0000024b5b0461ac: 0f1f 8400 | 2437 0091 | baf6 ffff 

  0x0000024b5b0461b8: ;   {runtime_call UncommonTrapBlob}
  0x0000024b5b0461b8: ff66 90e8 

  0x0000024b5b0461bc: ; ImmutableOopMap {}
                      ;*getfield x {reexecute=1 rethrow=0 return_oop=0}
                      ; - (reexecute) org.cef.browser.CefBrowserWr$2$1::run@345 (line 141)
  0x0000024b5b0461bc: 205a 0cff 

  0x0000024b5b0461c0: ;   {post_call_nop}
  0x0000024b5b0461c0: 0f1f 8400 | 3837 0092 | baf6 ffff 

  0x0000024b5b0461cc: ;   {runtime_call UncommonTrapBlob}
  0x0000024b5b0461cc: ff66 90e8 

  0x0000024b5b0461d0: ; ImmutableOopMap {}
                      ;*invokeinterface iterator {reexecute=0 rethrow=0 return_oop=0}
                      ; - com.intellij.ide.IdeEventQueue::doPostEvent@11 (line 880)
                      ; - com.intellij.ide.IdeEventQueue::postEvent@10 (line 874)
                      ; - org.cef.browser.CefBrowserWr$2$1::run@373 (line 141)
  0x0000024b5b0461d0: 0c5a 0cff 

  0x0000024b5b0461d4: ;   {post_call_nop}
  0x0000024b5b0461d4: 0f1f 8400 | 4c37 0093 | baf6 ffff 

  0x0000024b5b0461e0: ;   {runtime_call UncommonTrapBlob}
  0x0000024b5b0461e0: ff66 90e8 

  0x0000024b5b0461e4: ; ImmutableOopMap {}
                      ;*arraylength {reexecute=0 rethrow=0 return_oop=0}
                      ; - com.intellij.util.containers.LockFreeCopyOnWriteArrayList::iterator@6 (line 775)
                      ; - com.intellij.ide.IdeEventQueue::doPostEvent@11 (line 880)
                      ; - com.intellij.ide.IdeEventQueue::postEvent@10 (line 874)
                      ; - org.cef.browser.CefBrowserWr$2$1::run@373 (line 141)
  0x0000024b5b0461e4: f859 0cff 

  0x0000024b5b0461e8: ;   {post_call_nop}
  0x0000024b5b0461e8: 0f1f 8400 | 6037 0094 | baf6 ffff 

  0x0000024b5b0461f4: ;   {runtime_call UncommonTrapBlob}
  0x0000024b5b0461f4: ff66 90e8 

  0x0000024b5b0461f8: ; ImmutableOopMap {}
                      ;*arraylength {reexecute=0 rethrow=0 return_oop=0}
                      ; - com.intellij.util.containers.LockFreeCopyOnWriteArrayList$COWIterator::hasNext@8 (line 839)
                      ; - com.intellij.ide.IdeEventQueue::doPostEvent@18 (line 880)
                      ; - com.intellij.ide.IdeEventQueue::postEvent@10 (line 874)
                      ; - org.cef.browser.CefBrowserWr$2$1::run@373 (line 141)
  0x0000024b5b0461f8: e459 0cff 

  0x0000024b5b0461fc: ;   {post_call_nop}
  0x0000024b5b0461fc: 0f1f 8400 | 7437 0095 | baf6 ffff 

  0x0000024b5b046208: ;   {runtime_call UncommonTrapBlob}
  0x0000024b5b046208: ff66 90e8 

  0x0000024b5b04620c: ; ImmutableOopMap {}
                      ;*arraylength {reexecute=0 rethrow=0 return_oop=0}
                      ; - java.lang.StringLatin1::toLowerCase@13 (line 421)
                      ; - java.lang.String::toLowerCase@13 (line 3704)
                      ; - java.lang.String::toLowerCase@4 (line 3728)
                      ; - com.jetbrains.cef.JdkEx::isJetBrainsJDK@11 (line 108)
                      ; - org.cef.browser.CefBrowserWr$2$1::run@42 (line 117)
  0x0000024b5b04620c: d059 0cff 

  0x0000024b5b046210: ;   {post_call_nop}
  0x0000024b5b046210: 0f1f 8400 | 8837 0096 | ba45 ffff | ff48 8b6c | 2420 4c8b | 5424 384c | 8954 2420 | c5fb 1144 
  0x0000024b5b046230: 2428 c5fb | 114c 2430 | 4489 4c24 

  0x0000024b5b04623c: ;   {runtime_call UncommonTrapBlob}
  0x0000024b5b04623c: 3c66 90e8 

  0x0000024b5b046240: ; ImmutableOopMap {rbp=Oop [32]=Oop [60]=NarrowOop }
                      ;*ifnull {reexecute=1 rethrow=0 return_oop=0}
                      ; - (reexecute) java.awt.Component::getLocationOnScreen_NoTreeLock@6 (line 2094)
                      ; - java.awt.Component::getLocationOnScreen@8 (line 2084)
                      ; - org.cef.browser.CefBrowserWr$2$1::run@55 (line 118)
  0x0000024b5b046240: 9c59 0cff 

  0x0000024b5b046244: ;   {post_call_nop}
  0x0000024b5b046244: 0f1f 8400 | bc37 0097 | ba45 ffff | ff4c 8944 | 2428 c5fb | 1044 2440 | c5fb 1144 | 2438 4c8b 
  0x0000024b5b046264: 5424 484c | 8954 2440 | 4489 4c24 

  0x0000024b5b046270: ;   {runtime_call UncommonTrapBlob}
  0x0000024b5b046270: 4866 90e8 

  0x0000024b5b046274: ; ImmutableOopMap {rbp=NarrowOop [32]=Oop [40]=Oop [64]=Oop [72]=NarrowOop }
                      ;*ifnonnull {reexecute=1 rethrow=0 return_oop=0}
                      ; - (reexecute) sun.awt.Win32GraphicsDevice::getDefaultConfiguration@4 (line 304)
                      ; - org.cef.browser.CefBrowserWr$2$1::run@67 (line 120)
  0x0000024b5b046274: 6859 0cff 

  0x0000024b5b046278: ;   {post_call_nop}
  0x0000024b5b046278: 0f1f 8400 | f037 0098 | ba45 ffff | ff4c 8b54 | 2438 4c89 

  0x0000024b5b04628c: ;   {runtime_call UncommonTrapBlob}
  0x0000024b5b04628c: 5424 28e8 

  0x0000024b5b046290: ; ImmutableOopMap {rbp=NarrowOop [32]=Oop [40]=Oop }
                      ;*ifnonnull {reexecute=1 rethrow=0 return_oop=0}
                      ; - (reexecute) java.awt.Toolkit::getDefaultToolkit@3 (line 579)
                      ; - org.cef.browser.CefBrowserWr$2$1::run@320 (line 141)
  0x0000024b5b046290: 4c59 0cff 

  0x0000024b5b046294: ;   {post_call_nop}
  0x0000024b5b046294: 0f1f 8400 | 0c38 0099 | ba45 ffff | ff48 8b6c | 2420 4c8b | 5424 384c | 8954 2420 | 4c89 5c24 
  0x0000024b5b0462b4: 304c 8b54 | 2440 4c89 | 5424 384c | 8b54 2468 | 4c89 5424 | 4844 8b5c | 2460 4489 | 5c24 2c4c 
  0x0000024b5b0462d4: 8954 2450 | 8974 2458 | 4489 4424 | 5c44 894c | 2460 897c | 2464 895c | 2468 894c | 246c 8944 
  0x0000024b5b0462f4: ;   {runtime_call UncommonTrapBlob}
  0x0000024b5b0462f4: 2470 90e8 

  0x0000024b5b0462f8: ; ImmutableOopMap {rbp=Oop [32]=Oop [56]=Oop [72]=Oop [80]=Oop [112]=NarrowOop }
                      ;*ifnonnull {reexecute=1 rethrow=0 return_oop=0}
                      ; - (reexecute) java.awt.GraphicsEnvironment::getHeadlessProperty@3 (line 161)
                      ; - java.awt.GraphicsEnvironment::isHeadless@0 (line 140)
                      ; - java.awt.event.InputEvent::canAccessSystemClipboard@0 (line 388)
                      ; - java.awt.event.InputEvent::<init>@19 (line 384)
                      ; - java.awt.event.MouseEvent::<init>@6 (line 759)
                      ; - org.cef.browser.CefBrowserWr$2$1::run@370 (line 141)
  0x0000024b5b0462f8: e458 0cff 

  0x0000024b5b0462fc: ;   {post_call_nop}
  0x0000024b5b0462fc: 0f1f 8400 | 7438 009a | ba45 ffff | ff48 8b6c | 2420 4c8b | 5424 384c | 8954 2420 | c5fb 1144 
  0x0000024b5b04631c: 2428 c5fb | 114c 2430 | 894c 243c 

  0x0000024b5b046328: ;   {runtime_call UncommonTrapBlob}
  0x0000024b5b046328: 6666 90e8 

  0x0000024b5b04632c: ; ImmutableOopMap {rbp=Oop [32]=Oop [60]=NarrowOop }
                      ;*ifnonnull {reexecute=1 rethrow=0 return_oop=0}
                      ; - (reexecute) java.lang.StringLatin1::toLowerCase@1 (line 417)
                      ; - java.lang.String::toLowerCase@13 (line 3704)
                      ; - java.lang.String::toLowerCase@4 (line 3728)
                      ; - com.jetbrains.cef.JdkEx::isJetBrainsJDK@11 (line 108)
                      ; - org.cef.browser.CefBrowserWr$2$1::run@42 (line 117)
  0x0000024b5b04632c: b058 0cff 

  0x0000024b5b046330: ;   {post_call_nop}
  0x0000024b5b046330: 0f1f 8400 | a838 009b | baf6 ffff 

  0x0000024b5b04633c: ;   {runtime_call UncommonTrapBlob}
  0x0000024b5b04633c: ff66 90e8 

  0x0000024b5b046340: ; ImmutableOopMap {}
                      ;*invokevirtual getLanguage {reexecute=0 rethrow=0 return_oop=0}
                      ; - java.util.Locale::getLanguage@4 (line 1371)
                      ; - java.lang.StringLatin1::toLowerCase@58 (line 430)
                      ; - java.lang.String::toLowerCase@13 (line 3704)
                      ; - java.lang.String::toLowerCase@4 (line 3728)
                      ; - com.jetbrains.cef.JdkEx::isJetBrainsJDK@11 (line 108)
                      ; - org.cef.browser.CefBrowserWr$2$1::run@42 (line 117)
  0x0000024b5b046340: 9c58 0cff 

  0x0000024b5b046344: ;   {post_call_nop}
  0x0000024b5b046344: 0f1f 8400 | bc38 009c | baf4 ffff | ff48 8b6c | 2420 4c8b | 5424 384c | 8954 2420 | 4c8b 5424 
  0x0000024b5b046364: 404c 8954 | 2438 4c89 

  0x0000024b5b04636c: ;   {runtime_call UncommonTrapBlob}
  0x0000024b5b04636c: 4424 48e8 

  0x0000024b5b046370: ; ImmutableOopMap {rbp=Oop [32]=Oop [56]=Oop [72]=Oop [104]=Oop }
                      ;*instanceof {reexecute=0 rethrow=0 return_oop=0}
                      ; - com.intellij.ide.IdeEventQueueKt::skipMoveResizeEvents@54 (line 1040)
                      ; - com.intellij.ide.IdeEventQueueKt::access$skipMoveResizeEvents@1 (line 1)
                      ; - com.intellij.ide.IdeEventQueue::_init_$lambda$2@8 (line 204)
                      ; - com.intellij.ide.IdeEventQueue$$Lambda/0x000000001e290dc8::invoke@4
                      ; - com.intellij.ide.IdeEventQueue::doPostEvent@40 (line 881)
                      ; - com.intellij.ide.IdeEventQueue::postEvent@10 (line 874)
                      ; - org.cef.browser.CefBrowserWr$2$1::run@373 (line 141)
  0x0000024b5b046370: 6c58 0cff 

  0x0000024b5b046374: ;   {post_call_nop}
  0x0000024b5b046374: 0f1f 8400 | ec38 009d | baf6 ffff 

  0x0000024b5b046380: ;   {runtime_call UncommonTrapBlob}
  0x0000024b5b046380: ff66 90e8 

  0x0000024b5b046384: ; ImmutableOopMap {}
                      ;*arraylength {reexecute=0 rethrow=0 return_oop=0}
                      ; - com.intellij.util.containers.LockFreeCopyOnWriteArrayList$COWIterator::hasNext@8 (line 839)
                      ; - com.intellij.util.containers.LockFreeCopyOnWriteArrayList$COWIterator::next@1 (line 849)
                      ; - com.intellij.ide.IdeEventQueue::doPostEvent@27 (line 880)
                      ; - com.intellij.ide.IdeEventQueue::postEvent@10 (line 874)
                      ; - org.cef.browser.CefBrowserWr$2$1::run@297 (line 137)
  0x0000024b5b046384: 5858 0cff 

  0x0000024b5b046388: ;   {post_call_nop}
  0x0000024b5b046388: 0f1f 8400 | 0039 009e | baf4 ffff | ff48 8b6c | 2420 4c8b | 5c24 384c | 895c 2420 | 4c8b 5c24 
  0x0000024b5b0463a8: 404c 895c | 2430 4889 

  0x0000024b5b0463b0: ;   {runtime_call UncommonTrapBlob}
  0x0000024b5b0463b0: 5c24 40e8 

  0x0000024b5b0463b4: ; ImmutableOopMap {rbp=Oop [32]=Oop [48]=Oop [64]=Oop [72]=Oop }
                      ;*checkcast {reexecute=0 rethrow=0 return_oop=0}
                      ; - com.intellij.ide.IdeEventQueue::doPostEvent@32 (line 880)
                      ; - com.intellij.ide.IdeEventQueue::postEvent@10 (line 874)
                      ; - org.cef.browser.CefBrowserWr$2$1::run@297 (line 137)
  0x0000024b5b0463b4: 2858 0cff 

  0x0000024b5b0463b8: ;   {post_call_nop}
  0x0000024b5b0463b8: 0f1f 8400 | 3039 009f | baf6 ffff 

  0x0000024b5b0463c4: ;   {runtime_call UncommonTrapBlob}
  0x0000024b5b0463c4: ff66 90e8 

  0x0000024b5b0463c8: ; ImmutableOopMap {}
                      ;*arraylength {reexecute=0 rethrow=0 return_oop=0}
                      ; - com.intellij.util.containers.LockFreeCopyOnWriteArrayList$COWIterator::hasNext@8 (line 839)
                      ; - com.intellij.ide.IdeEventQueue::doPostEvent@18 (line 880)
                      ; - com.intellij.ide.IdeEventQueue::postEvent@10 (line 874)
                      ; - org.cef.browser.CefBrowserWr$2$1::run@297 (line 137)
  0x0000024b5b0463c8: 1458 0cff 

  0x0000024b5b0463cc: ;   {post_call_nop}
  0x0000024b5b0463cc: 0f1f 8400 | 4439 00a0 | baf6 ffff 

  0x0000024b5b0463d8: ;   {runtime_call UncommonTrapBlob}
  0x0000024b5b0463d8: ff66 90e8 

  0x0000024b5b0463dc: ; ImmutableOopMap {}
                      ;*invokevirtual getSystemEventQueue {reexecute=0 rethrow=0 return_oop=0}
                      ; - org.cef.browser.CefBrowserWr$2$1::run@255 (line 137)
  0x0000024b5b0463dc: 0058 0cff 

  0x0000024b5b0463e0: ;   {post_call_nop}
  0x0000024b5b0463e0: 0f1f 8400 | 5839 00a1 | baf4 ffff | ff48 8b6c 

  0x0000024b5b0463f0: ;   {runtime_call UncommonTrapBlob}
  0x0000024b5b0463f0: 2420 90e8 

  0x0000024b5b0463f4: ; ImmutableOopMap {rbp=Oop [56]=Oop }
                      ;*checkcast {reexecute=0 rethrow=0 return_oop=0}
                      ; - sun.awt.SunToolkit::getSystemEventQueueImplPP@7 (line 1097)
                      ; - sun.awt.SunToolkit::getSystemEventQueueImplPP@3 (line 1092)
                      ; - sun.awt.SunToolkit::getSystemEventQueueImpl@0 (line 1087)
                      ; - java.awt.Toolkit::getSystemEventQueue@1 (line 1373)
                      ; - org.cef.browser.CefBrowserWr$2$1::run@255 (line 137)
  0x0000024b5b0463f4: e857 0cff 

  0x0000024b5b0463f8: ;   {post_call_nop}
  0x0000024b5b0463f8: 0f1f 8400 | 7039 00a2 | baf6 ffff 

  0x0000024b5b046404: ;   {runtime_call UncommonTrapBlob}
  0x0000024b5b046404: ff66 90e8 

  0x0000024b5b046408: ; ImmutableOopMap {}
                      ;*getfield x {reexecute=1 rethrow=0 return_oop=0}
                      ; - (reexecute) org.cef.browser.CefBrowserWr$2$1::run@277 (line 137)
  0x0000024b5b046408: d457 0cff 

  0x0000024b5b04640c: ;   {post_call_nop}
  0x0000024b5b04640c: 0f1f 8400 | 8439 00a3 | baf6 ffff 

  0x0000024b5b046418: ;   {runtime_call UncommonTrapBlob}
  0x0000024b5b046418: ff66 90e8 

  0x0000024b5b04641c: ; ImmutableOopMap {}
                      ;*invokeinterface iterator {reexecute=0 rethrow=0 return_oop=0}
                      ; - com.intellij.ide.IdeEventQueue::doPostEvent@11 (line 880)
                      ; - com.intellij.ide.IdeEventQueue::postEvent@10 (line 874)
                      ; - org.cef.browser.CefBrowserWr$2$1::run@297 (line 137)
  0x0000024b5b04641c: c057 0cff 

  0x0000024b5b046420: ;   {post_call_nop}
  0x0000024b5b046420: 0f1f 8400 | 9839 00a4 | baf6 ffff 

  0x0000024b5b04642c: ;   {runtime_call UncommonTrapBlob}
  0x0000024b5b04642c: ff66 90e8 

  0x0000024b5b046430: ; ImmutableOopMap {}
                      ;*arraylength {reexecute=0 rethrow=0 return_oop=0}
                      ; - com.intellij.util.containers.LockFreeCopyOnWriteArrayList::iterator@6 (line 775)
                      ; - com.intellij.ide.IdeEventQueue::doPostEvent@11 (line 880)
                      ; - com.intellij.ide.IdeEventQueue::postEvent@10 (line 874)
                      ; - org.cef.browser.CefBrowserWr$2$1::run@297 (line 137)
  0x0000024b5b046430: ac57 0cff 

  0x0000024b5b046434: ;   {post_call_nop}
  0x0000024b5b046434: 0f1f 8400 | ac39 00a5 | baf6 ffff 

  0x0000024b5b046440: ;   {runtime_call UncommonTrapBlob}
  0x0000024b5b046440: ff66 90e8 

  0x0000024b5b046444: ; ImmutableOopMap {}
                      ;*arraylength {reexecute=0 rethrow=0 return_oop=0}
                      ; - com.intellij.util.containers.LockFreeCopyOnWriteArrayList$COWIterator::hasNext@8 (line 839)
                      ; - com.intellij.ide.IdeEventQueue::doPostEvent@18 (line 880)
                      ; - com.intellij.ide.IdeEventQueue::postEvent@10 (line 874)
                      ; - org.cef.browser.CefBrowserWr$2$1::run@297 (line 137)
  0x0000024b5b046444: 9857 0cff 

  0x0000024b5b046448: ;   {post_call_nop}
  0x0000024b5b046448: 0f1f 8400 | c039 00a6 | 488b e8eb | 0348 8be8 | ba95 ffff | ff4c 8b54 | 2438 4c89 

  0x0000024b5b046464: ;   {runtime_call UncommonTrapBlob}
  0x0000024b5b046464: 5424 28e8 

  0x0000024b5b046468: ; ImmutableOopMap {rbp=Oop [32]=Oop [40]=Oop }
                      ;*astore_2 {reexecute=0 rethrow=0 return_oop=0}
                      ; - java.awt.Component::getLocationOnScreen@14 (line 2085)
                      ; - org.cef.browser.CefBrowserWr$2$1::run@55 (line 118)
  0x0000024b5b046468: 7457 0cff 

  0x0000024b5b04646c: ;   {post_call_nop}
  0x0000024b5b04646c: 0f1f 8400 | e439 00a7 | ba45 ffff | ff48 8b6c | 2420 4889 | 7424 204c | 8b4c 2458 | 4c89 4c24 
  0x0000024b5b04648c: 284c 8b4c | 2440 4c89 | 4c24 304c | 8b4c 2448 | 4c89 4c24 | 4044 8944 | 2450 4489 | 5c24 5444 
  0x0000024b5b0464ac: 8954 2458 | 894c 245c 

  0x0000024b5b0464b4: ;   {runtime_call UncommonTrapBlob}
  0x0000024b5b0464b4: 6666 90e8 

  0x0000024b5b0464b8: ; ImmutableOopMap {rbp=Oop [32]=Oop [48]=Oop [64]=Oop [72]=Oop [92]=NarrowOop }
                      ;*ifnonnull {reexecute=1 rethrow=0 return_oop=0}
                      ; - (reexecute) java.awt.GraphicsEnvironment::getHeadlessProperty@3 (line 161)
                      ; - java.awt.GraphicsEnvironment::isHeadless@0 (line 140)
                      ; - java.awt.event.InputEvent::canAccessSystemClipboard@0 (line 388)
                      ; - java.awt.event.InputEvent::<init>@19 (line 384)
                      ; - java.awt.event.MouseEvent::<init>@6 (line 759)
                      ; - java.awt.event.MouseWheelEvent::<init>@19 (line 302)
                      ; - java.awt.event.MouseWheelEvent::<init>@27 (line 248)
                      ; - java.awt.event.MouseWheelEvent::<init>@22 (line 201)
                      ; - org.cef.browser.CefBrowserWr$2$1::run@294 (line 137)
  0x0000024b5b0464b8: 2457 0cff 

  0x0000024b5b0464bc: ;   {post_call_nop}
  0x0000024b5b0464bc: 0f1f 8400 | 343a 00a8 | baf6 ffff 

  0x0000024b5b0464c8: ;   {runtime_call UncommonTrapBlob}
  0x0000024b5b0464c8: ff66 90e8 

  0x0000024b5b0464cc: ; ImmutableOopMap {}
                      ;*invokevirtual getSystemEventQueue {reexecute=0 rethrow=0 return_oop=0}
                      ; - org.cef.browser.CefBrowserWr$2$1::run@389 (line 147)
  0x0000024b5b0464cc: 1057 0cff 

  0x0000024b5b0464d0: ;   {post_call_nop}
  0x0000024b5b0464d0: 0f1f 8400 | 483a 00a9 | baf4 ffff | ff48 8b6c | 2420 448b | 5424 3044 | 8954 2428 

  0x0000024b5b0464ec: ;   {runtime_call UncommonTrapBlob}
  0x0000024b5b0464ec: 6666 90e8 

  0x0000024b5b0464f0: ; ImmutableOopMap {rbp=Oop [56]=Oop }
                      ;*checkcast {reexecute=0 rethrow=0 return_oop=0}
                      ; - sun.awt.SunToolkit::getSystemEventQueueImplPP@7 (line 1097)
                      ; - sun.awt.SunToolkit::getSystemEventQueueImplPP@3 (line 1092)
                      ; - sun.awt.SunToolkit::getSystemEventQueueImpl@0 (line 1087)
                      ; - java.awt.Toolkit::getSystemEventQueue@1 (line 1373)
                      ; - org.cef.browser.CefBrowserWr$2$1::run@389 (line 147)
  0x0000024b5b0464f0: ec56 0cff 

  0x0000024b5b0464f4: ;   {post_call_nop}
  0x0000024b5b0464f4: 0f1f 8400 | 6c3a 00aa | baf6 ffff 

  0x0000024b5b046500: ;   {runtime_call UncommonTrapBlob}
  0x0000024b5b046500: ff66 90e8 

  0x0000024b5b046504: ; ImmutableOopMap {}
                      ;*getfield x {reexecute=1 rethrow=0 return_oop=0}
                      ; - (reexecute) org.cef.browser.CefBrowserWr$2$1::run@410 (line 147)
  0x0000024b5b046504: d856 0cff 

  0x0000024b5b046508: ;   {post_call_nop}
  0x0000024b5b046508: 0f1f 8400 | 803a 00ab | baf4 ffff | ff48 8b6c | 2420 4c8b | 5c24 384c | 895c 2420 | 4c8b 5c24 
  0x0000024b5b046528: 404c 895c | 2430 4c89 

  0x0000024b5b046530: ;   {runtime_call UncommonTrapBlob}
  0x0000024b5b046530: 5424 40e8 

  0x0000024b5b046534: ; ImmutableOopMap {rbp=Oop [32]=Oop [48]=Oop [64]=Oop [72]=Oop }
                      ;*instanceof {reexecute=0 rethrow=0 return_oop=0}
                      ; - com.intellij.ide.IdeEventQueueKt::skipMoveResizeEvents@54 (line 1040)
                      ; - com.intellij.ide.IdeEventQueueKt::access$skipMoveResizeEvents@1 (line 1)
                      ; - com.intellij.ide.IdeEventQueue::_init_$lambda$2@8 (line 204)
                      ; - com.intellij.ide.IdeEventQueue$$Lambda/0x000000001e290dc8::invoke@4
                      ; - com.intellij.ide.IdeEventQueue::doPostEvent@40 (line 881)
                      ; - com.intellij.ide.IdeEventQueue::postEvent@10 (line 874)
                      ; - org.cef.browser.CefBrowserWr$2$1::run@297 (line 137)
  0x0000024b5b046534: a856 0cff 

  0x0000024b5b046538: ;   {post_call_nop}
  0x0000024b5b046538: 0f1f 8400 | b03a 00ac | baf6 ffff | ff8b 6c24 

  0x0000024b5b046548: ;   {runtime_call UncommonTrapBlob}
  0x0000024b5b046548: 4066 90e8 

  0x0000024b5b04654c: ; ImmutableOopMap {}
                      ;*iaload {reexecute=0 rethrow=0 return_oop=0}
                      ; - org.cef.browser.CefBrowserWr$2::getClickCount@100 (line 168)
                      ; - org.cef.browser.CefBrowserWr$2$1::run@315 (line 140)
  0x0000024b5b04654c: 9056 0cff 

  0x0000024b5b046550: ;   {post_call_nop}
  0x0000024b5b046550: 0f1f 8400 | c83a 00ad | baf4 ffff | ff48 8b6c | 2420 4c8b | 5424 384c | 8954 2420 | 448b 5424 
  0x0000024b5b046570: 4044 8954 

  0x0000024b5b046574: ;   {runtime_call UncommonTrapBlob}
  0x0000024b5b046574: 243c 90e8 

  0x0000024b5b046578: ; ImmutableOopMap {rbp=Oop [32]=Oop [48]=NarrowOop [52]=NarrowOop }
                      ;*checkcast {reexecute=0 rethrow=0 return_oop=0}
                      ; - org.cef.browser.CefBrowserWr$2::getClickCount@75 (line 164)
                      ; - org.cef.browser.CefBrowserWr$2$1::run@315 (line 140)
  0x0000024b5b046578: 6456 0cff 

  0x0000024b5b04657c: ;   {post_call_nop}
  0x0000024b5b04657c: 0f1f 8400 | f43a 00ae | baf6 ffff | ff41 8be9 

  0x0000024b5b04658c: ;   {runtime_call UncommonTrapBlob}
  0x0000024b5b04658c: 6666 90e8 

  0x0000024b5b046590: ; ImmutableOopMap {}
                      ;*iastore {reexecute=0 rethrow=0 return_oop=0}
                      ; - org.cef.browser.CefBrowserWr$2::getClickCount@90 (line 166)
                      ; - org.cef.browser.CefBrowserWr$2$1::run@315 (line 140)
  0x0000024b5b046590: 4c56 0cff 

  0x0000024b5b046594: ;   {post_call_nop}
  0x0000024b5b046594: 0f1f 8400 | 0c3b 00af | ba45 ffff | ff8b 6c24 | 3048 8b7c | 2428 4889 | 7c24 204c | 896c 2430 
  0x0000024b5b0465b4: 4489 4c24 | 3844 895c | 243c 894c | 2440 895c | 2444 4489 | 4424 4844 | 8954 244c 

  0x0000024b5b0465d0: ;   {runtime_call UncommonTrapBlob}
  0x0000024b5b0465d0: 6666 90e8 

  0x0000024b5b0465d4: ; ImmutableOopMap {[32]=Oop [48]=Oop [76]=NarrowOop [80]=Oop }
                      ;*ifnonnull {reexecute=1 rethrow=0 return_oop=0}
                      ; - (reexecute) java.awt.GraphicsEnvironment::getHeadlessProperty@3 (line 161)
                      ; - java.awt.GraphicsEnvironment::isHeadless@0 (line 140)
                      ; - java.awt.event.InputEvent::canAccessSystemClipboard@0 (line 388)
                      ; - java.awt.event.InputEvent::<init>@19 (line 384)
                      ; - java.awt.event.MouseEvent::<init>@6 (line 759)
                      ; - org.cef.browser.CefBrowserWr$2$1::run@435 (line 147)
  0x0000024b5b0465d4: 0856 0cff 

  0x0000024b5b0465d8: ;   {post_call_nop}
  0x0000024b5b0465d8: 0f1f 8400 | 503b 00b0 | 488b d0eb | 6ceb 4d48 | 8bd0 eb65 | 488b d0eb | 6048 8bd0 | eb5b eb4c 
  0x0000024b5b0465f8: eb00 488b | d0eb 5248 | 8bd0 eb4d | eb37 eb00 | 488b d0eb | 4448 8bd0 | eb3f 488b | d0eb 3a48 
  0x0000024b5b046618: 8bd0 eb35 | eb16 488b | d0eb 2e48 | 8bd0 eb29 | 488b d0eb | 2448 8bd0 | eb1f eb00 | 488b d0eb 
  0x0000024b5b046638: 18eb 09eb | 0048 8bd0 | eb0f eb00 | 488b d0eb | 0848 8bd0 | eb03 488b | d048 81c4 | a000 0000 
  0x0000024b5b046658: ;   {runtime_call C2 Runtime rethrow}
  0x0000024b5b046658: 5de9 821f | 0dff f083 | 4424 c000 | 8039 000f | 8400 dcff | ffc6 0100 | 498b 5f50 | 4885 db0f 
  0x0000024b5b046678: 8414 0000 | 0048 83eb | 0849 895f | 5049 035f | 5848 890b | e9dc dbff | ff48 83ec | 504c 8954 
  0x0000024b5b046698: 2448 4c89 | 5c24 404c | 8944 2438 | 4c89 4c24 | 3048 8954 | 2428 4889 | 7424 2049 

  0x0000024b5b0466b4: ;   {runtime_call}
  0x0000024b5b0466b4: 8bd7 48b8 | d03c 657b | fb7f 0000 | ffd0 488b | 7424 2048 | 8b54 2428 | 4c8b 4c24 | 304c 8b44 
  0x0000024b5b0466d4: 2438 4c8b | 5c24 404c | 8b54 2448 | c5f8 7748 | 83c4 50e9 | 81db ffff 

  0x0000024b5b0466ec: ;   {internal_word}
  0x0000024b5b0466ec: 49ba 633b | 045b 4b02 | 0000 4d89 | 97e0 0400 

  0x0000024b5b0466fc: ;   {runtime_call SafepointBlob}
  0x0000024b5b0466fc: 00e9 5ea8 | fffe 4183 | 87e0 0600 | 0008 e92d | d1ff ff41 | 8387 e006 | 0000 08e9 | 7dcd ffff 
  0x0000024b5b04671c: ;   {runtime_call Stub::method_entry_barrier}
  0x0000024b5b04671c: e8df dbfd | fee9 a8c4 | ffff f4f4 
[Stub Code]
  0x0000024b5b046728: ;   {static_stub}
  0x0000024b5b046728: 48bb 0000 | 0000 0000 

  0x0000024b5b046730: ;   {runtime_call nmethod}
  0x0000024b5b046730: 0000 e9fb 

  0x0000024b5b046734: ;   {static_stub}
  0x0000024b5b046734: ffff ff48 | bb00 0000 | 0000 0000 

  0x0000024b5b046740: ;   {runtime_call nmethod}
  0x0000024b5b046740: 00e9 fbff 

  0x0000024b5b046744: ;   {static_stub}
  0x0000024b5b046744: ffff 48bb | 0000 0000 | 0000 0000 

  0x0000024b5b046750: ;   {runtime_call nmethod}
  0x0000024b5b046750: e9fb ffff 

  0x0000024b5b046754: ;   {static_stub}
  0x0000024b5b046754: ff48 bb00 | 0000 0000 

  0x0000024b5b04675c: ;   {runtime_call nmethod}
  0x0000024b5b04675c: 0000 00e9 | fbff ffff 

  0x0000024b5b046764: ;   {static_stub}
  0x0000024b5b046764: 48bb 0000 | 0000 0000 

  0x0000024b5b04676c: ;   {runtime_call nmethod}
  0x0000024b5b04676c: 0000 e9fb 

  0x0000024b5b046770: ;   {static_stub}
  0x0000024b5b046770: ffff ff48 | bb00 0000 | 0000 0000 

  0x0000024b5b04677c: ;   {runtime_call nmethod}
  0x0000024b5b04677c: 00e9 fbff 

  0x0000024b5b046780: ;   {static_stub}
  0x0000024b5b046780: ffff 48bb | 0000 0000 | 0000 0000 

  0x0000024b5b04678c: ;   {runtime_call nmethod}
  0x0000024b5b04678c: e9fb ffff 

  0x0000024b5b046790: ;   {static_stub}
  0x0000024b5b046790: ff48 bb00 | 0000 0000 

  0x0000024b5b046798: ;   {runtime_call nmethod}
  0x0000024b5b046798: 0000 00e9 | fbff ffff 

  0x0000024b5b0467a0: ;   {static_stub}
  0x0000024b5b0467a0: 48bb 0000 | 0000 0000 

  0x0000024b5b0467a8: ;   {runtime_call nmethod}
  0x0000024b5b0467a8: 0000 e9fb 

  0x0000024b5b0467ac: ;   {static_stub}
  0x0000024b5b0467ac: ffff ff48 | bb00 0000 | 0000 0000 

  0x0000024b5b0467b8: ;   {runtime_call nmethod}
  0x0000024b5b0467b8: 00e9 fbff 

  0x0000024b5b0467bc: ;   {static_stub}
  0x0000024b5b0467bc: ffff 48bb | 0000 0000 | 0000 0000 

  0x0000024b5b0467c8: ;   {runtime_call nmethod}
  0x0000024b5b0467c8: e9fb ffff 

  0x0000024b5b0467cc: ;   {static_stub}
  0x0000024b5b0467cc: ff48 bb00 | 0000 0000 

  0x0000024b5b0467d4: ;   {runtime_call nmethod}
  0x0000024b5b0467d4: 0000 00e9 | fbff ffff 

  0x0000024b5b0467dc: ;   {static_stub}
  0x0000024b5b0467dc: 48bb 0000 | 0000 0000 

  0x0000024b5b0467e4: ;   {runtime_call nmethod}
  0x0000024b5b0467e4: 0000 e9fb 

  0x0000024b5b0467e8: ;   {static_stub}
  0x0000024b5b0467e8: ffff ff48 | bb00 0000 | 0000 0000 

  0x0000024b5b0467f4: ;   {runtime_call nmethod}
  0x0000024b5b0467f4: 00e9 fbff 

  0x0000024b5b0467f8: ;   {runtime_call ExceptionBlob}
  0x0000024b5b0467f8: ffff e961 | 5a0c ffe8 | 0000 0000 | 4883 2c24 

  0x0000024b5b046808: ;   {runtime_call DeoptimizationBlob}
  0x0000024b5b046808: 05e9 52aa | fffe f4f4 
[/MachCode]


Compiled method (c2) 1036201 64416       4       com.intellij.util.concurrency.ChildContext$runInChildContext$1::invoke (8 bytes)
 total in heap  [0x0000024b5b70cd88,0x0000024b5b70cfb8] = 560
 main code      [0x0000024b5b70ce80,0x0000024b5b70cf98] = 280
 stub code      [0x0000024b5b70cf98,0x0000024b5b70cfb0] = 24
 oops           [0x0000024b5b70cfb0,0x0000024b5b70cfb8] = 8
 mutable data [0x0000024c139b95e0,0x0000024c139b9618] = 56
 relocation     [0x0000024c139b95e0,0x0000024c139b9608] = 40
 metadata       [0x0000024c139b9608,0x0000024c139b9618] = 16
 immutable data [0x0000024c1ab4be70,0x0000024c1ab4bf18] = 168
 dependencies   [0x0000024c1ab4be70,0x0000024c1ab4be78] = 8
 nul chk table  [0x0000024c1ab4be78,0x0000024c1ab4be88] = 16
 handler table  [0x0000024c1ab4be88,0x0000024c1ab4bea0] = 24
 scopes pcs     [0x0000024c1ab4bea0,0x0000024c1ab4bef0] = 80
 scopes data    [0x0000024c1ab4bef0,0x0000024c1ab4bf18] = 40

[Constant Pool (empty)]

[MachCode]
[Instructions begin]
  0x0000024b5b70ce80: 6690 448b | 5208 443b 

  0x0000024b5b70ce88: ;   {runtime_call Shared Runtime ic_miss_blob}
  0x0000024b5b70ce88: 5008 0f85 | 501c 93fe 
[Verified Entry Point]
  0x0000024b5b70ce90: 8984 2400 | 80ff ff55 | 4883 ec10 | 4181 7f20 | fc03 0000 | 0f85 e400 | 0000 448b | 5214 458b 
  0x0000024b5b70ceb0: ;   {metadata('java/lang/Runnable')}
  0x0000024b5b70ceb0: 5a08 48b8 | 604d 361c | 0000 0000 | be00 0000 | 1c49 03f3 | 4c8b 5e20 | 4c3b d875 | 3549 8bd2 
  0x0000024b5b70ced0: 9048 b8a0 | d6d9 fd4b 

  0x0000024b5b70ced8: ;   {virtual_call}
  0x0000024b5b70ced8: 0200 00e8 

  0x0000024b5b70cedc: ; ImmutableOopMap {}
                      ;*invokeinterface run {reexecute=0 rethrow=0 return_oop=0}
                      ; - com.intellij.util.concurrency.ChildContext$runInChildContext$1::invoke@7 (line 192)
                      ; - com.intellij.util.concurrency.ChildContext$runInChildContext$1::invoke@1 (line 192)
  0x0000024b5b70cedc: 08a3 a0fe 

  0x0000024b5b70cee0: ;   {post_call_nop}
  0x0000024b5b70cee0: 0f1f 8400 | 5801 0000 

  0x0000024b5b70cee8: ;   {oop(a 'kotlin/Unit'{0x00000000c03be740})}
  0x0000024b5b70cee8: 48b8 40e7 | 3bc0 0000 | 0000 4883 

  0x0000024b5b70cef4: ;   {poll_return}
  0x0000024b5b70cef4: c410 5d49 | 3b67 280f | 8777 0000 | 00c3 4833 | ff4c 8b9e | a800 0000 | 498b d348 | c1e2 0b0f 
  0x0000024b5b70cf14: 8921 0000 | 00f3 480f | b8d2 488b | 5e28 483b | 04d3 7415 | 490f bae3 | 3573 0b49 

  0x0000024b5b70cf30: ;   {runtime_call Stub::lookup_secondary_supers_table_slow_path}
  0x0000024b5b70cf30: c1cb 34e8 | 8b75 91fe | eb03 48ff | c748 85ff | 748b bade | ffff ff41 

  0x0000024b5b70cf48: ;   {runtime_call UncommonTrapBlob}
  0x0000024b5b70cf48: 8bea 90e8 

  0x0000024b5b70cf4c: ; ImmutableOopMap {rbp=NarrowOop }
                      ;*checkcast {reexecute=0 rethrow=0 return_oop=0}
                      ; - com.intellij.util.concurrency.ChildContext$runInChildContext$1::invoke@4 (line 192)
                      ; - com.intellij.util.concurrency.ChildContext$runInChildContext$1::invoke@1 (line 192)
  0x0000024b5b70cf4c: 90ec 9ffe 

  0x0000024b5b70cf50: ;   {post_call_nop}
  0x0000024b5b70cf50: 0f1f 8400 | c801 0001 | 488b d048 | 83c4 105d 

  0x0000024b5b70cf60: ;   {runtime_call C2 Runtime rethrow}
  0x0000024b5b70cf60: e97b b6a0 | feba f4ff 

  0x0000024b5b70cf68: ;   {runtime_call UncommonTrapBlob}
  0x0000024b5b70cf68: ffff 90e8 

  0x0000024b5b70cf6c: ; ImmutableOopMap {}
                      ;*checkcast {reexecute=0 rethrow=0 return_oop=0}
                      ; - com.intellij.util.concurrency.ChildContext$runInChildContext$1::invoke@4 (line 192)
                      ; - com.intellij.util.concurrency.ChildContext$runInChildContext$1::invoke@1 (line 192)
  0x0000024b5b70cf6c: 70ec 9ffe 

  0x0000024b5b70cf70: ;   {post_call_nop}
  0x0000024b5b70cf70: 0f1f 8400 | e801 0002 

  0x0000024b5b70cf78: ;   {internal_word}
  0x0000024b5b70cf78: 49ba f7ce | 705b 4b02 | 0000 4d89 | 97e0 0400 

  0x0000024b5b70cf88: ;   {runtime_call SafepointBlob}
  0x0000024b5b70cf88: 00e9 d23f 

  0x0000024b5b70cf8c: ;   {runtime_call Stub::method_entry_barrier}
  0x0000024b5b70cf8c: 93fe e86d | 7391 fee9 | 12ff ffff 
[Exception Handler]
  0x0000024b5b70cf98: ;   {runtime_call ExceptionBlob}
  0x0000024b5b70cf98: e9c3 f29f | fee8 0000 | 0000 4883 

  0x0000024b5b70cfa4: ;   {runtime_call DeoptimizationBlob}
  0x0000024b5b70cfa4: 2c24 05e9 | b442 93fe | f4f4 f4f4 
[/MachCode]


---------------  P R O C E S S  ---------------

Threads class SMR info:
_java_thread_list=0x0000024c1bc31f80, length=84, elements={
0x0000024b4398cea0, 0x0000024b6c4a7bb0, 0x0000024b6c4abc90, 0x0000024b6c4ac6f0,
0x0000024b6c4b9b90, 0x0000024b6c4ba750, 0x0000024b6c4bb310, 0x0000024b6c4bbed0,
0x0000024b6c4c6830, 0x0000024b6c4cb050, 0x0000024b7451e4a0, 0x0000024b1e65ec20,
0x0000024b1e68a310, 0x0000024b1e95bf90, 0x0000024b1e962520, 0x0000024b1e95ded0,
0x0000024b1e961580, 0x0000024b1e95cf30, 0x0000024b208bbe20, 0x0000024b208b9710,
0x0000024b20de6910, 0x0000024b1f3f3180, 0x0000024b21362d80, 0x0000024b21361de0,
0x0000024b2154f9f0, 0x0000024b21551160, 0x0000024b3b7e4b10, 0x0000024bb082ebe0,
0x0000024bb082d470, 0x0000024bc4c84f70, 0x0000024bc4c810f0, 0x0000024bc4c80150,
0x0000024bc4c866e0, 0x0000024bc4c85740, 0x0000024bc4c8cc70, 0x0000024bc4c93200,
0x0000024bd19701f0, 0x0000024bd1975010, 0x0000024bd197a600, 0x0000024bdf64b030,
0x0000024bdf64f680, 0x0000024bdf650df0, 0x0000024bdf659a90, 0x0000024bdf655c10,
0x0000024bfa620800, 0x0000024bfa62c380, 0x0000024bfa62ea90, 0x0000024bfa6309d0,
0x0000024bfd6a3f80, 0x0000024be9ddee10, 0x0000024be9de99f0, 0x0000024be72ed4e0,
0x0000024be730a9a0, 0x0000024be730e820, 0x0000024be730f7c0, 0x0000024be730d880,
0x0000024c06366650, 0x0000024c063675f0, 0x0000024c0637cdb0, 0x0000024c0e7d3a70,
0x0000024c0f22c050, 0x0000024c0c2d1080, 0x0000024c0f16f060, 0x0000024c0f2af8b0,
0x0000024becccf0c0, 0x0000024c0f2ae910, 0x0000024c0f322cd0, 0x0000024c0e7be7b0,
0x0000024c0e7d2ad0, 0x0000024c145cb770, 0x0000024c140d96d0, 0x0000024c12ee0220,
0x0000024c0f9d2990, 0x0000024c140d7f60, 0x0000024c1454f190, 0x0000024c12c39ef0,
0x0000024c1d498b60, 0x0000024c1b8d0860, 0x0000024c14090f00, 0x0000024c1408efc0,
0x0000024c1408ff60, 0x0000024c0e8faf70, 0x0000024c1bb327a0, 0x0000024c1d495c80
}

Java Threads: ( => current thread )
  0x0000024b4398cea0 JavaThread "main"                              [_thread_blocked, id=6516, stack(0x00000068da900000,0x00000068dab00000) (2048K)]
  0x0000024b6c4a7bb0 JavaThread "Common-Cleaner"             daemon [_thread_blocked, id=16228, stack(0x00000068db200000,0x00000068db300000) (1024K)]
  0x0000024b6c4abc90 JavaThread "Reference Handler"          daemon [_thread_blocked, id=23224, stack(0x00000068db300000,0x00000068db400000) (1024K)]
  0x0000024b6c4ac6f0 JavaThread "Finalizer"                  daemon [_thread_blocked, id=20344, stack(0x00000068db400000,0x00000068db500000) (1024K)]
  0x0000024b6c4b9b90 JavaThread "Signal Dispatcher"          daemon [_thread_blocked, id=18232, stack(0x00000068db500000,0x00000068db600000) (1024K)]
  0x0000024b6c4ba750 JavaThread "Attach Listener"            daemon [_thread_blocked, id=18836, stack(0x00000068db600000,0x00000068db700000) (1024K)]
  0x0000024b6c4bb310 JavaThread "Service Thread"             daemon [_thread_blocked, id=20272, stack(0x00000068db700000,0x00000068db800000) (1024K)]
  0x0000024b6c4bbed0 JavaThread "Monitor Deflation Thread"   daemon [_thread_blocked, id=21284, stack(0x00000068db800000,0x00000068db900000) (1024K)]
  0x0000024b6c4c6830 JavaThread "C2 CompilerThread0"         daemon [_thread_blocked, id=25476, stack(0x00000068db900000,0x00000068dba00000) (1024K)]
  0x0000024b6c4cb050 JavaThread "C1 CompilerThread0"         daemon [_thread_blocked, id=13948, stack(0x00000068dba00000,0x00000068dbb00000) (1024K)]
  0x0000024b7451e4a0 JavaThread "Notification Thread"        daemon [_thread_blocked, id=25512, stack(0x00000068dbb00000,0x00000068dbc00000) (1024K)]
  0x0000024b1e65ec20 JavaThread "DefaultDispatcher-worker-7" daemon [_thread_in_native, id=20164, stack(0x00000068dc600000,0x00000068dc700000) (1024K)]
  0x0000024b1e68a310 JavaThread "DefaultDispatcher-worker-8" daemon [_thread_in_native, id=24396, stack(0x00000068dc700000,0x00000068dc800000) (1024K)]
  0x0000024b1e95bf90 JavaThread "Java2D Disposer"            daemon [_thread_blocked, id=18876, stack(0x00000068dcf00000,0x00000068dd000000) (1024K)]
  0x0000024b1e962520 JavaThread "AWT-Shutdown"                      [_thread_blocked, id=3428, stack(0x00000068dd000000,0x00000068dd100000) (1024K)]
  0x0000024b1e95ded0 JavaThread "AWT-Windows"                daemon [_thread_blocked, id=20876, stack(0x00000068dd100000,0x00000068dd200000) (1024K)]
  0x0000024b1e961580 JavaThread "External Command Listener"  daemon [_thread_in_native, id=19996, stack(0x00000068dd200000,0x00000068dd300000) (1024K)]
=>0x0000024b1e95cf30 JavaThread "AWT-EventQueue-0"                  [_thread_in_native, id=23976, stack(0x00000068dd300000,0x00000068dd400000) (1024K)]
  0x0000024b208bbe20 JavaThread "Kernel event loop thread 18cuc3f0b5usu9rchdkc" daemon [_thread_blocked, id=21540, stack(0x00000068ddb00000,0x00000068ddc00000) (1024K)]
  0x0000024b208b9710 JavaThread "SerializersBackgroundRegistrar" daemon [_thread_blocked, id=6488, stack(0x00000068dde00000,0x00000068ddf00000) (1024K)]
  0x0000024b20de6910 JavaThread "JetBrains"                         [_thread_in_native, id=5036, stack(0x00000068de000000,0x00000068de100000) (1024K)]
  0x0000024b1f3f3180 JavaThread "BaseDataReader: output stream of JetBrains"        [_thread_in_native, id=20500, stack(0x00000068de100000,0x00000068de200000) (1024K)]
  0x0000024b21362d80 JavaThread "BaseDataReader: error stream of JetBrains"        [_thread_in_native, id=24008, stack(0x00000068de200000,0x00000068de300000) (1024K)]
  0x0000024b21361de0 JavaThread "DefaultDispatcher-worker-4" daemon [_thread_blocked, id=22356, stack(0x00000068de500000,0x00000068de600000) (1024K)]
  0x0000024b2154f9f0 JavaThread "Coroutines Debugger Cleaner" daemon [_thread_blocked, id=15512, stack(0x00000068df400000,0x00000068df500000) (1024K)]
  0x0000024b21551160 JavaThread "PeriodicMetricReader"       daemon [_thread_blocked, id=16600, stack(0x00000068df500000,0x00000068df600000) (1024K)]
  0x0000024b3b7e4b10 JavaThread "Periodic tasks thread"      daemon [_thread_blocked, id=19268, stack(0x00000068df600000,0x00000068df700000) (1024K)]
  0x0000024bb082ebe0 JavaThread "fsnotifier.exe"                    [_thread_in_native, id=5012, stack(0x00000068df900000,0x00000068dfa00000) (1024K)]
  0x0000024bb082d470 JavaThread "BaseDataReader: error stream of fsnotifier.exe"        [_thread_in_native, id=20192, stack(0x00000068dfc00000,0x00000068dfd00000) (1024K)]
  0x0000024bc4c84f70 JavaThread "Netty Station Server 1-1"   daemon [_thread_in_native, id=25124, stack(0x00000068dfd00000,0x00000068dfe00000) (1024K)]
  0x0000024bc4c810f0 JavaThread "Netty Station Client 1-1"   daemon [_thread_in_native, id=20904, stack(0x00000068dfe00000,0x00000068dff00000) (1024K)]
  0x0000024bc4c80150 JavaThread "Reference Cleaner"          daemon [_thread_blocked, id=18844, stack(0x00000068dff00000,0x00000068e0000000) (1024K)]
  0x0000024bc4c866e0 JavaThread "Netty Station Client 1-2"   daemon [_thread_in_native, id=21936, stack(0x00000068e0000000,0x00000068e0100000) (1024K)]
  0x0000024bc4c85740 JavaThread "Netty Builtin Server 1"     daemon [_thread_in_native, id=20992, stack(0x00000068e0100000,0x00000068e0200000) (1024K)]
  0x0000024bc4c8cc70 JavaThread "Windows Shell integration"  daemon [_thread_blocked, id=20932, stack(0x00000068e0300000,0x00000068e0400000) (1024K)]
  0x0000024bc4c93200 JavaThread "BaseDataReader: error stream of fusion-win-x64.exe"        [_thread_in_native, id=21252, stack(0x00000068e0600000,0x00000068e0700000) (1024K)]
  0x0000024bd19701f0 JavaThread "process reaper (pid 24656)" daemon [_thread_in_native, id=24956, stack(0x00000068da350000,0x00000068da370000) (128K)]
  0x0000024bd1975010 JavaThread "JobScheduler FJ pool 0/15"  daemon [_thread_in_native, id=19892, stack(0x00000068e1000000,0x00000068e1100000) (1024K)]
  0x0000024bd197a600 JavaThread "DefaultDispatcher-worker-11" daemon [_thread_blocked, id=20224, stack(0x00000068e1400000,0x00000068e1500000) (1024K)]
  0x0000024bdf64b030 JavaThread "Cleaner-0"                  daemon [_thread_blocked, id=24888, stack(0x00000068e1c00000,0x00000068e1d00000) (1024K)]
  0x0000024bdf64f680 JavaThread "Jndi-Dns-address-change-listener" daemon [_thread_in_native, id=19556, stack(0x00000068e1d00000,0x00000068e1e00000) (1024K)]
  0x0000024bdf650df0 JavaThread "JobScheduler FJ pool 1/15"  daemon [_thread_blocked, id=5160, stack(0x00000068e1e00000,0x00000068e1f00000) (1024K)]
  0x0000024bdf659a90 JavaThread "pool-4-thread-1"                   [_thread_blocked, id=20204, stack(0x00000068e1f00000,0x00000068e2000000) (1024K)]
  0x0000024bdf655c10 JavaThread "BackgroundScheduler"        daemon [_thread_blocked, id=21820, stack(0x00000068e2100000,0x00000068e2200000) (1024K)]
  0x0000024bfa620800 JavaThread "pool-8-thread-1"                   [_thread_blocked, id=25516, stack(0x00000068e2f00000,0x00000068e3000000) (1024K)]
  0x0000024bfa62c380 JavaThread "RenderDocClient::3155956547137870282/Sender" daemon [_thread_blocked, id=16560, stack(0x00000068e3000000,0x00000068e3100000) (1024K)]
  0x0000024bfa62ea90 JavaThread "RenderDocPanel"             daemon [_thread_blocked, id=25140, stack(0x00000068e3200000,0x00000068e3300000) (1024K)]
  0x0000024bfa6309d0 JavaThread "pool-11-thread-1"                  [_thread_blocked, id=20176, stack(0x00000068e3300000,0x00000068e3400000) (1024K)]
  0x0000024bfd6a3f80 JavaThread "fusion-win-x64.exe"                [_thread_in_native, id=19764, stack(0x00000068e5200000,0x00000068e5300000) (1024K)]
  0x0000024be9ddee10 JavaThread "pool-9-thread-1"                   [_thread_blocked, id=4224, stack(0x00000068e5900000,0x00000068e5a00000) (1024K)]
  0x0000024be9de99f0 JavaThread "WorkspaceModelUpdater"      daemon [_thread_blocked, id=19772, stack(0x00000068e5a00000,0x00000068e5b00000) (1024K)]
  0x0000024be72ed4e0 JavaThread "HandlingStartupEventsContext" daemon [_thread_blocked, id=19908, stack(0x00000068e8300000,0x00000068e8400000) (1024K)]
  0x0000024be730a9a0 JavaThread "JetBrains.DPA.Protocol.Backend_Server/Sender" daemon [_thread_blocked, id=19112, stack(0x00000068e8400000,0x00000068e8500000) (1024K)]
  0x0000024be730e820 JavaThread "JetBrains.DPA.Protocol.Backend_Server" daemon [_thread_in_native, id=24236, stack(0x00000068e8500000,0x00000068e8600000) (1024K)]
  0x0000024be730f7c0 JavaThread "JetBrains.DPA.Protocol.Backend_Render_Server/Sender" daemon [_thread_blocked, id=24860, stack(0x00000068e8600000,0x00000068e8700000) (1024K)]
  0x0000024be730d880 JavaThread "JetBrains.DPA.Protocol.Backend_Render_Server" daemon [_thread_in_native, id=25280, stack(0x00000068e8700000,0x00000068e8800000) (1024K)]
  0x0000024c06366650 JavaThread "process reaper (pid 21512)" daemon [_thread_in_native, id=14668, stack(0x00000068da370000,0x00000068da390000) (128K)]
  0x0000024c063675f0 JavaThread "ForkJoinPool.commonPool-delayScheduler" daemon [_thread_blocked, id=2292, stack(0x00000068e8d00000,0x00000068e8e00000) (1024K)]
  0x0000024c0637cdb0 JavaThread "JobScheduler FJ pool 2/15"  daemon [_thread_blocked, id=14748, stack(0x00000068e9c00000,0x00000068e9d00000) (1024K)]
  0x0000024c0e7d3a70 JavaThread "ProtocolInstanceWatcher"           [_thread_blocked, id=8012, stack(0x00000068e9700000,0x00000068e9800000) (1024K)]
  0x0000024c0f22c050 JavaThread "FileSystemWatchService"     daemon [_thread_in_native, id=5020, stack(0x00000068e9800000,0x00000068e9900000) (1024K)]
  0x0000024c0c2d1080 JavaThread "pool-12-thread-1"                  [_thread_blocked, id=19800, stack(0x00000068eaa00000,0x00000068eab00000) (1024K)]
  0x0000024c0f16f060 JavaThread "pool-13-thread-1"                  [_thread_blocked, id=22408, stack(0x00000068eab00000,0x00000068eac00000) (1024K)]
  0x0000024c0f2af8b0 JavaThread "JobScheduler FJ pool 3/15"  daemon [_thread_blocked, id=7252, stack(0x00000068eac00000,0x00000068ead00000) (1024K)]
  0x0000024becccf0c0 JavaThread "JobScheduler FJ pool 4/15"  daemon [_thread_blocked, id=15236, stack(0x00000068ead00000,0x00000068eae00000) (1024K)]
  0x0000024c0f2ae910 JavaThread "JobScheduler FJ pool 5/15"  daemon [_thread_blocked, id=20860, stack(0x00000068eae00000,0x00000068eaf00000) (1024K)]
  0x0000024c0f322cd0 JavaThread "JobScheduler FJ pool 6/15"  daemon [_thread_blocked, id=9336, stack(0x00000068eaf00000,0x00000068eb000000) (1024K)]
  0x0000024c0e7be7b0 JavaThread "JobScheduler FJ pool 7/15"  daemon [_thread_blocked, id=24424, stack(0x00000068eb000000,0x00000068eb100000) (1024K)]
  0x0000024c0e7d2ad0 JavaThread "JobScheduler FJ pool 8/15"  daemon [_thread_blocked, id=21280, stack(0x00000068eb100000,0x00000068eb200000) (1024K)]
  0x0000024c145cb770 JavaThread "JobScheduler FJ pool 9/15"  daemon [_thread_blocked, id=22424, stack(0x00000068eb200000,0x00000068eb300000) (1024K)]
  0x0000024c140d96d0 JavaThread "JobScheduler FJ pool 10/15" daemon [_thread_blocked, id=6932, stack(0x00000068eb300000,0x00000068eb400000) (1024K)]
  0x0000024c12ee0220 JavaThread "JobScheduler FJ pool 11/15" daemon [_thread_blocked, id=23688, stack(0x00000068eb400000,0x00000068eb500000) (1024K)]
  0x0000024c0f9d2990 JavaThread "JobScheduler FJ pool 12/15" daemon [_thread_blocked, id=10876, stack(0x00000068eb500000,0x00000068eb600000) (1024K)]
  0x0000024c140d7f60 JavaThread "JobScheduler FJ pool 13/15" daemon [_thread_blocked, id=6380, stack(0x00000068eb600000,0x00000068eb700000) (1024K)]
  0x0000024c1454f190 JavaThread "JobScheduler FJ pool 14/15" daemon [_thread_blocked, id=22440, stack(0x00000068eb700000,0x00000068eb800000) (1024K)]
  0x0000024c12c39ef0 JavaThread "StatisticsFileEventLogger"         [_thread_blocked, id=21840, stack(0x00000068e0e00000,0x00000068e0f00000) (1024K)]
  0x0000024c1d498b60 JavaThread "ApplicationImpl pooled thread 13"        [_thread_blocked, id=24504, stack(0x00000068dc400000,0x00000068dc500000) (1024K)]
  0x0000024c1b8d0860 JavaThread "ApplicationImpl pooled thread 15"        [_thread_blocked, id=20708, stack(0x00000068dbe00000,0x00000068dbf00000) (1024K)]
  0x0000024c14090f00 JavaThread "DefaultDispatcher-worker-17" daemon [_thread_blocked, id=26556, stack(0x00000068dbc00000,0x00000068dbd00000) (1024K)]
  0x0000024c1408efc0 JavaThread "DefaultDispatcher-worker-18" daemon [_thread_blocked, id=26016, stack(0x00000068dc500000,0x00000068dc600000) (1024K)]
  0x0000024c1408ff60 JavaThread "DefaultDispatcher-worker-19" daemon [_thread_blocked, id=25824, stack(0x00000068dc800000,0x00000068dc900000) (1024K)]
  0x0000024c0e8faf70 JavaThread "DefaultDispatcher-worker-20" daemon [_thread_blocked, id=19256, stack(0x00000068dc900000,0x00000068dca00000) (1024K)]
  0x0000024c1bb327a0 JavaThread "pool-7-thread-6"                   [_thread_blocked, id=15880, stack(0x00000068dbd00000,0x00000068dbe00000) (1024K)]
  0x0000024c1d495c80 JavaThread "Unknown thread"             [_thread_blocked, id=20236, stack(0x00000068e6700000,0x00000068e6800000) (1024K)]
Total: 84

Other Threads:
  0x0000024b6c49d620 VMThread "VM Thread"                           [id=18576, stack(0x00000068db100000,0x00000068db200000) (1024K)]
  0x0000024b6c4922f0 WatcherThread "VM Periodic Task Thread"        [id=22284, stack(0x00000068db000000,0x00000068db100000) (1024K)]
  0x0000024b43a0dd00 WorkerThread "GC Thread#0"                     [id=8200, stack(0x00000068dab00000,0x00000068dac00000) (1024K)]
  0x0000024b1e5f17e0 WorkerThread "GC Thread#1"                     [id=24028, stack(0x00000068dc000000,0x00000068dc100000) (1024K)]
  0x0000024b1e5f7460 WorkerThread "GC Thread#2"                     [id=24076, stack(0x00000068dc100000,0x00000068dc200000) (1024K)]
  0x0000024b1e627ad0 WorkerThread "GC Thread#3"                     [id=23920, stack(0x00000068dc200000,0x00000068dc300000) (1024K)]
  0x0000024b1e627f00 WorkerThread "GC Thread#4"                     [id=11024, stack(0x00000068dc300000,0x00000068dc400000) (1024K)]
  0x0000024b1ee69900 WorkerThread "GC Thread#5"                     [id=25120, stack(0x00000068dd500000,0x00000068dd600000) (1024K)]
  0x0000024b1ee6a1a0 WorkerThread "GC Thread#6"                     [id=25088, stack(0x00000068dd600000,0x00000068dd700000) (1024K)]
  0x0000024b1ee6aa40 WorkerThread "GC Thread#7"                     [id=13700, stack(0x00000068dd700000,0x00000068dd800000) (1024K)]
  0x0000024b1ee6ccc0 WorkerThread "GC Thread#8"                     [id=6924, stack(0x00000068dd800000,0x00000068dd900000) (1024K)]
  0x0000024b21619430 WorkerThread "GC Thread#9"                     [id=22396, stack(0x00000068df000000,0x00000068df100000) (1024K)]
  0x0000024b21617a50 WorkerThread "GC Thread#10"                    [id=21296, stack(0x00000068df100000,0x00000068df200000) (1024K)]
  0x0000024b21616d60 WorkerThread "GC Thread#11"                    [id=12144, stack(0x00000068df200000,0x00000068df300000) (1024K)]
  0x0000024b2161c3a0 WorkerThread "GC Thread#12"                    [id=2512, stack(0x00000068df300000,0x00000068df400000) (1024K)]
  0x0000024b6c300830 ConcurrentGCThread "G1 Main Marker"            [id=19544, stack(0x00000068dac00000,0x00000068dad00000) (1024K)]
  0x0000024b6c301b00 WorkerThread "G1 Conc#0"                       [id=23984, stack(0x00000068dad00000,0x00000068dae00000) (1024K)]
  0x0000024b1ee687c0 WorkerThread "G1 Conc#1"                       [id=21336, stack(0x00000068dd900000,0x00000068dda00000) (1024K)]
  0x0000024b1ee6eaf0 WorkerThread "G1 Conc#2"                       [id=20836, stack(0x00000068dda00000,0x00000068ddb00000) (1024K)]
  0x0000024b6c362c60 ConcurrentGCThread "G1 Refine#0"               [id=24444, stack(0x00000068dae00000,0x00000068daf00000) (1024K)]
  0x0000024b6c363670 ConcurrentGCThread "G1 Service"                [id=24136, stack(0x00000068daf00000,0x00000068db000000) (1024K)]
Total: 21

Threads with active compile tasks:
C2 CompilerThread0  1036210 79761   !   4       com.intellij.ide.IdeEventQueueKt::setImplicitThreadLocalRhizomeIfEnabled (34 bytes)
Total: 1

VM state: at safepoint (normal execution)

VM Mutex/Monitor currently owned by a thread:  ([mutex/lock_event])
[0x00007ffb7c0e4b80] ThreadsLockThrottle_lock - owner thread: 0x0000024c1d495c80
[0x00007ffb7c0e4e80] Threads_lock - owner thread: 0x0000024b6c49d620
[0x00007ffb7c0e5000] Heap_lock - owner thread: 0x0000024bd197a600

OutOfMemory and StackOverflow Exception counts:
OutOfMemoryError java_heap_errors=315
LinkageErrors=2441

Heap address: 0x00000000c0000000, size: 1024 MB, Compressed Oops mode: 32-bit

CDS archive(s) mapped at: [0x000000001c000000-0x000000001dcd0000-0x000000001dcd0000), size 30212096, SharedBaseAddress: 0x000000001c000000, ArchiveRelocationMode: 1.
Compressed class space mapped at: 0x000000001e000000-0x000000005e000000, reserved size: 1073741824
UseCompressedClassPointers 1, UseCompactObjectHeaders 0
Narrow klass pointer bits 32, Max shift 3
Narrow klass base: 0x000000001c000000, Narrow klass shift: 0
Encoding Range: [0x000000001c000000 - 0x000000011c000000), (4294967296 bytes)
Klass Range:    [0x000000001c010000 - 0x000000005e000000), (1107230720 bytes)
Klass ID Range:  [65536 - 1107296249) (1107230713)
Protection zone: [0x000000001c000000 - 0x000000001c010000), (65536 bytes)

GC Precious Log:
 CardTable entry size: 512
 Card Set container configuration: InlinePtr #cards 5 size 8 Array Of Cards #cards 10 size 36 Howl #buckets 4 coarsen threshold 1843 Howl Bitmap #cards 512 size 80 coarsen threshold 460 Card regions per heap region 1 cards per card region 2048
 CPUs: 16 total, 16 available
 Memory: 32686M
 Large Page Support: Disabled
 NUMA Support: Disabled
 Compressed Oops: Enabled (32-bit)
 Heap Region Size: 1M
 Heap Min Capacity: 128M
 Heap Initial Capacity: 128M
 Heap Max Capacity: 1G
 Pre-touch: Disabled
 Parallel Workers: 13
 Concurrent Workers: 3
 Concurrent Refinement Workers: 13
 Periodic GC: Disabled

Heap:
 garbage-first heap   total reserved 1048576K, committed 1048576K, used 1045211K [0x00000000c0000000, 0x0000000100000000)
  region size 1024K, 0 young (0K), 0 survivors (0K)

Heap Regions: E=young(eden), S=young(survivor), O=old, HS=humongous(starts), HC=humongous(continues), CS=collection set, F=free, TAMS=top-at-mark-start, PB=parsable bottom
|   0|0x00000000c0000000, 0x00000000c0100000, 0x00000000c0100000|100%| O|  |TAMS 0x00000000c0000000| PB 0x00000000c0000000| Untracked |  0
|   1|0x00000000c0100000, 0x00000000c01fff68, 0x00000000c0200000| 99%| O|  |TAMS 0x00000000c0100000| PB 0x00000000c0100000| Untracked |  0
|   2|0x00000000c0200000, 0x00000000c02ffff8, 0x00000000c0300000| 99%| O|  |TAMS 0x00000000c0200000| PB 0x00000000c0200000| Untracked |  0
|   3|0x00000000c0300000, 0x00000000c03fffc8, 0x00000000c0400000| 99%| O|  |TAMS 0x00000000c0300000| PB 0x00000000c0300000| Untracked |  0
|   4|0x00000000c0400000, 0x00000000c0500000, 0x00000000c0500000|100%| O|  |TAMS 0x00000000c0400000| PB 0x00000000c0400000| Untracked |  0
|   5|0x00000000c0500000, 0x00000000c0600000, 0x00000000c0600000|100%| O|  |TAMS 0x00000000c0500000| PB 0x00000000c0500000| Untracked |  0
|   6|0x00000000c0600000, 0x00000000c06fffd8, 0x00000000c0700000| 99%| O|  |TAMS 0x00000000c0600000| PB 0x00000000c0600000| Untracked |  0
|   7|0x00000000c0700000, 0x00000000c07ffff0, 0x00000000c0800000| 99%| O|  |TAMS 0x00000000c0700000| PB 0x00000000c0700000| Untracked |  0
|   8|0x00000000c0800000, 0x00000000c08ffff8, 0x00000000c0900000| 99%| O|  |TAMS 0x00000000c0800000| PB 0x00000000c0800000| Untracked |  0
|   9|0x00000000c0900000, 0x00000000c09ffdb0, 0x00000000c0a00000| 99%| O|  |TAMS 0x00000000c0900000| PB 0x00000000c0900000| Untracked |  0
|  10|0x00000000c0a00000, 0x00000000c0affff8, 0x00000000c0b00000| 99%| O|  |TAMS 0x00000000c0a00000| PB 0x00000000c0a00000| Untracked |  0
|  11|0x00000000c0b00000, 0x00000000c0bffff0, 0x00000000c0c00000| 99%| O|  |TAMS 0x00000000c0b00000| PB 0x00000000c0b00000| Untracked |  0
|  12|0x00000000c0c00000, 0x00000000c0cfffe8, 0x00000000c0d00000| 99%| O|  |TAMS 0x00000000c0c00000| PB 0x00000000c0c00000| Untracked |  0
|  13|0x00000000c0d00000, 0x00000000c0e00000, 0x00000000c0e00000|100%| O|  |TAMS 0x00000000c0d00000| PB 0x00000000c0d00000| Untracked |  0
|  14|0x00000000c0e00000, 0x00000000c0effff0, 0x00000000c0f00000| 99%| O|  |TAMS 0x00000000c0e00000| PB 0x00000000c0e00000| Untracked |  0
|  15|0x00000000c0f00000, 0x00000000c0fffff0, 0x00000000c1000000| 99%| O|  |TAMS 0x00000000c0f00000| PB 0x00000000c0f00000| Untracked |  0
|  16|0x00000000c1000000, 0x00000000c10ffff8, 0x00000000c1100000| 99%| O|  |TAMS 0x00000000c1000000| PB 0x00000000c1000000| Untracked |  0
|  17|0x00000000c1100000, 0x00000000c11ffff8, 0x00000000c1200000| 99%| O|  |TAMS 0x00000000c1100000| PB 0x00000000c1100000| Untracked |  0
|  18|0x00000000c1200000, 0x00000000c12fffe0, 0x00000000c1300000| 99%| O|  |TAMS 0x00000000c1200000| PB 0x00000000c1200000| Untracked |  0
|  19|0x00000000c1300000, 0x00000000c13ffd80, 0x00000000c1400000| 99%| O|  |TAMS 0x00000000c1300000| PB 0x00000000c1300000| Untracked |  0
|  20|0x00000000c1400000, 0x00000000c14ffff8, 0x00000000c1500000| 99%| O|  |TAMS 0x00000000c1400000| PB 0x00000000c1400000| Untracked |  0
|  21|0x00000000c1500000, 0x00000000c15fe748, 0x00000000c1600000| 99%| O|  |TAMS 0x00000000c1500000| PB 0x00000000c1500000| Untracked |  0
|  22|0x00000000c1600000, 0x00000000c1700000, 0x00000000c1700000|100%|HS|  |TAMS 0x00000000c1600000| PB 0x00000000c1600000| Untracked |  0
|  23|0x00000000c1700000, 0x00000000c17f6218, 0x00000000c1800000| 96%| O|  |TAMS 0x00000000c1700000| PB 0x00000000c1700000| Untracked |  0
|  24|0x00000000c1800000, 0x00000000c18fffe0, 0x00000000c1900000| 99%| O|  |TAMS 0x00000000c1800000| PB 0x00000000c1800000| Untracked |  0
|  25|0x00000000c1900000, 0x00000000c19f4238, 0x00000000c1a00000| 95%| O|  |TAMS 0x00000000c1900000| PB 0x00000000c1900000| Untracked |  0
|  26|0x00000000c1a00000, 0x00000000c1afffd0, 0x00000000c1b00000| 99%| O|  |TAMS 0x00000000c1a00000| PB 0x00000000c1a00000| Untracked |  0
|  27|0x00000000c1b00000, 0x00000000c1bfffe0, 0x00000000c1c00000| 99%| O|  |TAMS 0x00000000c1b00000| PB 0x00000000c1b00000| Untracked |  0
|  28|0x00000000c1c00000, 0x00000000c1cfffe8, 0x00000000c1d00000| 99%| O|  |TAMS 0x00000000c1c00000| PB 0x00000000c1c00000| Untracked |  0
|  29|0x00000000c1d00000, 0x00000000c1dffff0, 0x00000000c1e00000| 99%| O|  |TAMS 0x00000000c1d00000| PB 0x00000000c1d00000| Untracked |  0
|  30|0x00000000c1e00000, 0x00000000c1effff8, 0x00000000c1f00000| 99%| O|  |TAMS 0x00000000c1e00000| PB 0x00000000c1e00000| Untracked |  0
|  31|0x00000000c1f00000, 0x00000000c1fffff0, 0x00000000c2000000| 99%| O|  |TAMS 0x00000000c1f00000| PB 0x00000000c1f00000| Untracked |  0
|  32|0x00000000c2000000, 0x00000000c20fffc8, 0x00000000c2100000| 99%| O|  |TAMS 0x00000000c2000000| PB 0x00000000c2000000| Untracked |  0
|  33|0x00000000c2100000, 0x00000000c21ffff8, 0x00000000c2200000| 99%| O|  |TAMS 0x00000000c2100000| PB 0x00000000c2100000| Untracked |  0
|  34|0x00000000c2200000, 0x00000000c2300000, 0x00000000c2300000|100%| O|  |TAMS 0x00000000c2200000| PB 0x00000000c2200000| Untracked |  0
|  35|0x00000000c2300000, 0x00000000c23fffe8, 0x00000000c2400000| 99%| O|  |TAMS 0x00000000c2300000| PB 0x00000000c2300000| Untracked |  0
|  36|0x00000000c2400000, 0x00000000c24ffff8, 0x00000000c2500000| 99%| O|  |TAMS 0x00000000c2400000| PB 0x00000000c2400000| Untracked |  0
|  37|0x00000000c2500000, 0x00000000c25ffff8, 0x00000000c2600000| 99%| O|  |TAMS 0x00000000c2500000| PB 0x00000000c2500000| Untracked |  0
|  38|0x00000000c2600000, 0x00000000c26fffe8, 0x00000000c2700000| 99%| O|  |TAMS 0x00000000c2600000| PB 0x00000000c2600000| Untracked |  0
|  39|0x00000000c2700000, 0x00000000c27faee0, 0x00000000c2800000| 98%| O|  |TAMS 0x00000000c2700000| PB 0x00000000c2700000| Untracked |  0
|  40|0x00000000c2800000, 0x00000000c28ff880, 0x00000000c2900000| 99%| O|  |TAMS 0x00000000c2800000| PB 0x00000000c2800000| Untracked |  0
|  41|0x00000000c2900000, 0x00000000c29f82e8, 0x00000000c2a00000| 96%| O|  |TAMS 0x00000000c2900000| PB 0x00000000c2900000| Untracked |  0
|  42|0x00000000c2a00000, 0x00000000c2afffe0, 0x00000000c2b00000| 99%| O|  |TAMS 0x00000000c2a00000| PB 0x00000000c2a00000| Untracked |  0
|  43|0x00000000c2b00000, 0x00000000c2bff510, 0x00000000c2c00000| 99%| O|  |TAMS 0x00000000c2b00000| PB 0x00000000c2b00000| Untracked |  0
|  44|0x00000000c2c00000, 0x00000000c2cfa8a0, 0x00000000c2d00000| 97%| O|  |TAMS 0x00000000c2c00000| PB 0x00000000c2c00000| Untracked |  0
|  45|0x00000000c2d00000, 0x00000000c2e00000, 0x00000000c2e00000|100%| O|  |TAMS 0x00000000c2d00000| PB 0x00000000c2d00000| Untracked |  0
|  46|0x00000000c2e00000, 0x00000000c2eff290, 0x00000000c2f00000| 99%| O|  |TAMS 0x00000000c2e00000| PB 0x00000000c2e00000| Untracked |  0
|  47|0x00000000c2f00000, 0x00000000c2fffff8, 0x00000000c3000000| 99%| O|  |TAMS 0x00000000c2f00000| PB 0x00000000c2f00000| Untracked |  0
|  48|0x00000000c3000000, 0x00000000c30ffff0, 0x00000000c3100000| 99%| O|  |TAMS 0x00000000c3000000| PB 0x00000000c3000000| Untracked |  0
|  49|0x00000000c3100000, 0x00000000c31fffe0, 0x00000000c3200000| 99%| O|  |TAMS 0x00000000c3100000| PB 0x00000000c3100000| Untracked |  0
|  50|0x00000000c3200000, 0x00000000c32fffe8, 0x00000000c3300000| 99%| O|  |TAMS 0x00000000c3200000| PB 0x00000000c3200000| Untracked |  0
|  51|0x00000000c3300000, 0x00000000c3400000, 0x00000000c3400000|100%| O|  |TAMS 0x00000000c3300000| PB 0x00000000c3300000| Untracked |  0
|  52|0x00000000c3400000, 0x00000000c34fa078, 0x00000000c3500000| 97%| O|  |TAMS 0x00000000c3400000| PB 0x00000000c3400000| Untracked |  0
|  53|0x00000000c3500000, 0x00000000c35ffff8, 0x00000000c3600000| 99%| O|  |TAMS 0x00000000c3500000| PB 0x00000000c3500000| Untracked |  0
|  54|0x00000000c3600000, 0x00000000c36ffff0, 0x00000000c3700000| 99%| O|  |TAMS 0x00000000c3600000| PB 0x00000000c3600000| Untracked |  0
|  55|0x00000000c3700000, 0x00000000c37ffff0, 0x00000000c3800000| 99%| O|  |TAMS 0x00000000c3700000| PB 0x00000000c3700000| Untracked |  0
|  56|0x00000000c3800000, 0x00000000c38ff868, 0x00000000c3900000| 99%| O|  |TAMS 0x00000000c3800000| PB 0x00000000c3800000| Untracked |  0
|  57|0x00000000c3900000, 0x00000000c39fffb8, 0x00000000c3a00000| 99%| O|  |TAMS 0x00000000c3900000| PB 0x00000000c3900000| Untracked |  0
|  58|0x00000000c3a00000, 0x00000000c3affd08, 0x00000000c3b00000| 99%| O|  |TAMS 0x00000000c3a00000| PB 0x00000000c3a00000| Untracked |  0
|  59|0x00000000c3b00000, 0x00000000c3bffff8, 0x00000000c3c00000| 99%| O|  |TAMS 0x00000000c3b00000| PB 0x00000000c3b00000| Untracked |  0
|  60|0x00000000c3c00000, 0x00000000c3cffff0, 0x00000000c3d00000| 99%| O|  |TAMS 0x00000000c3c00000| PB 0x00000000c3c00000| Untracked |  0
|  61|0x00000000c3d00000, 0x00000000c3dfaca8, 0x00000000c3e00000| 97%| O|  |TAMS 0x00000000c3d00000| PB 0x00000000c3d00000| Untracked |  0
|  62|0x00000000c3e00000, 0x00000000c3efffe8, 0x00000000c3f00000| 99%| O|  |TAMS 0x00000000c3e00000| PB 0x00000000c3e00000| Untracked |  0
|  63|0x00000000c3f00000, 0x00000000c3fffff8, 0x00000000c4000000| 99%| O|  |TAMS 0x00000000c3f00000| PB 0x00000000c3f00000| Untracked |  0
|  64|0x00000000c4000000, 0x00000000c40ffff8, 0x00000000c4100000| 99%| O|  |TAMS 0x00000000c4000000| PB 0x00000000c4000000| Untracked |  0
|  65|0x00000000c4100000, 0x00000000c4200000, 0x00000000c4200000|100%| O|  |TAMS 0x00000000c4100000| PB 0x00000000c4100000| Untracked |  0
|  66|0x00000000c4200000, 0x00000000c42ffff0, 0x00000000c4300000| 99%| O|  |TAMS 0x00000000c4200000| PB 0x00000000c4200000| Untracked |  0
|  67|0x00000000c4300000, 0x00000000c4400000, 0x00000000c4400000|100%| O|  |TAMS 0x00000000c4300000| PB 0x00000000c4300000| Untracked |  0
|  68|0x00000000c4400000, 0x00000000c44ffff0, 0x00000000c4500000| 99%| O|  |TAMS 0x00000000c4400000| PB 0x00000000c4400000| Untracked |  0
|  69|0x00000000c4500000, 0x00000000c45ff820, 0x00000000c4600000| 99%| O|  |TAMS 0x00000000c4500000| PB 0x00000000c4500000| Untracked |  0
|  70|0x00000000c4600000, 0x00000000c46fff30, 0x00000000c4700000| 99%| O|  |TAMS 0x00000000c4600000| PB 0x00000000c4600000| Untracked |  0
|  71|0x00000000c4700000, 0x00000000c4800000, 0x00000000c4800000|100%| O|  |TAMS 0x00000000c4700000| PB 0x00000000c4700000| Untracked |  0
|  72|0x00000000c4800000, 0x00000000c48ff620, 0x00000000c4900000| 99%| O|  |TAMS 0x00000000c4800000| PB 0x00000000c4800000| Untracked |  0
|  73|0x00000000c4900000, 0x00000000c49ff320, 0x00000000c4a00000| 99%| O|  |TAMS 0x00000000c4900000| PB 0x00000000c4900000| Untracked |  0
|  74|0x00000000c4a00000, 0x00000000c4affff0, 0x00000000c4b00000| 99%| O|  |TAMS 0x00000000c4a00000| PB 0x00000000c4a00000| Untracked |  0
|  75|0x00000000c4b00000, 0x00000000c4bf5028, 0x00000000c4c00000| 95%| O|  |TAMS 0x00000000c4b00000| PB 0x00000000c4b00000| Untracked |  0
|  76|0x00000000c4c00000, 0x00000000c4d00000, 0x00000000c4d00000|100%| O|  |TAMS 0x00000000c4c00000| PB 0x00000000c4c00000| Untracked |  0
|  77|0x00000000c4d00000, 0x00000000c4e00000, 0x00000000c4e00000|100%| O|  |TAMS 0x00000000c4d00000| PB 0x00000000c4d00000| Untracked |  0
|  78|0x00000000c4e00000, 0x00000000c4efffe8, 0x00000000c4f00000| 99%| O|  |TAMS 0x00000000c4e00000| PB 0x00000000c4e00000| Untracked |  0
|  79|0x00000000c4f00000, 0x00000000c4ffffb0, 0x00000000c5000000| 99%| O|  |TAMS 0x00000000c4f00000| PB 0x00000000c4f00000| Untracked |  0
|  80|0x00000000c5000000, 0x00000000c50f3e30, 0x00000000c5100000| 95%| O|  |TAMS 0x00000000c5000000| PB 0x00000000c5000000| Untracked |  0
|  81|0x00000000c5100000, 0x00000000c5200000, 0x00000000c5200000|100%| O|  |TAMS 0x00000000c5100000| PB 0x00000000c5100000| Untracked |  0
|  82|0x00000000c5200000, 0x00000000c5300000, 0x00000000c5300000|100%| O|  |TAMS 0x00000000c5200000| PB 0x00000000c5200000| Untracked |  0
|  83|0x00000000c5300000, 0x00000000c5400000, 0x00000000c5400000|100%|HS|  |TAMS 0x00000000c5300000| PB 0x00000000c5300000| Untracked |  0
|  84|0x00000000c5400000, 0x00000000c5500000, 0x00000000c5500000|100%| O|  |TAMS 0x00000000c5400000| PB 0x00000000c5400000| Untracked |  0
|  85|0x00000000c5500000, 0x00000000c5600000, 0x00000000c5600000|100%|HS|  |TAMS 0x00000000c5500000| PB 0x00000000c5500000| Untracked |  0
|  86|0x00000000c5600000, 0x00000000c5700000, 0x00000000c5700000|100%|HC|  |TAMS 0x00000000c5600000| PB 0x00000000c5600000| Untracked |  0
|  87|0x00000000c5700000, 0x00000000c5800000, 0x00000000c5800000|100%|HC|  |TAMS 0x00000000c5700000| PB 0x00000000c5700000| Untracked |  0
|  88|0x00000000c5800000, 0x00000000c5900000, 0x00000000c5900000|100%|HC|  |TAMS 0x00000000c5800000| PB 0x00000000c5800000| Untracked |  0
|  89|0x00000000c5900000, 0x00000000c5a00000, 0x00000000c5a00000|100%|HC|  |TAMS 0x00000000c5900000| PB 0x00000000c5900000| Untracked |  0
|  90|0x00000000c5a00000, 0x00000000c5afc170, 0x00000000c5b00000| 98%| O|  |TAMS 0x00000000c5a00000| PB 0x00000000c5a00000| Untracked |  0
|  91|0x00000000c5b00000, 0x00000000c5bfffe0, 0x00000000c5c00000| 99%| O|  |TAMS 0x00000000c5b00000| PB 0x00000000c5b00000| Untracked |  0
|  92|0x00000000c5c00000, 0x00000000c5cfffe8, 0x00000000c5d00000| 99%| O|  |TAMS 0x00000000c5c00000| PB 0x00000000c5c00000| Untracked |  0
|  93|0x00000000c5d00000, 0x00000000c5dffff8, 0x00000000c5e00000| 99%| O|  |TAMS 0x00000000c5d00000| PB 0x00000000c5d00000| Untracked |  0
|  94|0x00000000c5e00000, 0x00000000c5effb48, 0x00000000c5f00000| 99%| O|  |TAMS 0x00000000c5e00000| PB 0x00000000c5e00000| Untracked |  0
|  95|0x00000000c5f00000, 0x00000000c5fffff8, 0x00000000c6000000| 99%| O|  |TAMS 0x00000000c5f00000| PB 0x00000000c5f00000| Untracked |  0
|  96|0x00000000c6000000, 0x00000000c60fd950, 0x00000000c6100000| 99%| O|  |TAMS 0x00000000c6000000| PB 0x00000000c6000000| Untracked |  0
|  97|0x00000000c6100000, 0x00000000c61fffd0, 0x00000000c6200000| 99%| O|  |TAMS 0x00000000c6100000| PB 0x00000000c6100000| Untracked |  0
|  98|0x00000000c6200000, 0x00000000c62ffff8, 0x00000000c6300000| 99%| O|  |TAMS 0x00000000c6200000| PB 0x00000000c6200000| Untracked |  0
|  99|0x00000000c6300000, 0x00000000c63fe030, 0x00000000c6400000| 99%| O|  |TAMS 0x00000000c6300000| PB 0x00000000c6300000| Untracked |  0
| 100|0x00000000c6400000, 0x00000000c6500000, 0x00000000c6500000|100%|HS|  |TAMS 0x00000000c6400000| PB 0x00000000c6400000| Untracked |  0
| 101|0x00000000c6500000, 0x00000000c6600000, 0x00000000c6600000|100%|HS|  |TAMS 0x00000000c6500000| PB 0x00000000c6500000| Untracked |  0
| 102|0x00000000c6600000, 0x00000000c6700000, 0x00000000c6700000|100%|HS|  |TAMS 0x00000000c6600000| PB 0x00000000c6600000| Untracked |  0
| 103|0x00000000c6700000, 0x00000000c6800000, 0x00000000c6800000|100%|HS|  |TAMS 0x00000000c6700000| PB 0x00000000c6700000| Untracked |  0
| 104|0x00000000c6800000, 0x00000000c68fff78, 0x00000000c6900000| 99%| O|  |TAMS 0x00000000c6800000| PB 0x00000000c6800000| Untracked |  0
| 105|0x00000000c6900000, 0x00000000c69fffe8, 0x00000000c6a00000| 99%| O|  |TAMS 0x00000000c6900000| PB 0x00000000c6900000| Untracked |  0
| 106|0x00000000c6a00000, 0x00000000c6afffb0, 0x00000000c6b00000| 99%| O|  |TAMS 0x00000000c6a00000| PB 0x00000000c6a00000| Untracked |  0
| 107|0x00000000c6b00000, 0x00000000c6bfffe8, 0x00000000c6c00000| 99%| O|  |TAMS 0x00000000c6b00000| PB 0x00000000c6b00000| Untracked |  0
| 108|0x00000000c6c00000, 0x00000000c6cffff0, 0x00000000c6d00000| 99%| O|  |TAMS 0x00000000c6c00000| PB 0x00000000c6c00000| Untracked |  0
| 109|0x00000000c6d00000, 0x00000000c6dfef80, 0x00000000c6e00000| 99%| O|  |TAMS 0x00000000c6d00000| PB 0x00000000c6d00000| Untracked |  0
| 110|0x00000000c6e00000, 0x00000000c6effff8, 0x00000000c6f00000| 99%| O|  |TAMS 0x00000000c6e00000| PB 0x00000000c6e00000| Untracked |  0
| 111|0x00000000c6f00000, 0x00000000c6ffffe0, 0x00000000c7000000| 99%| O|  |TAMS 0x00000000c6f00000| PB 0x00000000c6f00000| Untracked |  0
| 112|0x00000000c7000000, 0x00000000c70fffe0, 0x00000000c7100000| 99%| O|  |TAMS 0x00000000c7000000| PB 0x00000000c7000000| Untracked |  0
| 113|0x00000000c7100000, 0x00000000c71ffff0, 0x00000000c7200000| 99%| O|  |TAMS 0x00000000c7100000| PB 0x00000000c7100000| Untracked |  0
| 114|0x00000000c7200000, 0x00000000c72ffff0, 0x00000000c7300000| 99%| O|  |TAMS 0x00000000c7200000| PB 0x00000000c7200000| Untracked |  0
| 115|0x00000000c7300000, 0x00000000c73ffff8, 0x00000000c7400000| 99%| O|  |TAMS 0x00000000c7300000| PB 0x00000000c7300000| Untracked |  0
| 116|0x00000000c7400000, 0x00000000c74ffff8, 0x00000000c7500000| 99%| O|  |TAMS 0x00000000c7400000| PB 0x00000000c7400000| Untracked |  0
| 117|0x00000000c7500000, 0x00000000c75f9508, 0x00000000c7600000| 97%| O|  |TAMS 0x00000000c7500000| PB 0x00000000c7500000| Untracked |  0
| 118|0x00000000c7600000, 0x00000000c76ffff0, 0x00000000c7700000| 99%| O|  |TAMS 0x00000000c7600000| PB 0x00000000c7600000| Untracked |  0
| 119|0x00000000c7700000, 0x00000000c7800000, 0x00000000c7800000|100%|HS|  |TAMS 0x00000000c7700000| PB 0x00000000c7700000| Untracked |  0
| 120|0x00000000c7800000, 0x00000000c78fe4c0, 0x00000000c7900000| 99%| O|  |TAMS 0x00000000c7800000| PB 0x00000000c7800000| Untracked |  0
| 121|0x00000000c7900000, 0x00000000c79fbfa0, 0x00000000c7a00000| 98%| O|  |TAMS 0x00000000c7900000| PB 0x00000000c7900000| Untracked |  0
| 122|0x00000000c7a00000, 0x00000000c7b00000, 0x00000000c7b00000|100%| O|  |TAMS 0x00000000c7a00000| PB 0x00000000c7a00000| Untracked |  0
| 123|0x00000000c7b00000, 0x00000000c7bfa6d0, 0x00000000c7c00000| 97%| O|  |TAMS 0x00000000c7b00000| PB 0x00000000c7b00000| Untracked |  0
| 124|0x00000000c7c00000, 0x00000000c7d00000, 0x00000000c7d00000|100%|HS|  |TAMS 0x00000000c7c00000| PB 0x00000000c7c00000| Untracked |  0
| 125|0x00000000c7d00000, 0x00000000c7dffff0, 0x00000000c7e00000| 99%| O|  |TAMS 0x00000000c7d00000| PB 0x00000000c7d00000| Untracked |  0
| 126|0x00000000c7e00000, 0x00000000c7f00000, 0x00000000c7f00000|100%|HS|  |TAMS 0x00000000c7e00000| PB 0x00000000c7e00000| Untracked |  0
| 127|0x00000000c7f00000, 0x00000000c7ffffe8, 0x00000000c8000000| 99%| O|  |TAMS 0x00000000c7f00000| PB 0x00000000c7f00000| Untracked |  0
| 128|0x00000000c8000000, 0x00000000c80ffff8, 0x00000000c8100000| 99%| O|  |TAMS 0x00000000c8000000| PB 0x00000000c8000000| Untracked |  0
| 129|0x00000000c8100000, 0x00000000c8200000, 0x00000000c8200000|100%| O|  |TAMS 0x00000000c8100000| PB 0x00000000c8100000| Untracked |  0
| 130|0x00000000c8200000, 0x00000000c82ffff8, 0x00000000c8300000| 99%| O|  |TAMS 0x00000000c8200000| PB 0x00000000c8200000| Untracked |  0
| 131|0x00000000c8300000, 0x00000000c83ffff8, 0x00000000c8400000| 99%| O|  |TAMS 0x00000000c8300000| PB 0x00000000c8300000| Untracked |  0
| 132|0x00000000c8400000, 0x00000000c8500000, 0x00000000c8500000|100%| O|  |TAMS 0x00000000c8400000| PB 0x00000000c8400000| Untracked |  0
| 133|0x00000000c8500000, 0x00000000c85fffd8, 0x00000000c8600000| 99%| O|  |TAMS 0x00000000c8500000| PB 0x00000000c8500000| Untracked |  0
| 134|0x00000000c8600000, 0x00000000c86ffff0, 0x00000000c8700000| 99%| O|  |TAMS 0x00000000c8600000| PB 0x00000000c8600000| Untracked |  0
| 135|0x00000000c8700000, 0x00000000c87fede8, 0x00000000c8800000| 99%| O|  |TAMS 0x00000000c8700000| PB 0x00000000c8700000| Untracked |  0
| 136|0x00000000c8800000, 0x00000000c8900000, 0x00000000c8900000|100%| O|  |TAMS 0x00000000c8800000| PB 0x00000000c8800000| Untracked |  0
| 137|0x00000000c8900000, 0x00000000c89f8a10, 0x00000000c8a00000| 97%| O|  |TAMS 0x00000000c8900000| PB 0x00000000c8900000| Untracked |  0
| 138|0x00000000c8a00000, 0x00000000c8affff8, 0x00000000c8b00000| 99%| O|  |TAMS 0x00000000c8a00000| PB 0x00000000c8a00000| Untracked |  0
| 139|0x00000000c8b00000, 0x00000000c8bfffe0, 0x00000000c8c00000| 99%| O|  |TAMS 0x00000000c8b00000| PB 0x00000000c8b00000| Untracked |  0
| 140|0x00000000c8c00000, 0x00000000c8d00000, 0x00000000c8d00000|100%| O|  |TAMS 0x00000000c8c00000| PB 0x00000000c8c00000| Untracked |  0
| 141|0x00000000c8d00000, 0x00000000c8dfffc0, 0x00000000c8e00000| 99%| O|  |TAMS 0x00000000c8d00000| PB 0x00000000c8d00000| Untracked |  0
| 142|0x00000000c8e00000, 0x00000000c8efffa8, 0x00000000c8f00000| 99%| O|  |TAMS 0x00000000c8e00000| PB 0x00000000c8e00000| Untracked |  0
| 143|0x00000000c8f00000, 0x00000000c8fffbc8, 0x00000000c9000000| 99%| O|  |TAMS 0x00000000c8f00000| PB 0x00000000c8f00000| Untracked |  0
| 144|0x00000000c9000000, 0x00000000c90ffff8, 0x00000000c9100000| 99%| O|  |TAMS 0x00000000c9000000| PB 0x00000000c9000000| Untracked |  0
| 145|0x00000000c9100000, 0x00000000c91ffbd8, 0x00000000c9200000| 99%| O|  |TAMS 0x00000000c9100000| PB 0x00000000c9100000| Untracked |  0
| 146|0x00000000c9200000, 0x00000000c92fffe8, 0x00000000c9300000| 99%| O|  |TAMS 0x00000000c9200000| PB 0x00000000c9200000| Untracked |  0
| 147|0x00000000c9300000, 0x00000000c9400000, 0x00000000c9400000|100%| O|  |TAMS 0x00000000c9300000| PB 0x00000000c9300000| Untracked |  0
| 148|0x00000000c9400000, 0x00000000c94ffff0, 0x00000000c9500000| 99%| O|  |TAMS 0x00000000c9400000| PB 0x00000000c9400000| Untracked |  0
| 149|0x00000000c9500000, 0x00000000c95fe9f0, 0x00000000c9600000| 99%| O|  |TAMS 0x00000000c9500000| PB 0x00000000c9500000| Untracked |  0
| 150|0x00000000c9600000, 0x00000000c96ffff8, 0x00000000c9700000| 99%| O|  |TAMS 0x00000000c9600000| PB 0x00000000c9600000| Untracked |  0
| 151|0x00000000c9700000, 0x00000000c9800000, 0x00000000c9800000|100%| O|  |TAMS 0x00000000c9700000| PB 0x00000000c9700000| Untracked |  0
| 152|0x00000000c9800000, 0x00000000c98ffff0, 0x00000000c9900000| 99%| O|  |TAMS 0x00000000c9800000| PB 0x00000000c9800000| Untracked |  0
| 153|0x00000000c9900000, 0x00000000c99ffff0, 0x00000000c9a00000| 99%| O|  |TAMS 0x00000000c9900000| PB 0x00000000c9900000| Untracked |  0
| 154|0x00000000c9a00000, 0x00000000c9afffe0, 0x00000000c9b00000| 99%| O|  |TAMS 0x00000000c9a00000| PB 0x00000000c9a00000| Untracked |  0
| 155|0x00000000c9b00000, 0x00000000c9bffed0, 0x00000000c9c00000| 99%| O|  |TAMS 0x00000000c9b00000| PB 0x00000000c9b00000| Untracked |  0
| 156|0x00000000c9c00000, 0x00000000c9cffff8, 0x00000000c9d00000| 99%| O|  |TAMS 0x00000000c9c00000| PB 0x00000000c9c00000| Untracked |  0
| 157|0x00000000c9d00000, 0x00000000c9df3d40, 0x00000000c9e00000| 95%| O|  |TAMS 0x00000000c9d00000| PB 0x00000000c9d00000| Untracked |  0
| 158|0x00000000c9e00000, 0x00000000c9f00000, 0x00000000c9f00000|100%| O|  |TAMS 0x00000000c9e00000| PB 0x00000000c9e00000| Untracked |  0
| 159|0x00000000c9f00000, 0x00000000ca000000, 0x00000000ca000000|100%| O|  |TAMS 0x00000000c9f00000| PB 0x00000000c9f00000| Untracked |  0
| 160|0x00000000ca000000, 0x00000000ca0ffff0, 0x00000000ca100000| 99%| O|  |TAMS 0x00000000ca000000| PB 0x00000000ca000000| Untracked |  0
| 161|0x00000000ca100000, 0x00000000ca1ffff8, 0x00000000ca200000| 99%| O|  |TAMS 0x00000000ca100000| PB 0x00000000ca100000| Untracked |  0
| 162|0x00000000ca200000, 0x00000000ca300000, 0x00000000ca300000|100%|HS|  |TAMS 0x00000000ca200000| PB 0x00000000ca200000| Untracked |  0
| 163|0x00000000ca300000, 0x00000000ca400000, 0x00000000ca400000|100%|HC|  |TAMS 0x00000000ca300000| PB 0x00000000ca300000| Untracked |  0
| 164|0x00000000ca400000, 0x00000000ca500000, 0x00000000ca500000|100%|HC|  |TAMS 0x00000000ca400000| PB 0x00000000ca400000| Untracked |  0
| 165|0x00000000ca500000, 0x00000000ca600000, 0x00000000ca600000|100%|HC|  |TAMS 0x00000000ca500000| PB 0x00000000ca500000| Untracked |  0
| 166|0x00000000ca600000, 0x00000000ca700000, 0x00000000ca700000|100%|HC|  |TAMS 0x00000000ca600000| PB 0x00000000ca600000| Untracked |  0
| 167|0x00000000ca700000, 0x00000000ca800000, 0x00000000ca800000|100%|HC|  |TAMS 0x00000000ca700000| PB 0x00000000ca700000| Untracked |  0
| 168|0x00000000ca800000, 0x00000000ca900000, 0x00000000ca900000|100%|HC|  |TAMS 0x00000000ca800000| PB 0x00000000ca800000| Untracked |  0
| 169|0x00000000ca900000, 0x00000000caa00000, 0x00000000caa00000|100%|HC|  |TAMS 0x00000000ca900000| PB 0x00000000ca900000| Untracked |  0
| 170|0x00000000caa00000, 0x00000000caafe1d8, 0x00000000cab00000| 99%| O|  |TAMS 0x00000000caa00000| PB 0x00000000caa00000| Untracked |  0
| 171|0x00000000cab00000, 0x00000000cabffff8, 0x00000000cac00000| 99%| O|  |TAMS 0x00000000cab00000| PB 0x00000000cab00000| Untracked |  0
| 172|0x00000000cac00000, 0x00000000cacfecf0, 0x00000000cad00000| 99%| O|  |TAMS 0x00000000cac00000| PB 0x00000000cac00000| Untracked |  0
| 173|0x00000000cad00000, 0x00000000cadffff8, 0x00000000cae00000| 99%| O|  |TAMS 0x00000000cad00000| PB 0x00000000cad00000| Untracked |  0
| 174|0x00000000cae00000, 0x00000000caefffc8, 0x00000000caf00000| 99%| O|  |TAMS 0x00000000cae00000| PB 0x00000000cae00000| Untracked |  0
| 175|0x00000000caf00000, 0x00000000cb000000, 0x00000000cb000000|100%|HS|  |TAMS 0x00000000caf00000| PB 0x00000000caf00000| Untracked |  0
| 176|0x00000000cb000000, 0x00000000cb0fffe8, 0x00000000cb100000| 99%| O|  |TAMS 0x00000000cb000000| PB 0x00000000cb000000| Untracked |  0
| 177|0x00000000cb100000, 0x00000000cb1ffff0, 0x00000000cb200000| 99%| O|  |TAMS 0x00000000cb100000| PB 0x00000000cb100000| Untracked |  0
| 178|0x00000000cb200000, 0x00000000cb300000, 0x00000000cb300000|100%| O|  |TAMS 0x00000000cb200000| PB 0x00000000cb200000| Untracked |  0
| 179|0x00000000cb300000, 0x00000000cb400000, 0x00000000cb400000|100%| O|  |TAMS 0x00000000cb300000| PB 0x00000000cb300000| Untracked |  0
| 180|0x00000000cb400000, 0x00000000cb500000, 0x00000000cb500000|100%| O|  |TAMS 0x00000000cb400000| PB 0x00000000cb400000| Untracked |  0
| 181|0x00000000cb500000, 0x00000000cb5fffd8, 0x00000000cb600000| 99%| O|  |TAMS 0x00000000cb500000| PB 0x00000000cb500000| Untracked |  0
| 182|0x00000000cb600000, 0x00000000cb6fffe0, 0x00000000cb700000| 99%| O|  |TAMS 0x00000000cb600000| PB 0x00000000cb600000| Untracked |  0
| 183|0x00000000cb700000, 0x00000000cb800000, 0x00000000cb800000|100%| O|  |TAMS 0x00000000cb700000| PB 0x00000000cb700000| Untracked |  0
| 184|0x00000000cb800000, 0x00000000cb900000, 0x00000000cb900000|100%| O|  |TAMS 0x00000000cb800000| PB 0x00000000cb800000| Untracked |  0
| 185|0x00000000cb900000, 0x00000000cb9f4fe8, 0x00000000cba00000| 95%| O|  |TAMS 0x00000000cb900000| PB 0x00000000cb900000| Untracked |  0
| 186|0x00000000cba00000, 0x00000000cbb00000, 0x00000000cbb00000|100%| O|  |TAMS 0x00000000cba00000| PB 0x00000000cba00000| Untracked |  0
| 187|0x00000000cbb00000, 0x00000000cbbfe8d0, 0x00000000cbc00000| 99%| O|  |TAMS 0x00000000cbb00000| PB 0x00000000cbb00000| Untracked |  0
| 188|0x00000000cbc00000, 0x00000000cbcff978, 0x00000000cbd00000| 99%| O|  |TAMS 0x00000000cbc00000| PB 0x00000000cbc00000| Untracked |  0
| 189|0x00000000cbd00000, 0x00000000cbdffff0, 0x00000000cbe00000| 99%| O|  |TAMS 0x00000000cbd00000| PB 0x00000000cbd00000| Untracked |  0
| 190|0x00000000cbe00000, 0x00000000cbeffff8, 0x00000000cbf00000| 99%| O|  |TAMS 0x00000000cbe00000| PB 0x00000000cbe00000| Untracked |  0
| 191|0x00000000cbf00000, 0x00000000cbfffff8, 0x00000000cc000000| 99%| O|  |TAMS 0x00000000cbf00000| PB 0x00000000cbf00000| Untracked |  0
| 192|0x00000000cc000000, 0x00000000cc0ffff8, 0x00000000cc100000| 99%| O|  |TAMS 0x00000000cc000000| PB 0x00000000cc000000| Untracked |  0
| 193|0x00000000cc100000, 0x00000000cc1ffff8, 0x00000000cc200000| 99%| O|  |TAMS 0x00000000cc100000| PB 0x00000000cc100000| Untracked |  0
| 194|0x00000000cc200000, 0x00000000cc2ffff8, 0x00000000cc300000| 99%| O|  |TAMS 0x00000000cc200000| PB 0x00000000cc200000| Untracked |  0
| 195|0x00000000cc300000, 0x00000000cc3ffff0, 0x00000000cc400000| 99%| O|  |TAMS 0x00000000cc300000| PB 0x00000000cc300000| Untracked |  0
| 196|0x00000000cc400000, 0x00000000cc4ffff8, 0x00000000cc500000| 99%| O|  |TAMS 0x00000000cc400000| PB 0x00000000cc400000| Untracked |  0
| 197|0x00000000cc500000, 0x00000000cc5fffd8, 0x00000000cc600000| 99%| O|  |TAMS 0x00000000cc500000| PB 0x00000000cc500000| Untracked |  0
| 198|0x00000000cc600000, 0x00000000cc6ffff0, 0x00000000cc700000| 99%| O|  |TAMS 0x00000000cc600000| PB 0x00000000cc600000| Untracked |  0
| 199|0x00000000cc700000, 0x00000000cc7fffd8, 0x00000000cc800000| 99%| O|  |TAMS 0x00000000cc700000| PB 0x00000000cc700000| Untracked |  0
| 200|0x00000000cc800000, 0x00000000cc8ff390, 0x00000000cc900000| 99%| O|  |TAMS 0x00000000cc800000| PB 0x00000000cc800000| Untracked |  0
| 201|0x00000000cc900000, 0x00000000cc9ffff8, 0x00000000cca00000| 99%| O|  |TAMS 0x00000000cc900000| PB 0x00000000cc900000| Untracked |  0
| 202|0x00000000cca00000, 0x00000000ccafffe8, 0x00000000ccb00000| 99%| O|  |TAMS 0x00000000cca00000| PB 0x00000000cca00000| Untracked |  0
| 203|0x00000000ccb00000, 0x00000000ccbffed0, 0x00000000ccc00000| 99%| O|  |TAMS 0x00000000ccb00000| PB 0x00000000ccb00000| Untracked |  0
| 204|0x00000000ccc00000, 0x00000000cccfbf08, 0x00000000ccd00000| 98%| O|  |TAMS 0x00000000ccc00000| PB 0x00000000ccc00000| Untracked |  0
| 205|0x00000000ccd00000, 0x00000000ccdfffc8, 0x00000000cce00000| 99%| O|  |TAMS 0x00000000ccd00000| PB 0x00000000ccd00000| Untracked |  0
| 206|0x00000000cce00000, 0x00000000ccf00000, 0x00000000ccf00000|100%|HS|  |TAMS 0x00000000cce00000| PB 0x00000000cce00000| Untracked |  0
| 207|0x00000000ccf00000, 0x00000000ccffffe0, 0x00000000cd000000| 99%| O|  |TAMS 0x00000000ccf00000| PB 0x00000000ccf00000| Untracked |  0
| 208|0x00000000cd000000, 0x00000000cd0fffd8, 0x00000000cd100000| 99%| O|  |TAMS 0x00000000cd000000| PB 0x00000000cd000000| Untracked |  0
| 209|0x00000000cd100000, 0x00000000cd1fc040, 0x00000000cd200000| 98%| O|  |TAMS 0x00000000cd100000| PB 0x00000000cd100000| Untracked |  0
| 210|0x00000000cd200000, 0x00000000cd300000, 0x00000000cd300000|100%|HS|  |TAMS 0x00000000cd200000| PB 0x00000000cd200000| Untracked |  0
| 211|0x00000000cd300000, 0x00000000cd400000, 0x00000000cd400000|100%|HC|  |TAMS 0x00000000cd300000| PB 0x00000000cd300000| Untracked |  0
| 212|0x00000000cd400000, 0x00000000cd500000, 0x00000000cd500000|100%|HS|  |TAMS 0x00000000cd400000| PB 0x00000000cd400000| Untracked |  0
| 213|0x00000000cd500000, 0x00000000cd5fa3a8, 0x00000000cd600000| 97%| O|  |TAMS 0x00000000cd500000| PB 0x00000000cd500000| Untracked |  0
| 214|0x00000000cd600000, 0x00000000cd700000, 0x00000000cd700000|100%|HS|  |TAMS 0x00000000cd600000| PB 0x00000000cd600000| Untracked |  0
| 215|0x00000000cd700000, 0x00000000cd7fdf60, 0x00000000cd800000| 99%| O|  |TAMS 0x00000000cd700000| PB 0x00000000cd700000| Untracked |  0
| 216|0x00000000cd800000, 0x00000000cd8fc928, 0x00000000cd900000| 98%| O|  |TAMS 0x00000000cd800000| PB 0x00000000cd800000| Untracked |  0
| 217|0x00000000cd900000, 0x00000000cd9ffff8, 0x00000000cda00000| 99%| O|  |TAMS 0x00000000cd900000| PB 0x00000000cd900000| Untracked |  0
| 218|0x00000000cda00000, 0x00000000cdaffff0, 0x00000000cdb00000| 99%| O|  |TAMS 0x00000000cda00000| PB 0x00000000cda00000| Untracked |  0
| 219|0x00000000cdb00000, 0x00000000cdc00000, 0x00000000cdc00000|100%| O|  |TAMS 0x00000000cdb00000| PB 0x00000000cdb00000| Untracked |  0
| 220|0x00000000cdc00000, 0x00000000cdcfff30, 0x00000000cdd00000| 99%| O|  |TAMS 0x00000000cdc00000| PB 0x00000000cdc00000| Untracked |  0
| 221|0x00000000cdd00000, 0x00000000cde00000, 0x00000000cde00000|100%| O|  |TAMS 0x00000000cdd00000| PB 0x00000000cdd00000| Untracked |  0
| 222|0x00000000cde00000, 0x00000000cdeffce0, 0x00000000cdf00000| 99%| O|  |TAMS 0x00000000cde00000| PB 0x00000000cde00000| Untracked |  0
| 223|0x00000000cdf00000, 0x00000000cdfff3a0, 0x00000000ce000000| 99%| O|  |TAMS 0x00000000cdf00000| PB 0x00000000cdf00000| Untracked |  0
| 224|0x00000000ce000000, 0x00000000ce0ffff8, 0x00000000ce100000| 99%| O|  |TAMS 0x00000000ce000000| PB 0x00000000ce000000| Untracked |  0
| 225|0x00000000ce100000, 0x00000000ce200000, 0x00000000ce200000|100%| O|  |TAMS 0x00000000ce100000| PB 0x00000000ce100000| Untracked |  0
| 226|0x00000000ce200000, 0x00000000ce2ffff8, 0x00000000ce300000| 99%| O|  |TAMS 0x00000000ce200000| PB 0x00000000ce200000| Untracked |  0
| 227|0x00000000ce300000, 0x00000000ce3ffff8, 0x00000000ce400000| 99%| O|  |TAMS 0x00000000ce300000| PB 0x00000000ce300000| Untracked |  0
| 228|0x00000000ce400000, 0x00000000ce4ffff0, 0x00000000ce500000| 99%| O|  |TAMS 0x00000000ce400000| PB 0x00000000ce400000| Untracked |  0
| 229|0x00000000ce500000, 0x00000000ce5ffff8, 0x00000000ce600000| 99%| O|  |TAMS 0x00000000ce500000| PB 0x00000000ce500000| Untracked |  0
| 230|0x00000000ce600000, 0x00000000ce6f9518, 0x00000000ce700000| 97%| O|  |TAMS 0x00000000ce600000| PB 0x00000000ce600000| Untracked |  0
| 231|0x00000000ce700000, 0x00000000ce7fe1a8, 0x00000000ce800000| 99%| O|  |TAMS 0x00000000ce700000| PB 0x00000000ce700000| Untracked |  0
| 232|0x00000000ce800000, 0x00000000ce900000, 0x00000000ce900000|100%| O|  |TAMS 0x00000000ce800000| PB 0x00000000ce800000| Untracked |  0
| 233|0x00000000ce900000, 0x00000000cea00000, 0x00000000cea00000|100%| O|  |TAMS 0x00000000ce900000| PB 0x00000000ce900000| Untracked |  0
| 234|0x00000000cea00000, 0x00000000ceb00000, 0x00000000ceb00000|100%| O|  |TAMS 0x00000000cea00000| PB 0x00000000cea00000| Untracked |  0
| 235|0x00000000ceb00000, 0x00000000cebfffe0, 0x00000000cec00000| 99%| O|  |TAMS 0x00000000ceb00000| PB 0x00000000ceb00000| Untracked |  0
| 236|0x00000000cec00000, 0x00000000cecfb800, 0x00000000ced00000| 98%| O|  |TAMS 0x00000000cec00000| PB 0x00000000cec00000| Untracked |  0
| 237|0x00000000ced00000, 0x00000000cedff990, 0x00000000cee00000| 99%| O|  |TAMS 0x00000000ced00000| PB 0x00000000ced00000| Untracked |  0
| 238|0x00000000cee00000, 0x00000000ceef40e0, 0x00000000cef00000| 95%| O|  |TAMS 0x00000000cee00000| PB 0x00000000cee00000| Untracked |  0
| 239|0x00000000cef00000, 0x00000000cefff4f8, 0x00000000cf000000| 99%| O|  |TAMS 0x00000000cef00000| PB 0x00000000cef00000| Untracked |  0
| 240|0x00000000cf000000, 0x00000000cf0ffff0, 0x00000000cf100000| 99%| O|  |TAMS 0x00000000cf000000| PB 0x00000000cf000000| Untracked |  0
| 241|0x00000000cf100000, 0x00000000cf1fffe0, 0x00000000cf200000| 99%| O|  |TAMS 0x00000000cf100000| PB 0x00000000cf100000| Untracked |  0
| 242|0x00000000cf200000, 0x00000000cf2ffff0, 0x00000000cf300000| 99%| O|  |TAMS 0x00000000cf200000| PB 0x00000000cf200000| Untracked |  0
| 243|0x00000000cf300000, 0x00000000cf400000, 0x00000000cf400000|100%|HS|  |TAMS 0x00000000cf300000| PB 0x00000000cf300000| Untracked |  0
| 244|0x00000000cf400000, 0x00000000cf500000, 0x00000000cf500000|100%|HC|  |TAMS 0x00000000cf400000| PB 0x00000000cf400000| Untracked |  0
| 245|0x00000000cf500000, 0x00000000cf600000, 0x00000000cf600000|100%|HC|  |TAMS 0x00000000cf500000| PB 0x00000000cf500000| Untracked |  0
| 246|0x00000000cf600000, 0x00000000cf700000, 0x00000000cf700000|100%|HC|  |TAMS 0x00000000cf600000| PB 0x00000000cf600000| Untracked |  0
| 247|0x00000000cf700000, 0x00000000cf7fffe8, 0x00000000cf800000| 99%| O|  |TAMS 0x00000000cf700000| PB 0x00000000cf700000| Untracked |  0
| 248|0x00000000cf800000, 0x00000000cf8ffff8, 0x00000000cf900000| 99%| O|  |TAMS 0x00000000cf800000| PB 0x00000000cf800000| Untracked |  0
| 249|0x00000000cf900000, 0x00000000cf9fc040, 0x00000000cfa00000| 98%| O|  |TAMS 0x00000000cf900000| PB 0x00000000cf900000| Untracked |  0
| 250|0x00000000cfa00000, 0x00000000cfb00000, 0x00000000cfb00000|100%|HS|  |TAMS 0x00000000cfa00000| PB 0x00000000cfa00000| Untracked |  0
| 251|0x00000000cfb00000, 0x00000000cfc00000, 0x00000000cfc00000|100%|HS|  |TAMS 0x00000000cfb00000| PB 0x00000000cfb00000| Untracked |  0
| 252|0x00000000cfc00000, 0x00000000cfcfe750, 0x00000000cfd00000| 99%| O|  |TAMS 0x00000000cfc00000| PB 0x00000000cfc00000| Untracked |  0
| 253|0x00000000cfd00000, 0x00000000cfdffff0, 0x00000000cfe00000| 99%| O|  |TAMS 0x00000000cfd00000| PB 0x00000000cfd00000| Untracked |  0
| 254|0x00000000cfe00000, 0x00000000cfefffd8, 0x00000000cff00000| 99%| O|  |TAMS 0x00000000cfe00000| PB 0x00000000cfe00000| Untracked |  0
| 255|0x00000000cff00000, 0x00000000d0000000, 0x00000000d0000000|100%|HS|  |TAMS 0x00000000cff00000| PB 0x00000000cff00000| Untracked |  0
| 256|0x00000000d0000000, 0x00000000d0100000, 0x00000000d0100000|100%|HC|  |TAMS 0x00000000d0000000| PB 0x00000000d0000000| Untracked |  0
| 257|0x00000000d0100000, 0x00000000d0200000, 0x00000000d0200000|100%|HC|  |TAMS 0x00000000d0100000| PB 0x00000000d0100000| Untracked |  0
| 258|0x00000000d0200000, 0x00000000d0300000, 0x00000000d0300000|100%|HC|  |TAMS 0x00000000d0200000| PB 0x00000000d0200000| Untracked |  0
| 259|0x00000000d0300000, 0x00000000d0400000, 0x00000000d0400000|100%|HS|  |TAMS 0x00000000d0300000| PB 0x00000000d0300000| Untracked |  0
| 260|0x00000000d0400000, 0x00000000d0500000, 0x00000000d0500000|100%|HC|  |TAMS 0x00000000d0400000| PB 0x00000000d0400000| Untracked |  0
| 261|0x00000000d0500000, 0x00000000d0600000, 0x00000000d0600000|100%|HC|  |TAMS 0x00000000d0500000| PB 0x00000000d0500000| Untracked |  0
| 262|0x00000000d0600000, 0x00000000d0700000, 0x00000000d0700000|100%|HC|  |TAMS 0x00000000d0600000| PB 0x00000000d0600000| Untracked |  0
| 263|0x00000000d0700000, 0x00000000d0800000, 0x00000000d0800000|100%|HS|  |TAMS 0x00000000d0700000| PB 0x00000000d0700000| Untracked |  0
| 264|0x00000000d0800000, 0x00000000d0900000, 0x00000000d0900000|100%|HC|  |TAMS 0x00000000d0800000| PB 0x00000000d0800000| Untracked |  0
| 265|0x00000000d0900000, 0x00000000d0a00000, 0x00000000d0a00000|100%|HS|  |TAMS 0x00000000d0900000| PB 0x00000000d0900000| Untracked |  0
| 266|0x00000000d0a00000, 0x00000000d0b00000, 0x00000000d0b00000|100%|HC|  |TAMS 0x00000000d0a00000| PB 0x00000000d0a00000| Untracked |  0
| 267|0x00000000d0b00000, 0x00000000d0c00000, 0x00000000d0c00000|100%|HC|  |TAMS 0x00000000d0b00000| PB 0x00000000d0b00000| Untracked |  0
| 268|0x00000000d0c00000, 0x00000000d0cffff8, 0x00000000d0d00000| 99%| O|  |TAMS 0x00000000d0c00000| PB 0x00000000d0c00000| Untracked |  0
| 269|0x00000000d0d00000, 0x00000000d0e00000, 0x00000000d0e00000|100%|HS|  |TAMS 0x00000000d0d00000| PB 0x00000000d0d00000| Untracked |  0
| 270|0x00000000d0e00000, 0x00000000d0f00000, 0x00000000d0f00000|100%|HS|  |TAMS 0x00000000d0e00000| PB 0x00000000d0e00000| Untracked |  0
| 271|0x00000000d0f00000, 0x00000000d0fffff8, 0x00000000d1000000| 99%| O|  |TAMS 0x00000000d0f00000| PB 0x00000000d0f00000| Untracked |  0
| 272|0x00000000d1000000, 0x00000000d10fe788, 0x00000000d1100000| 99%| O|  |TAMS 0x00000000d1000000| PB 0x00000000d1000000| Untracked |  0
| 273|0x00000000d1100000, 0x00000000d11fffe8, 0x00000000d1200000| 99%| O|  |TAMS 0x00000000d1100000| PB 0x00000000d1100000| Untracked |  0
| 274|0x00000000d1200000, 0x00000000d12fd578, 0x00000000d1300000| 98%| O|  |TAMS 0x00000000d1200000| PB 0x00000000d1200000| Untracked |  0
| 275|0x00000000d1300000, 0x00000000d13ffff8, 0x00000000d1400000| 99%| O|  |TAMS 0x00000000d1300000| PB 0x00000000d1300000| Untracked |  0
| 276|0x00000000d1400000, 0x00000000d1500000, 0x00000000d1500000|100%| O|  |TAMS 0x00000000d1400000| PB 0x00000000d1400000| Untracked |  0
| 277|0x00000000d1500000, 0x00000000d15ffff0, 0x00000000d1600000| 99%| O|  |TAMS 0x00000000d1500000| PB 0x00000000d1500000| Untracked |  0
| 278|0x00000000d1600000, 0x00000000d16ffff0, 0x00000000d1700000| 99%| O|  |TAMS 0x00000000d1600000| PB 0x00000000d1600000| Untracked |  0
| 279|0x00000000d1700000, 0x00000000d17fe580, 0x00000000d1800000| 99%| O|  |TAMS 0x00000000d1700000| PB 0x00000000d1700000| Untracked |  0
| 280|0x00000000d1800000, 0x00000000d1900000, 0x00000000d1900000|100%| O|  |TAMS 0x00000000d1800000| PB 0x00000000d1800000| Untracked |  0
| 281|0x00000000d1900000, 0x00000000d19ffff0, 0x00000000d1a00000| 99%| O|  |TAMS 0x00000000d1900000| PB 0x00000000d1900000| Untracked |  0
| 282|0x00000000d1a00000, 0x00000000d1afff18, 0x00000000d1b00000| 99%| O|  |TAMS 0x00000000d1a00000| PB 0x00000000d1a00000| Untracked |  0
| 283|0x00000000d1b00000, 0x00000000d1bffff8, 0x00000000d1c00000| 99%| O|  |TAMS 0x00000000d1b00000| PB 0x00000000d1b00000| Untracked |  0
| 284|0x00000000d1c00000, 0x00000000d1cfffb8, 0x00000000d1d00000| 99%| O|  |TAMS 0x00000000d1c00000| PB 0x00000000d1c00000| Untracked |  0
| 285|0x00000000d1d00000, 0x00000000d1dffff8, 0x00000000d1e00000| 99%| O|  |TAMS 0x00000000d1d00000| PB 0x00000000d1d00000| Untracked |  0
| 286|0x00000000d1e00000, 0x00000000d1f00000, 0x00000000d1f00000|100%| O|  |TAMS 0x00000000d1e00000| PB 0x00000000d1e00000| Untracked |  0
| 287|0x00000000d1f00000, 0x00000000d1fffff0, 0x00000000d2000000| 99%| O|  |TAMS 0x00000000d1f00000| PB 0x00000000d1f00000| Untracked |  0
| 288|0x00000000d2000000, 0x00000000d20ffff8, 0x00000000d2100000| 99%| O|  |TAMS 0x00000000d2000000| PB 0x00000000d2000000| Untracked |  0
| 289|0x00000000d2100000, 0x00000000d21fece0, 0x00000000d2200000| 99%| O|  |TAMS 0x00000000d2100000| PB 0x00000000d2100000| Untracked |  0
| 290|0x00000000d2200000, 0x00000000d22ffff8, 0x00000000d2300000| 99%| O|  |TAMS 0x00000000d2200000| PB 0x00000000d2200000| Untracked |  0
| 291|0x00000000d2300000, 0x00000000d23fffe8, 0x00000000d2400000| 99%| O|  |TAMS 0x00000000d2300000| PB 0x00000000d2300000| Untracked |  0
| 292|0x00000000d2400000, 0x00000000d24fffc0, 0x00000000d2500000| 99%| O|  |TAMS 0x00000000d2400000| PB 0x00000000d2400000| Untracked |  0
| 293|0x00000000d2500000, 0x00000000d25fffd8, 0x00000000d2600000| 99%| O|  |TAMS 0x00000000d2500000| PB 0x00000000d2500000| Untracked |  0
| 294|0x00000000d2600000, 0x00000000d26fffe0, 0x00000000d2700000| 99%| O|  |TAMS 0x00000000d2600000| PB 0x00000000d2600000| Untracked |  0
| 295|0x00000000d2700000, 0x00000000d2800000, 0x00000000d2800000|100%| O|  |TAMS 0x00000000d2700000| PB 0x00000000d2700000| Untracked |  0
| 296|0x00000000d2800000, 0x00000000d28fffe8, 0x00000000d2900000| 99%| O|  |TAMS 0x00000000d2800000| PB 0x00000000d2800000| Untracked |  0
| 297|0x00000000d2900000, 0x00000000d29ffff0, 0x00000000d2a00000| 99%| O|  |TAMS 0x00000000d2900000| PB 0x00000000d2900000| Untracked |  0
| 298|0x00000000d2a00000, 0x00000000d2b00000, 0x00000000d2b00000|100%|HS|  |TAMS 0x00000000d2a00000| PB 0x00000000d2a00000| Untracked |  0
| 299|0x00000000d2b00000, 0x00000000d2c00000, 0x00000000d2c00000|100%|HC|  |TAMS 0x00000000d2b00000| PB 0x00000000d2b00000| Untracked |  0
| 300|0x00000000d2c00000, 0x00000000d2cffff0, 0x00000000d2d00000| 99%| O|  |TAMS 0x00000000d2c00000| PB 0x00000000d2c00000| Untracked |  0
| 301|0x00000000d2d00000, 0x00000000d2dfed50, 0x00000000d2e00000| 99%| O|  |TAMS 0x00000000d2d00000| PB 0x00000000d2d00000| Untracked |  0
| 302|0x00000000d2e00000, 0x00000000d2eff420, 0x00000000d2f00000| 99%| O|  |TAMS 0x00000000d2e00000| PB 0x00000000d2e00000| Untracked |  0
| 303|0x00000000d2f00000, 0x00000000d2fff940, 0x00000000d3000000| 99%| O|  |TAMS 0x00000000d2f00000| PB 0x00000000d2f00000| Untracked |  0
| 304|0x00000000d3000000, 0x00000000d30f7910, 0x00000000d3100000| 96%| O|  |TAMS 0x00000000d3000000| PB 0x00000000d3000000| Untracked |  0
| 305|0x00000000d3100000, 0x00000000d31ffff8, 0x00000000d3200000| 99%| O|  |TAMS 0x00000000d3100000| PB 0x00000000d3100000| Untracked |  0
| 306|0x00000000d3200000, 0x00000000d32fffe8, 0x00000000d3300000| 99%| O|  |TAMS 0x00000000d3200000| PB 0x00000000d3200000| Untracked |  0
| 307|0x00000000d3300000, 0x00000000d33f8c38, 0x00000000d3400000| 97%| O|  |TAMS 0x00000000d3300000| PB 0x00000000d3300000| Untracked |  0
| 308|0x00000000d3400000, 0x00000000d34ffff8, 0x00000000d3500000| 99%| O|  |TAMS 0x00000000d3400000| PB 0x00000000d3400000| Untracked |  0
| 309|0x00000000d3500000, 0x00000000d35fe418, 0x00000000d3600000| 99%| O|  |TAMS 0x00000000d3500000| PB 0x00000000d3500000| Untracked |  0
| 310|0x00000000d3600000, 0x00000000d36fe008, 0x00000000d3700000| 99%| O|  |TAMS 0x00000000d3600000| PB 0x00000000d3600000| Untracked |  0
| 311|0x00000000d3700000, 0x00000000d3800000, 0x00000000d3800000|100%| O|  |TAMS 0x00000000d3700000| PB 0x00000000d3700000| Untracked |  0
| 312|0x00000000d3800000, 0x00000000d3900000, 0x00000000d3900000|100%|HS|  |TAMS 0x00000000d3800000| PB 0x00000000d3800000| Untracked |  0
| 313|0x00000000d3900000, 0x00000000d3a00000, 0x00000000d3a00000|100%|HC|  |TAMS 0x00000000d3900000| PB 0x00000000d3900000| Untracked |  0
| 314|0x00000000d3a00000, 0x00000000d3b00000, 0x00000000d3b00000|100%|HC|  |TAMS 0x00000000d3a00000| PB 0x00000000d3a00000| Untracked |  0
| 315|0x00000000d3b00000, 0x00000000d3c00000, 0x00000000d3c00000|100%|HC|  |TAMS 0x00000000d3b00000| PB 0x00000000d3b00000| Untracked |  0
| 316|0x00000000d3c00000, 0x00000000d3cfe570, 0x00000000d3d00000| 99%| O|  |TAMS 0x00000000d3c00000| PB 0x00000000d3c00000| Untracked |  0
| 317|0x00000000d3d00000, 0x00000000d3df9c20, 0x00000000d3e00000| 97%| O|  |TAMS 0x00000000d3d00000| PB 0x00000000d3d00000| Untracked |  0
| 318|0x00000000d3e00000, 0x00000000d3f00000, 0x00000000d3f00000|100%| O|  |TAMS 0x00000000d3e00000| PB 0x00000000d3e00000| Untracked |  0
| 319|0x00000000d3f00000, 0x00000000d3fff000, 0x00000000d4000000| 99%| O|  |TAMS 0x00000000d3f00000| PB 0x00000000d3f00000| Untracked |  0
| 320|0x00000000d4000000, 0x00000000d40f4cd0, 0x00000000d4100000| 95%| O|  |TAMS 0x00000000d4000000| PB 0x00000000d4000000| Untracked |  0
| 321|0x00000000d4100000, 0x00000000d41fffe8, 0x00000000d4200000| 99%| O|  |TAMS 0x00000000d4100000| PB 0x00000000d4100000| Untracked |  0
| 322|0x00000000d4200000, 0x00000000d42fe660, 0x00000000d4300000| 99%| O|  |TAMS 0x00000000d4200000| PB 0x00000000d4200000| Untracked |  0
| 323|0x00000000d4300000, 0x00000000d4400000, 0x00000000d4400000|100%|HS|  |TAMS 0x00000000d4300000| PB 0x00000000d4300000| Untracked |  0
| 324|0x00000000d4400000, 0x00000000d4500000, 0x00000000d4500000|100%|HC|  |TAMS 0x00000000d4400000| PB 0x00000000d4400000| Untracked |  0
| 325|0x00000000d4500000, 0x00000000d4600000, 0x00000000d4600000|100%|HC|  |TAMS 0x00000000d4500000| PB 0x00000000d4500000| Untracked |  0
| 326|0x00000000d4600000, 0x00000000d46ffff0, 0x00000000d4700000| 99%| O|  |TAMS 0x00000000d4600000| PB 0x00000000d4600000| Untracked |  0
| 327|0x00000000d4700000, 0x00000000d47ff360, 0x00000000d4800000| 99%| O|  |TAMS 0x00000000d4700000| PB 0x00000000d4700000| Untracked |  0
| 328|0x00000000d4800000, 0x00000000d48fca30, 0x00000000d4900000| 98%| O|  |TAMS 0x00000000d4800000| PB 0x00000000d4800000| Untracked |  0
| 329|0x00000000d4900000, 0x00000000d49ff9a8, 0x00000000d4a00000| 99%| O|  |TAMS 0x00000000d4900000| PB 0x00000000d4900000| Untracked |  0
| 330|0x00000000d4a00000, 0x00000000d4b00000, 0x00000000d4b00000|100%| O|  |TAMS 0x00000000d4a00000| PB 0x00000000d4a00000| Untracked |  0
| 331|0x00000000d4b00000, 0x00000000d4bfff70, 0x00000000d4c00000| 99%| O|  |TAMS 0x00000000d4b00000| PB 0x00000000d4b00000| Untracked |  0
| 332|0x00000000d4c00000, 0x00000000d4d00000, 0x00000000d4d00000|100%| O|  |TAMS 0x00000000d4c00000| PB 0x00000000d4c00000| Untracked |  0
| 333|0x00000000d4d00000, 0x00000000d4e00000, 0x00000000d4e00000|100%|HS|  |TAMS 0x00000000d4d00000| PB 0x00000000d4d00000| Untracked |  0
| 334|0x00000000d4e00000, 0x00000000d4efe6b8, 0x00000000d4f00000| 99%| O|  |TAMS 0x00000000d4e00000| PB 0x00000000d4e00000| Untracked |  0
| 335|0x00000000d4f00000, 0x00000000d4fffff0, 0x00000000d5000000| 99%| O|  |TAMS 0x00000000d4f00000| PB 0x00000000d4f00000| Untracked |  0
| 336|0x00000000d5000000, 0x00000000d5100000, 0x00000000d5100000|100%| O|  |TAMS 0x00000000d5000000| PB 0x00000000d5000000| Untracked |  0
| 337|0x00000000d5100000, 0x00000000d51fffb8, 0x00000000d5200000| 99%| O|  |TAMS 0x00000000d5100000| PB 0x00000000d5100000| Untracked |  0
| 338|0x00000000d5200000, 0x00000000d52fe508, 0x00000000d5300000| 99%| O|  |TAMS 0x00000000d5200000| PB 0x00000000d5200000| Untracked |  0
| 339|0x00000000d5300000, 0x00000000d53fe1a0, 0x00000000d5400000| 99%| O|  |TAMS 0x00000000d5300000| PB 0x00000000d5300000| Untracked |  0
| 340|0x00000000d5400000, 0x00000000d54fe9c8, 0x00000000d5500000| 99%| O|  |TAMS 0x00000000d5400000| PB 0x00000000d5400000| Untracked |  0
| 341|0x00000000d5500000, 0x00000000d5600000, 0x00000000d5600000|100%| O|  |TAMS 0x00000000d5500000| PB 0x00000000d5500000| Untracked |  0
| 342|0x00000000d5600000, 0x00000000d56ff228, 0x00000000d5700000| 99%| O|  |TAMS 0x00000000d5600000| PB 0x00000000d5600000| Untracked |  0
| 343|0x00000000d5700000, 0x00000000d57ff878, 0x00000000d5800000| 99%| O|  |TAMS 0x00000000d5700000| PB 0x00000000d5700000| Untracked |  0
| 344|0x00000000d5800000, 0x00000000d58ff368, 0x00000000d5900000| 99%| O|  |TAMS 0x00000000d5800000| PB 0x00000000d5800000| Untracked |  0
| 345|0x00000000d5900000, 0x00000000d59ffd18, 0x00000000d5a00000| 99%| O|  |TAMS 0x00000000d5900000| PB 0x00000000d5900000| Untracked |  0
| 346|0x00000000d5a00000, 0x00000000d5af33c0, 0x00000000d5b00000| 95%| O|  |TAMS 0x00000000d5a00000| PB 0x00000000d5a00000| Untracked |  0
| 347|0x00000000d5b00000, 0x00000000d5bfffc0, 0x00000000d5c00000| 99%| O|  |TAMS 0x00000000d5b00000| PB 0x00000000d5b00000| Untracked |  0
| 348|0x00000000d5c00000, 0x00000000d5cffff8, 0x00000000d5d00000| 99%| O|  |TAMS 0x00000000d5c00000| PB 0x00000000d5c00000| Untracked |  0
| 349|0x00000000d5d00000, 0x00000000d5dff330, 0x00000000d5e00000| 99%| O|  |TAMS 0x00000000d5d00000| PB 0x00000000d5d00000| Untracked |  0
| 350|0x00000000d5e00000, 0x00000000d5effc50, 0x00000000d5f00000| 99%| O|  |TAMS 0x00000000d5e00000| PB 0x00000000d5e00000| Untracked |  0
| 351|0x00000000d5f00000, 0x00000000d5ffffa8, 0x00000000d6000000| 99%| O|  |TAMS 0x00000000d5f00000| PB 0x00000000d5f00000| Untracked |  0
| 352|0x00000000d6000000, 0x00000000d60f6e90, 0x00000000d6100000| 96%| O|  |TAMS 0x00000000d6000000| PB 0x00000000d6000000| Untracked |  0
| 353|0x00000000d6100000, 0x00000000d6200000, 0x00000000d6200000|100%|HS|  |TAMS 0x00000000d6100000| PB 0x00000000d6100000| Untracked |  0
| 354|0x00000000d6200000, 0x00000000d6300000, 0x00000000d6300000|100%|HC|  |TAMS 0x00000000d6200000| PB 0x00000000d6200000| Untracked |  0
| 355|0x00000000d6300000, 0x00000000d6400000, 0x00000000d6400000|100%|HC|  |TAMS 0x00000000d6300000| PB 0x00000000d6300000| Untracked |  0
| 356|0x00000000d6400000, 0x00000000d6500000, 0x00000000d6500000|100%|HC|  |TAMS 0x00000000d6400000| PB 0x00000000d6400000| Untracked |  0
| 357|0x00000000d6500000, 0x00000000d6600000, 0x00000000d6600000|100%|HC|  |TAMS 0x00000000d6500000| PB 0x00000000d6500000| Untracked |  0
| 358|0x00000000d6600000, 0x00000000d6700000, 0x00000000d6700000|100%|HC|  |TAMS 0x00000000d6600000| PB 0x00000000d6600000| Untracked |  0
| 359|0x00000000d6700000, 0x00000000d6800000, 0x00000000d6800000|100%|HS|  |TAMS 0x00000000d6700000| PB 0x00000000d6700000| Untracked |  0
| 360|0x00000000d6800000, 0x00000000d6900000, 0x00000000d6900000|100%|HC|  |TAMS 0x00000000d6800000| PB 0x00000000d6800000| Untracked |  0
| 361|0x00000000d6900000, 0x00000000d69ffb88, 0x00000000d6a00000| 99%| O|  |TAMS 0x00000000d6900000| PB 0x00000000d6900000| Untracked |  0
| 362|0x00000000d6a00000, 0x00000000d6afeb08, 0x00000000d6b00000| 99%| O|  |TAMS 0x00000000d6a00000| PB 0x00000000d6a00000| Untracked |  0
| 363|0x00000000d6b00000, 0x00000000d6bfe440, 0x00000000d6c00000| 99%| O|  |TAMS 0x00000000d6b00000| PB 0x00000000d6b00000| Untracked |  0
| 364|0x00000000d6c00000, 0x00000000d6cffff8, 0x00000000d6d00000| 99%| O|  |TAMS 0x00000000d6c00000| PB 0x00000000d6c00000| Untracked |  0
| 365|0x00000000d6d00000, 0x00000000d6e00000, 0x00000000d6e00000|100%| O|  |TAMS 0x00000000d6d00000| PB 0x00000000d6d00000| Untracked |  0
| 366|0x00000000d6e00000, 0x00000000d6f00000, 0x00000000d6f00000|100%|HS|  |TAMS 0x00000000d6e00000| PB 0x00000000d6e00000| Untracked |  0
| 367|0x00000000d6f00000, 0x00000000d7000000, 0x00000000d7000000|100%|HC|  |TAMS 0x00000000d6f00000| PB 0x00000000d6f00000| Untracked |  0
| 368|0x00000000d7000000, 0x00000000d7100000, 0x00000000d7100000|100%|HS|  |TAMS 0x00000000d7000000| PB 0x00000000d7000000| Untracked |  0
| 369|0x00000000d7100000, 0x00000000d71fffd8, 0x00000000d7200000| 99%| O|  |TAMS 0x00000000d7100000| PB 0x00000000d7100000| Untracked |  0
| 370|0x00000000d7200000, 0x00000000d7300000, 0x00000000d7300000|100%|HS|  |TAMS 0x00000000d7200000| PB 0x00000000d7200000| Untracked |  0
| 371|0x00000000d7300000, 0x00000000d7400000, 0x00000000d7400000|100%|HC|  |TAMS 0x00000000d7300000| PB 0x00000000d7300000| Untracked |  0
| 372|0x00000000d7400000, 0x00000000d7500000, 0x00000000d7500000|100%|HS|  |TAMS 0x00000000d7400000| PB 0x00000000d7400000| Untracked |  0
| 373|0x00000000d7500000, 0x00000000d7600000, 0x00000000d7600000|100%|HS|  |TAMS 0x00000000d7500000| PB 0x00000000d7500000| Untracked |  0
| 374|0x00000000d7600000, 0x00000000d7700000, 0x00000000d7700000|100%|HS|  |TAMS 0x00000000d7600000| PB 0x00000000d7600000| Untracked |  0
| 375|0x00000000d7700000, 0x00000000d7800000, 0x00000000d7800000|100%| O|  |TAMS 0x00000000d7700000| PB 0x00000000d7700000| Untracked |  0
| 376|0x00000000d7800000, 0x00000000d7900000, 0x00000000d7900000|100%| O|  |TAMS 0x00000000d7800000| PB 0x00000000d7800000| Untracked |  0
| 377|0x00000000d7900000, 0x00000000d79ffff0, 0x00000000d7a00000| 99%| O|  |TAMS 0x00000000d7900000| PB 0x00000000d7900000| Untracked |  0
| 378|0x00000000d7a00000, 0x00000000d7affff8, 0x00000000d7b00000| 99%| O|  |TAMS 0x00000000d7a00000| PB 0x00000000d7a00000| Untracked |  0
| 379|0x00000000d7b00000, 0x00000000d7bfe8c8, 0x00000000d7c00000| 99%| O|  |TAMS 0x00000000d7b00000| PB 0x00000000d7b00000| Untracked |  0
| 380|0x00000000d7c00000, 0x00000000d7cff1a8, 0x00000000d7d00000| 99%| O|  |TAMS 0x00000000d7c00000| PB 0x00000000d7c00000| Untracked |  0
| 381|0x00000000d7d00000, 0x00000000d7dfed38, 0x00000000d7e00000| 99%| O|  |TAMS 0x00000000d7d00000| PB 0x00000000d7d00000| Untracked |  0
| 382|0x00000000d7e00000, 0x00000000d7effd88, 0x00000000d7f00000| 99%| O|  |TAMS 0x00000000d7e00000| PB 0x00000000d7e00000| Untracked |  0
| 383|0x00000000d7f00000, 0x00000000d7fffff0, 0x00000000d8000000| 99%| O|  |TAMS 0x00000000d7f00000| PB 0x00000000d7f00000| Untracked |  0
| 384|0x00000000d8000000, 0x00000000d80fece0, 0x00000000d8100000| 99%| O|  |TAMS 0x00000000d8000000| PB 0x00000000d8000000| Untracked |  0
| 385|0x00000000d8100000, 0x00000000d81fe120, 0x00000000d8200000| 99%| O|  |TAMS 0x00000000d8100000| PB 0x00000000d8100000| Untracked |  0
| 386|0x00000000d8200000, 0x00000000d82ffff0, 0x00000000d8300000| 99%| O|  |TAMS 0x00000000d8200000| PB 0x00000000d8200000| Untracked |  0
| 387|0x00000000d8300000, 0x00000000d83ffff8, 0x00000000d8400000| 99%| O|  |TAMS 0x00000000d8300000| PB 0x00000000d8300000| Untracked |  0
| 388|0x00000000d8400000, 0x00000000d84fed78, 0x00000000d8500000| 99%| O|  |TAMS 0x00000000d8400000| PB 0x00000000d8400000| Untracked |  0
| 389|0x00000000d8500000, 0x00000000d85ffd78, 0x00000000d8600000| 99%| O|  |TAMS 0x00000000d8500000| PB 0x00000000d8500000| Untracked |  0
| 390|0x00000000d8600000, 0x00000000d86feb08, 0x00000000d8700000| 99%| O|  |TAMS 0x00000000d8600000| PB 0x00000000d8600000| Untracked |  0
| 391|0x00000000d8700000, 0x00000000d87fe030, 0x00000000d8800000| 99%| O|  |TAMS 0x00000000d8700000| PB 0x00000000d8700000| Untracked |  0
| 392|0x00000000d8800000, 0x00000000d88febd0, 0x00000000d8900000| 99%| O|  |TAMS 0x00000000d8800000| PB 0x00000000d8800000| Untracked |  0
| 393|0x00000000d8900000, 0x00000000d89fec90, 0x00000000d8a00000| 99%| O|  |TAMS 0x00000000d8900000| PB 0x00000000d8900000| Untracked |  0
| 394|0x00000000d8a00000, 0x00000000d8afe830, 0x00000000d8b00000| 99%| O|  |TAMS 0x00000000d8a00000| PB 0x00000000d8a00000| Untracked |  0
| 395|0x00000000d8b00000, 0x00000000d8bff3d8, 0x00000000d8c00000| 99%| O|  |TAMS 0x00000000d8b00000| PB 0x00000000d8b00000| Untracked |  0
| 396|0x00000000d8c00000, 0x00000000d8d00000, 0x00000000d8d00000|100%|HS|  |TAMS 0x00000000d8c00000| PB 0x00000000d8c00000| Untracked |  0
| 397|0x00000000d8d00000, 0x00000000d8e00000, 0x00000000d8e00000|100%|HC|  |TAMS 0x00000000d8d00000| PB 0x00000000d8d00000| Untracked |  0
| 398|0x00000000d8e00000, 0x00000000d8f00000, 0x00000000d8f00000|100%|HS|  |TAMS 0x00000000d8e00000| PB 0x00000000d8e00000| Untracked |  0
| 399|0x00000000d8f00000, 0x00000000d9000000, 0x00000000d9000000|100%|HC|  |TAMS 0x00000000d8f00000| PB 0x00000000d8f00000| Untracked |  0
| 400|0x00000000d9000000, 0x00000000d90ffff8, 0x00000000d9100000| 99%| O|  |TAMS 0x00000000d9000000| PB 0x00000000d9000000| Untracked |  0
| 401|0x00000000d9100000, 0x00000000d91fee40, 0x00000000d9200000| 99%| O|  |TAMS 0x00000000d9100000| PB 0x00000000d9100000| Untracked |  0
| 402|0x00000000d9200000, 0x00000000d92ffa70, 0x00000000d9300000| 99%| O|  |TAMS 0x00000000d9200000| PB 0x00000000d9200000| Untracked |  0
| 403|0x00000000d9300000, 0x00000000d93fe9d8, 0x00000000d9400000| 99%| O|  |TAMS 0x00000000d9300000| PB 0x00000000d9300000| Untracked |  0
| 404|0x00000000d9400000, 0x00000000d9500000, 0x00000000d9500000|100%|HS|  |TAMS 0x00000000d9400000| PB 0x00000000d9400000| Untracked |  0
| 405|0x00000000d9500000, 0x00000000d9600000, 0x00000000d9600000|100%|HC|  |TAMS 0x00000000d9500000| PB 0x00000000d9500000| Untracked |  0
| 406|0x00000000d9600000, 0x00000000d9700000, 0x00000000d9700000|100%|HC|  |TAMS 0x00000000d9600000| PB 0x00000000d9600000| Untracked |  0
| 407|0x00000000d9700000, 0x00000000d9800000, 0x00000000d9800000|100%|HC|  |TAMS 0x00000000d9700000| PB 0x00000000d9700000| Untracked |  0
| 408|0x00000000d9800000, 0x00000000d98fff60, 0x00000000d9900000| 99%| O|  |TAMS 0x00000000d9800000| PB 0x00000000d9800000| Untracked |  0
| 409|0x00000000d9900000, 0x00000000d99fe6b8, 0x00000000d9a00000| 99%| O|  |TAMS 0x00000000d9900000| PB 0x00000000d9900000| Untracked |  0
| 410|0x00000000d9a00000, 0x00000000d9aff8f8, 0x00000000d9b00000| 99%| O|  |TAMS 0x00000000d9a00000| PB 0x00000000d9a00000| Untracked |  0
| 411|0x00000000d9b00000, 0x00000000d9bffec8, 0x00000000d9c00000| 99%| O|  |TAMS 0x00000000d9b00000| PB 0x00000000d9b00000| Untracked |  0
| 412|0x00000000d9c00000, 0x00000000d9cff638, 0x00000000d9d00000| 99%| O|  |TAMS 0x00000000d9c00000| PB 0x00000000d9c00000| Untracked |  0
| 413|0x00000000d9d00000, 0x00000000d9dffcc8, 0x00000000d9e00000| 99%| O|  |TAMS 0x00000000d9d00000| PB 0x00000000d9d00000| Untracked |  0
| 414|0x00000000d9e00000, 0x00000000d9efe388, 0x00000000d9f00000| 99%| O|  |TAMS 0x00000000d9e00000| PB 0x00000000d9e00000| Untracked |  0
| 415|0x00000000d9f00000, 0x00000000d9fff968, 0x00000000da000000| 99%| O|  |TAMS 0x00000000d9f00000| PB 0x00000000d9f00000| Untracked |  0
| 416|0x00000000da000000, 0x00000000da0fe7a8, 0x00000000da100000| 99%| O|  |TAMS 0x00000000da000000| PB 0x00000000da000000| Untracked |  0
| 417|0x00000000da100000, 0x00000000da1ff498, 0x00000000da200000| 99%| O|  |TAMS 0x00000000da100000| PB 0x00000000da100000| Untracked |  0
| 418|0x00000000da200000, 0x00000000da2ff6d8, 0x00000000da300000| 99%| O|  |TAMS 0x00000000da200000| PB 0x00000000da200000| Untracked |  0
| 419|0x00000000da300000, 0x00000000da3fe680, 0x00000000da400000| 99%| O|  |TAMS 0x00000000da300000| PB 0x00000000da300000| Untracked |  0
| 420|0x00000000da400000, 0x00000000da4ff558, 0x00000000da500000| 99%| O|  |TAMS 0x00000000da400000| PB 0x00000000da400000| Untracked |  0
| 421|0x00000000da500000, 0x00000000da5fe4c8, 0x00000000da600000| 99%| O|  |TAMS 0x00000000da500000| PB 0x00000000da500000| Untracked |  0
| 422|0x00000000da600000, 0x00000000da6fe3d8, 0x00000000da700000| 99%| O|  |TAMS 0x00000000da600000| PB 0x00000000da600000| Untracked |  0
| 423|0x00000000da700000, 0x00000000da7ffb40, 0x00000000da800000| 99%| O|  |TAMS 0x00000000da700000| PB 0x00000000da700000| Untracked |  0
| 424|0x00000000da800000, 0x00000000da8fe028, 0x00000000da900000| 99%| O|  |TAMS 0x00000000da800000| PB 0x00000000da800000| Untracked |  0
| 425|0x00000000da900000, 0x00000000da9fe7f8, 0x00000000daa00000| 99%| O|  |TAMS 0x00000000da900000| PB 0x00000000da900000| Untracked |  0
| 426|0x00000000daa00000, 0x00000000daafeb00, 0x00000000dab00000| 99%| O|  |TAMS 0x00000000daa00000| PB 0x00000000daa00000| Untracked |  0
| 427|0x00000000dab00000, 0x00000000dabff068, 0x00000000dac00000| 99%| O|  |TAMS 0x00000000dab00000| PB 0x00000000dab00000| Untracked |  0
| 428|0x00000000dac00000, 0x00000000dacfea88, 0x00000000dad00000| 99%| O|  |TAMS 0x00000000dac00000| PB 0x00000000dac00000| Untracked |  0
| 429|0x00000000dad00000, 0x00000000dadfe058, 0x00000000dae00000| 99%| O|  |TAMS 0x00000000dad00000| PB 0x00000000dad00000| Untracked |  0
| 430|0x00000000dae00000, 0x00000000daefef10, 0x00000000daf00000| 99%| O|  |TAMS 0x00000000dae00000| PB 0x00000000dae00000| Untracked |  0
| 431|0x00000000daf00000, 0x00000000dafff330, 0x00000000db000000| 99%| O|  |TAMS 0x00000000daf00000| PB 0x00000000daf00000| Untracked |  0
| 432|0x00000000db000000, 0x00000000db0fef60, 0x00000000db100000| 99%| O|  |TAMS 0x00000000db000000| PB 0x00000000db000000| Untracked |  0
| 433|0x00000000db100000, 0x00000000db1ff678, 0x00000000db200000| 99%| O|  |TAMS 0x00000000db100000| PB 0x00000000db100000| Untracked |  0
| 434|0x00000000db200000, 0x00000000db300000, 0x00000000db300000|100%|HS|  |TAMS 0x00000000db200000| PB 0x00000000db200000| Untracked |  0
| 435|0x00000000db300000, 0x00000000db400000, 0x00000000db400000|100%|HS|  |TAMS 0x00000000db300000| PB 0x00000000db300000| Untracked |  0
| 436|0x00000000db400000, 0x00000000db4ffe78, 0x00000000db500000| 99%| O|  |TAMS 0x00000000db400000| PB 0x00000000db400000| Untracked |  0
| 437|0x00000000db500000, 0x00000000db5fe510, 0x00000000db600000| 99%| O|  |TAMS 0x00000000db500000| PB 0x00000000db500000| Untracked |  0
| 438|0x00000000db600000, 0x00000000db700000, 0x00000000db700000|100%|HS|  |TAMS 0x00000000db600000| PB 0x00000000db600000| Untracked |  0
| 439|0x00000000db700000, 0x00000000db800000, 0x00000000db800000|100%|HC|  |TAMS 0x00000000db700000| PB 0x00000000db700000| Untracked |  0
| 440|0x00000000db800000, 0x00000000db900000, 0x00000000db900000|100%|HC|  |TAMS 0x00000000db800000| PB 0x00000000db800000| Untracked |  0
| 441|0x00000000db900000, 0x00000000db9ff008, 0x00000000dba00000| 99%| O|  |TAMS 0x00000000db900000| PB 0x00000000db900000| Untracked |  0
| 442|0x00000000dba00000, 0x00000000dbafef40, 0x00000000dbb00000| 99%| O|  |TAMS 0x00000000dba00000| PB 0x00000000dba00000| Untracked |  0
| 443|0x00000000dbb00000, 0x00000000dbbffe20, 0x00000000dbc00000| 99%| O|  |TAMS 0x00000000dbb00000| PB 0x00000000dbb00000| Untracked |  0
| 444|0x00000000dbc00000, 0x00000000dbcff670, 0x00000000dbd00000| 99%| O|  |TAMS 0x00000000dbc00000| PB 0x00000000dbc00000| Untracked |  0
| 445|0x00000000dbd00000, 0x00000000dbdffff0, 0x00000000dbe00000| 99%| O|  |TAMS 0x00000000dbd00000| PB 0x00000000dbd00000| Untracked |  0
| 446|0x00000000dbe00000, 0x00000000dbefe200, 0x00000000dbf00000| 99%| O|  |TAMS 0x00000000dbe00000| PB 0x00000000dbe00000| Untracked |  0
| 447|0x00000000dbf00000, 0x00000000dbfff540, 0x00000000dc000000| 99%| O|  |TAMS 0x00000000dbf00000| PB 0x00000000dbf00000| Untracked |  0
| 448|0x00000000dc000000, 0x00000000dc0fe618, 0x00000000dc100000| 99%| O|  |TAMS 0x00000000dc000000| PB 0x00000000dc000000| Untracked |  0
| 449|0x00000000dc100000, 0x00000000dc1fff50, 0x00000000dc200000| 99%| O|  |TAMS 0x00000000dc100000| PB 0x00000000dc100000| Untracked |  0
| 450|0x00000000dc200000, 0x00000000dc2fe6c8, 0x00000000dc300000| 99%| O|  |TAMS 0x00000000dc200000| PB 0x00000000dc200000| Untracked |  0
| 451|0x00000000dc300000, 0x00000000dc3fe7c8, 0x00000000dc400000| 99%| O|  |TAMS 0x00000000dc300000| PB 0x00000000dc300000| Untracked |  0
| 452|0x00000000dc400000, 0x00000000dc4ff0c0, 0x00000000dc500000| 99%| O|  |TAMS 0x00000000dc400000| PB 0x00000000dc400000| Untracked |  0
| 453|0x00000000dc500000, 0x00000000dc5ffc60, 0x00000000dc600000| 99%| O|  |TAMS 0x00000000dc500000| PB 0x00000000dc500000| Untracked |  0
| 454|0x00000000dc600000, 0x00000000dc6ff5d8, 0x00000000dc700000| 99%| O|  |TAMS 0x00000000dc600000| PB 0x00000000dc600000| Untracked |  0
| 455|0x00000000dc700000, 0x00000000dc7feae0, 0x00000000dc800000| 99%| O|  |TAMS 0x00000000dc700000| PB 0x00000000dc700000| Untracked |  0
| 456|0x00000000dc800000, 0x00000000dc8fff78, 0x00000000dc900000| 99%| O|  |TAMS 0x00000000dc800000| PB 0x00000000dc800000| Untracked |  0
| 457|0x00000000dc900000, 0x00000000dc9ff770, 0x00000000dca00000| 99%| O|  |TAMS 0x00000000dc900000| PB 0x00000000dc900000| Untracked |  0
| 458|0x00000000dca00000, 0x00000000dcafee10, 0x00000000dcb00000| 99%| O|  |TAMS 0x00000000dca00000| PB 0x00000000dca00000| Untracked |  0
| 459|0x00000000dcb00000, 0x00000000dcbfe2a8, 0x00000000dcc00000| 99%| O|  |TAMS 0x00000000dcb00000| PB 0x00000000dcb00000| Untracked |  0
| 460|0x00000000dcc00000, 0x00000000dcd00000, 0x00000000dcd00000|100%|HS|  |TAMS 0x00000000dcc00000| PB 0x00000000dcc00000| Untracked |  0
| 461|0x00000000dcd00000, 0x00000000dce00000, 0x00000000dce00000|100%|HC|  |TAMS 0x00000000dcd00000| PB 0x00000000dcd00000| Untracked |  0
| 462|0x00000000dce00000, 0x00000000dcf00000, 0x00000000dcf00000|100%|HC|  |TAMS 0x00000000dce00000| PB 0x00000000dce00000| Untracked |  0
| 463|0x00000000dcf00000, 0x00000000dd000000, 0x00000000dd000000|100%|HC|  |TAMS 0x00000000dcf00000| PB 0x00000000dcf00000| Untracked |  0
| 464|0x00000000dd000000, 0x00000000dd100000, 0x00000000dd100000|100%|HC|  |TAMS 0x00000000dd000000| PB 0x00000000dd000000| Untracked |  0
| 465|0x00000000dd100000, 0x00000000dd1fe550, 0x00000000dd200000| 99%| O|  |TAMS 0x00000000dd100000| PB 0x00000000dd100000| Untracked |  0
| 466|0x00000000dd200000, 0x00000000dd2ffdf0, 0x00000000dd300000| 99%| O|  |TAMS 0x00000000dd200000| PB 0x00000000dd200000| Untracked |  0
| 467|0x00000000dd300000, 0x00000000dd3fe758, 0x00000000dd400000| 99%| O|  |TAMS 0x00000000dd300000| PB 0x00000000dd300000| Untracked |  0
| 468|0x00000000dd400000, 0x00000000dd4fe138, 0x00000000dd500000| 99%| O|  |TAMS 0x00000000dd400000| PB 0x00000000dd400000| Untracked |  0
| 469|0x00000000dd500000, 0x00000000dd5fed40, 0x00000000dd600000| 99%| O|  |TAMS 0x00000000dd500000| PB 0x00000000dd500000| Untracked |  0
| 470|0x00000000dd600000, 0x00000000dd6febf0, 0x00000000dd700000| 99%| O|  |TAMS 0x00000000dd600000| PB 0x00000000dd600000| Untracked |  0
| 471|0x00000000dd700000, 0x00000000dd800000, 0x00000000dd800000|100%|HS|  |TAMS 0x00000000dd700000| PB 0x00000000dd700000| Untracked |  0
| 472|0x00000000dd800000, 0x00000000dd900000, 0x00000000dd900000|100%|HC|  |TAMS 0x00000000dd800000| PB 0x00000000dd800000| Untracked |  0
| 473|0x00000000dd900000, 0x00000000dda00000, 0x00000000dda00000|100%|HC|  |TAMS 0x00000000dd900000| PB 0x00000000dd900000| Untracked |  0
| 474|0x00000000dda00000, 0x00000000ddb00000, 0x00000000ddb00000|100%|HC|  |TAMS 0x00000000dda00000| PB 0x00000000dda00000| Untracked |  0
| 475|0x00000000ddb00000, 0x00000000ddc00000, 0x00000000ddc00000|100%|HC|  |TAMS 0x00000000ddb00000| PB 0x00000000ddb00000| Untracked |  0
| 476|0x00000000ddc00000, 0x00000000ddd00000, 0x00000000ddd00000|100%|HC|  |TAMS 0x00000000ddc00000| PB 0x00000000ddc00000| Untracked |  0
| 477|0x00000000ddd00000, 0x00000000dde00000, 0x00000000dde00000|100%|HC|  |TAMS 0x00000000ddd00000| PB 0x00000000ddd00000| Untracked |  0
| 478|0x00000000dde00000, 0x00000000ddf00000, 0x00000000ddf00000|100%|HC|  |TAMS 0x00000000dde00000| PB 0x00000000dde00000| Untracked |  0
| 479|0x00000000ddf00000, 0x00000000de000000, 0x00000000de000000|100%|HC|  |TAMS 0x00000000ddf00000| PB 0x00000000ddf00000| Untracked |  0
| 480|0x00000000de000000, 0x00000000de100000, 0x00000000de100000|100%|HC|  |TAMS 0x00000000de000000| PB 0x00000000de000000| Untracked |  0
| 481|0x00000000de100000, 0x00000000de200000, 0x00000000de200000|100%|HC|  |TAMS 0x00000000de100000| PB 0x00000000de100000| Untracked |  0
| 482|0x00000000de200000, 0x00000000de300000, 0x00000000de300000|100%|HC|  |TAMS 0x00000000de200000| PB 0x00000000de200000| Untracked |  0
| 483|0x00000000de300000, 0x00000000de400000, 0x00000000de400000|100%|HC|  |TAMS 0x00000000de300000| PB 0x00000000de300000| Untracked |  0
| 484|0x00000000de400000, 0x00000000de500000, 0x00000000de500000|100%|HC|  |TAMS 0x00000000de400000| PB 0x00000000de400000| Untracked |  0
| 485|0x00000000de500000, 0x00000000de600000, 0x00000000de600000|100%|HC|  |TAMS 0x00000000de500000| PB 0x00000000de500000| Untracked |  0
| 486|0x00000000de600000, 0x00000000de700000, 0x00000000de700000|100%|HC|  |TAMS 0x00000000de600000| PB 0x00000000de600000| Untracked |  0
| 487|0x00000000de700000, 0x00000000de800000, 0x00000000de800000|100%|HC|  |TAMS 0x00000000de700000| PB 0x00000000de700000| Untracked |  0
| 488|0x00000000de800000, 0x00000000de900000, 0x00000000de900000|100%|HC|  |TAMS 0x00000000de800000| PB 0x00000000de800000| Untracked |  0
| 489|0x00000000de900000, 0x00000000dea00000, 0x00000000dea00000|100%|HC|  |TAMS 0x00000000de900000| PB 0x00000000de900000| Untracked |  0
| 490|0x00000000dea00000, 0x00000000deb00000, 0x00000000deb00000|100%|HC|  |TAMS 0x00000000dea00000| PB 0x00000000dea00000| Untracked |  0
| 491|0x00000000deb00000, 0x00000000dec00000, 0x00000000dec00000|100%|HC|  |TAMS 0x00000000deb00000| PB 0x00000000deb00000| Untracked |  0
| 492|0x00000000dec00000, 0x00000000ded00000, 0x00000000ded00000|100%|HC|  |TAMS 0x00000000dec00000| PB 0x00000000dec00000| Untracked |  0
| 493|0x00000000ded00000, 0x00000000dee00000, 0x00000000dee00000|100%|HC|  |TAMS 0x00000000ded00000| PB 0x00000000ded00000| Untracked |  0
| 494|0x00000000dee00000, 0x00000000def00000, 0x00000000def00000|100%|HC|  |TAMS 0x00000000dee00000| PB 0x00000000dee00000| Untracked |  0
| 495|0x00000000def00000, 0x00000000df000000, 0x00000000df000000|100%|HC|  |TAMS 0x00000000def00000| PB 0x00000000def00000| Untracked |  0
| 496|0x00000000df000000, 0x00000000df0ff2c8, 0x00000000df100000| 99%| O|  |TAMS 0x00000000df000000| PB 0x00000000df000000| Untracked |  0
| 497|0x00000000df100000, 0x00000000df1fe1f0, 0x00000000df200000| 99%| O|  |TAMS 0x00000000df100000| PB 0x00000000df100000| Untracked |  0
| 498|0x00000000df200000, 0x00000000df2fe010, 0x00000000df300000| 99%| O|  |TAMS 0x00000000df200000| PB 0x00000000df200000| Untracked |  0
| 499|0x00000000df300000, 0x00000000df3fe0b0, 0x00000000df400000| 99%| O|  |TAMS 0x00000000df300000| PB 0x00000000df300000| Untracked |  0
| 500|0x00000000df400000, 0x00000000df4ff778, 0x00000000df500000| 99%| O|  |TAMS 0x00000000df400000| PB 0x00000000df400000| Untracked |  0
| 501|0x00000000df500000, 0x00000000df5fff58, 0x00000000df600000| 99%| O|  |TAMS 0x00000000df500000| PB 0x00000000df500000| Untracked |  0
| 502|0x00000000df600000, 0x00000000df6ffa88, 0x00000000df700000| 99%| O|  |TAMS 0x00000000df600000| PB 0x00000000df600000| Untracked |  0
| 503|0x00000000df700000, 0x00000000df7fe230, 0x00000000df800000| 99%| O|  |TAMS 0x00000000df700000| PB 0x00000000df700000| Untracked |  0
| 504|0x00000000df800000, 0x00000000df8ffaa0, 0x00000000df900000| 99%| O|  |TAMS 0x00000000df800000| PB 0x00000000df800000| Untracked |  0
| 505|0x00000000df900000, 0x00000000df9feb10, 0x00000000dfa00000| 99%| O|  |TAMS 0x00000000df900000| PB 0x00000000df900000| Untracked |  0
| 506|0x00000000dfa00000, 0x00000000dfaffce8, 0x00000000dfb00000| 99%| O|  |TAMS 0x00000000dfa00000| PB 0x00000000dfa00000| Untracked |  0
| 507|0x00000000dfb00000, 0x00000000dfbfff00, 0x00000000dfc00000| 99%| O|  |TAMS 0x00000000dfb00000| PB 0x00000000dfb00000| Untracked |  0
| 508|0x00000000dfc00000, 0x00000000dfcff628, 0x00000000dfd00000| 99%| O|  |TAMS 0x00000000dfc00000| PB 0x00000000dfc00000| Untracked |  0
| 509|0x00000000dfd00000, 0x00000000dfdfd840, 0x00000000dfe00000| 99%| O|  |TAMS 0x00000000dfd00000| PB 0x00000000dfd00000| Untracked |  0
| 510|0x00000000dfe00000, 0x00000000dfeffec0, 0x00000000dff00000| 99%| O|  |TAMS 0x00000000dfe00000| PB 0x00000000dfe00000| Untracked |  0
| 511|0x00000000dff00000, 0x00000000e0000000, 0x00000000e0000000|100%| O|  |TAMS 0x00000000dff00000| PB 0x00000000dff00000| Untracked |  0
| 512|0x00000000e0000000, 0x00000000e00fee40, 0x00000000e0100000| 99%| O|  |TAMS 0x00000000e0000000| PB 0x00000000e0000000| Untracked |  0
| 513|0x00000000e0100000, 0x00000000e01fe7b8, 0x00000000e0200000| 99%| O|  |TAMS 0x00000000e0100000| PB 0x00000000e0100000| Untracked |  0
| 514|0x00000000e0200000, 0x00000000e02fe870, 0x00000000e0300000| 99%| O|  |TAMS 0x00000000e0200000| PB 0x00000000e0200000| Untracked |  0
| 515|0x00000000e0300000, 0x00000000e03fff40, 0x00000000e0400000| 99%| O|  |TAMS 0x00000000e0300000| PB 0x00000000e0300000| Untracked |  0
| 516|0x00000000e0400000, 0x00000000e04fff00, 0x00000000e0500000| 99%| O|  |TAMS 0x00000000e0400000| PB 0x00000000e0400000| Untracked |  0
| 517|0x00000000e0500000, 0x00000000e05fe510, 0x00000000e0600000| 99%| O|  |TAMS 0x00000000e0500000| PB 0x00000000e0500000| Untracked |  0
| 518|0x00000000e0600000, 0x00000000e06fff00, 0x00000000e0700000| 99%| O|  |TAMS 0x00000000e0600000| PB 0x00000000e0600000| Untracked |  0
| 519|0x00000000e0700000, 0x00000000e07ff7a8, 0x00000000e0800000| 99%| O|  |TAMS 0x00000000e0700000| PB 0x00000000e0700000| Untracked |  0
| 520|0x00000000e0800000, 0x00000000e08fee58, 0x00000000e0900000| 99%| O|  |TAMS 0x00000000e0800000| PB 0x00000000e0800000| Untracked |  0
| 521|0x00000000e0900000, 0x00000000e09ff888, 0x00000000e0a00000| 99%| O|  |TAMS 0x00000000e0900000| PB 0x00000000e0900000| Untracked |  0
| 522|0x00000000e0a00000, 0x00000000e0affab8, 0x00000000e0b00000| 99%| O|  |TAMS 0x00000000e0a00000| PB 0x00000000e0a00000| Untracked |  0
| 523|0x00000000e0b00000, 0x00000000e0bfe858, 0x00000000e0c00000| 99%| O|  |TAMS 0x00000000e0b00000| PB 0x00000000e0b00000| Untracked |  0
| 524|0x00000000e0c00000, 0x00000000e0cffe08, 0x00000000e0d00000| 99%| O|  |TAMS 0x00000000e0c00000| PB 0x00000000e0c00000| Untracked |  0
| 525|0x00000000e0d00000, 0x00000000e0dfff00, 0x00000000e0e00000| 99%| O|  |TAMS 0x00000000e0d00000| PB 0x00000000e0d00000| Untracked |  0
| 526|0x00000000e0e00000, 0x00000000e0eff5f8, 0x00000000e0f00000| 99%| O|  |TAMS 0x00000000e0e00000| PB 0x00000000e0e00000| Untracked |  0
| 527|0x00000000e0f00000, 0x00000000e0ffeba0, 0x00000000e1000000| 99%| O|  |TAMS 0x00000000e0f00000| PB 0x00000000e0f00000| Untracked |  0
| 528|0x00000000e1000000, 0x00000000e10fff28, 0x00000000e1100000| 99%| O|  |TAMS 0x00000000e1000000| PB 0x00000000e1000000| Untracked |  0
| 529|0x00000000e1100000, 0x00000000e11fe768, 0x00000000e1200000| 99%| O|  |TAMS 0x00000000e1100000| PB 0x00000000e1100000| Untracked |  0
| 530|0x00000000e1200000, 0x00000000e12ffdb0, 0x00000000e1300000| 99%| O|  |TAMS 0x00000000e1200000| PB 0x00000000e1200000| Untracked |  0
| 531|0x00000000e1300000, 0x00000000e13fe0c0, 0x00000000e1400000| 99%| O|  |TAMS 0x00000000e1300000| PB 0x00000000e1300000| Untracked |  0
| 532|0x00000000e1400000, 0x00000000e14ffd18, 0x00000000e1500000| 99%| O|  |TAMS 0x00000000e1400000| PB 0x00000000e1400000| Untracked |  0
| 533|0x00000000e1500000, 0x00000000e15ff708, 0x00000000e1600000| 99%| O|  |TAMS 0x00000000e1500000| PB 0x00000000e1500000| Untracked |  0
| 534|0x00000000e1600000, 0x00000000e16fff00, 0x00000000e1700000| 99%| O|  |TAMS 0x00000000e1600000| PB 0x00000000e1600000| Untracked |  0
| 535|0x00000000e1700000, 0x00000000e17fff00, 0x00000000e1800000| 99%| O|  |TAMS 0x00000000e1700000| PB 0x00000000e1700000| Untracked |  0
| 536|0x00000000e1800000, 0x00000000e18fff00, 0x00000000e1900000| 99%| O|  |TAMS 0x00000000e1800000| PB 0x00000000e1800000| Untracked |  0
| 537|0x00000000e1900000, 0x00000000e19fffa8, 0x00000000e1a00000| 99%| O|  |TAMS 0x00000000e1900000| PB 0x00000000e1900000| Untracked |  0
| 538|0x00000000e1a00000, 0x00000000e1afff00, 0x00000000e1b00000| 99%| O|  |TAMS 0x00000000e1a00000| PB 0x00000000e1a00000| Untracked |  0
| 539|0x00000000e1b00000, 0x00000000e1bfff00, 0x00000000e1c00000| 99%| O|  |TAMS 0x00000000e1b00000| PB 0x00000000e1b00000| Untracked |  0
| 540|0x00000000e1c00000, 0x00000000e1cfff00, 0x00000000e1d00000| 99%| O|  |TAMS 0x00000000e1c00000| PB 0x00000000e1c00000| Untracked |  0
| 541|0x00000000e1d00000, 0x00000000e1dffff8, 0x00000000e1e00000| 99%| O|  |TAMS 0x00000000e1d00000| PB 0x00000000e1d00000| Untracked |  0
| 542|0x00000000e1e00000, 0x00000000e1efff00, 0x00000000e1f00000| 99%| O|  |TAMS 0x00000000e1e00000| PB 0x00000000e1e00000| Untracked |  0
| 543|0x00000000e1f00000, 0x00000000e1ffe800, 0x00000000e2000000| 99%| O|  |TAMS 0x00000000e1f00000| PB 0x00000000e1f00000| Untracked |  0
| 544|0x00000000e2000000, 0x00000000e20fe1f8, 0x00000000e2100000| 99%| O|  |TAMS 0x00000000e2000000| PB 0x00000000e2000000| Untracked |  0
| 545|0x00000000e2100000, 0x00000000e21ffff8, 0x00000000e2200000| 99%| O|  |TAMS 0x00000000e2100000| PB 0x00000000e2100000| Untracked |  0
| 546|0x00000000e2200000, 0x00000000e22feb98, 0x00000000e2300000| 99%| O|  |TAMS 0x00000000e2200000| PB 0x00000000e2200000| Untracked |  0
| 547|0x00000000e2300000, 0x00000000e23fe230, 0x00000000e2400000| 99%| O|  |TAMS 0x00000000e2300000| PB 0x00000000e2300000| Untracked |  0
| 548|0x00000000e2400000, 0x00000000e24fff00, 0x00000000e2500000| 99%| O|  |TAMS 0x00000000e2400000| PB 0x00000000e2400000| Untracked |  0
| 549|0x00000000e2500000, 0x00000000e25febc0, 0x00000000e2600000| 99%| O|  |TAMS 0x00000000e2500000| PB 0x00000000e2500000| Untracked |  0
| 550|0x00000000e2600000, 0x00000000e26fe0f8, 0x00000000e2700000| 99%| O|  |TAMS 0x00000000e2600000| PB 0x00000000e2600000| Untracked |  0
| 551|0x00000000e2700000, 0x00000000e27fe968, 0x00000000e2800000| 99%| O|  |TAMS 0x00000000e2700000| PB 0x00000000e2700000| Untracked |  0
| 552|0x00000000e2800000, 0x00000000e28fff00, 0x00000000e2900000| 99%| O|  |TAMS 0x00000000e2800000| PB 0x00000000e2800000| Untracked |  0
| 553|0x00000000e2900000, 0x00000000e29fef28, 0x00000000e2a00000| 99%| O|  |TAMS 0x00000000e2900000| PB 0x00000000e2900000| Untracked |  0
| 554|0x00000000e2a00000, 0x00000000e2afff18, 0x00000000e2b00000| 99%| O|  |TAMS 0x00000000e2a00000| PB 0x00000000e2a00000| Untracked |  0
| 555|0x00000000e2b00000, 0x00000000e2bff818, 0x00000000e2c00000| 99%| O|  |TAMS 0x00000000e2b00000| PB 0x00000000e2b00000| Untracked |  0
| 556|0x00000000e2c00000, 0x00000000e2cff8a8, 0x00000000e2d00000| 99%| O|  |TAMS 0x00000000e2c00000| PB 0x00000000e2c00000| Untracked |  0
| 557|0x00000000e2d00000, 0x00000000e2dfff00, 0x00000000e2e00000| 99%| O|  |TAMS 0x00000000e2d00000| PB 0x00000000e2d00000| Untracked |  0
| 558|0x00000000e2e00000, 0x00000000e2efe608, 0x00000000e2f00000| 99%| O|  |TAMS 0x00000000e2e00000| PB 0x00000000e2e00000| Untracked |  0
| 559|0x00000000e2f00000, 0x00000000e2fffe88, 0x00000000e3000000| 99%| O|  |TAMS 0x00000000e2f00000| PB 0x00000000e2f00000| Untracked |  0
| 560|0x00000000e3000000, 0x00000000e30ff510, 0x00000000e3100000| 99%| O|  |TAMS 0x00000000e3000000| PB 0x00000000e3000000| Untracked |  0
| 561|0x00000000e3100000, 0x00000000e31ff400, 0x00000000e3200000| 99%| O|  |TAMS 0x00000000e3100000| PB 0x00000000e3100000| Untracked |  0
| 562|0x00000000e3200000, 0x00000000e32fe040, 0x00000000e3300000| 99%| O|  |TAMS 0x00000000e3200000| PB 0x00000000e3200000| Untracked |  0
| 563|0x00000000e3300000, 0x00000000e33ffaf0, 0x00000000e3400000| 99%| O|  |TAMS 0x00000000e3300000| PB 0x00000000e3300000| Untracked |  0
| 564|0x00000000e3400000, 0x00000000e34ffd28, 0x00000000e3500000| 99%| O|  |TAMS 0x00000000e3400000| PB 0x00000000e3400000| Untracked |  0
| 565|0x00000000e3500000, 0x00000000e35fff00, 0x00000000e3600000| 99%| O|  |TAMS 0x00000000e3500000| PB 0x00000000e3500000| Untracked |  0
| 566|0x00000000e3600000, 0x00000000e36ffde8, 0x00000000e3700000| 99%| O|  |TAMS 0x00000000e3600000| PB 0x00000000e3600000| Untracked |  0
| 567|0x00000000e3700000, 0x00000000e37fe160, 0x00000000e3800000| 99%| O|  |TAMS 0x00000000e3700000| PB 0x00000000e3700000| Untracked |  0
| 568|0x00000000e3800000, 0x00000000e38fe380, 0x00000000e3900000| 99%| O|  |TAMS 0x00000000e3800000| PB 0x00000000e3800000| Untracked |  0
| 569|0x00000000e3900000, 0x00000000e39ffdc0, 0x00000000e3a00000| 99%| O|  |TAMS 0x00000000e3900000| PB 0x00000000e3900000| Untracked |  0
| 570|0x00000000e3a00000, 0x00000000e3afff70, 0x00000000e3b00000| 99%| O|  |TAMS 0x00000000e3a00000| PB 0x00000000e3a00000| Untracked |  0
| 571|0x00000000e3b00000, 0x00000000e3bffcd0, 0x00000000e3c00000| 99%| O|  |TAMS 0x00000000e3b00000| PB 0x00000000e3b00000| Untracked |  0
| 572|0x00000000e3c00000, 0x00000000e3cff128, 0x00000000e3d00000| 99%| O|  |TAMS 0x00000000e3c00000| PB 0x00000000e3c00000| Untracked |  0
| 573|0x00000000e3d00000, 0x00000000e3dffc60, 0x00000000e3e00000| 99%| O|  |TAMS 0x00000000e3d00000| PB 0x00000000e3d00000| Untracked |  0
| 574|0x00000000e3e00000, 0x00000000e3effff8, 0x00000000e3f00000| 99%| O|  |TAMS 0x00000000e3e00000| PB 0x00000000e3e00000| Untracked |  0
| 575|0x00000000e3f00000, 0x00000000e3fffb80, 0x00000000e4000000| 99%| O|  |TAMS 0x00000000e3f00000| PB 0x00000000e3f00000| Untracked |  0
| 576|0x00000000e4000000, 0x00000000e40fe068, 0x00000000e4100000| 99%| O|  |TAMS 0x00000000e4000000| PB 0x00000000e4000000| Untracked |  0
| 577|0x00000000e4100000, 0x00000000e41ffcd0, 0x00000000e4200000| 99%| O|  |TAMS 0x00000000e4100000| PB 0x00000000e4100000| Untracked |  0
| 578|0x00000000e4200000, 0x00000000e42fe0b0, 0x00000000e4300000| 99%| O|  |TAMS 0x00000000e4200000| PB 0x00000000e4200000| Untracked |  0
| 579|0x00000000e4300000, 0x00000000e43ffcd0, 0x00000000e4400000| 99%| O|  |TAMS 0x00000000e4300000| PB 0x00000000e4300000| Untracked |  0
| 580|0x00000000e4400000, 0x00000000e44fef88, 0x00000000e4500000| 99%| O|  |TAMS 0x00000000e4400000| PB 0x00000000e4400000| Untracked |  0
| 581|0x00000000e4500000, 0x00000000e45feec8, 0x00000000e4600000| 99%| O|  |TAMS 0x00000000e4500000| PB 0x00000000e4500000| Untracked |  0
| 582|0x00000000e4600000, 0x00000000e46fff00, 0x00000000e4700000| 99%| O|  |TAMS 0x00000000e4600000| PB 0x00000000e4600000| Untracked |  0
| 583|0x00000000e4700000, 0x00000000e47ffe90, 0x00000000e4800000| 99%| O|  |TAMS 0x00000000e4700000| PB 0x00000000e4700000| Untracked |  0
| 584|0x00000000e4800000, 0x00000000e48fff00, 0x00000000e4900000| 99%| O|  |TAMS 0x00000000e4800000| PB 0x00000000e4800000| Untracked |  0
| 585|0x00000000e4900000, 0x00000000e49fe0b0, 0x00000000e4a00000| 99%| O|  |TAMS 0x00000000e4900000| PB 0x00000000e4900000| Untracked |  0
| 586|0x00000000e4a00000, 0x00000000e4afff00, 0x00000000e4b00000| 99%| O|  |TAMS 0x00000000e4a00000| PB 0x00000000e4a00000| Untracked |  0
| 587|0x00000000e4b00000, 0x00000000e4bfe108, 0x00000000e4c00000| 99%| O|  |TAMS 0x00000000e4b00000| PB 0x00000000e4b00000| Untracked |  0
| 588|0x00000000e4c00000, 0x00000000e4cfed00, 0x00000000e4d00000| 99%| O|  |TAMS 0x00000000e4c00000| PB 0x00000000e4c00000| Untracked |  0
| 589|0x00000000e4d00000, 0x00000000e4dfebe0, 0x00000000e4e00000| 99%| O|  |TAMS 0x00000000e4d00000| PB 0x00000000e4d00000| Untracked |  0
| 590|0x00000000e4e00000, 0x00000000e4eff048, 0x00000000e4f00000| 99%| O|  |TAMS 0x00000000e4e00000| PB 0x00000000e4e00000| Untracked |  0
| 591|0x00000000e4f00000, 0x00000000e5000000, 0x00000000e5000000|100%| O|  |TAMS 0x00000000e4f00000| PB 0x00000000e4f00000| Untracked |  0
| 592|0x00000000e5000000, 0x00000000e50fffe0, 0x00000000e5100000| 99%| O|  |TAMS 0x00000000e5000000| PB 0x00000000e5000000| Untracked |  0
| 593|0x00000000e5100000, 0x00000000e51ffff8, 0x00000000e5200000| 99%| O|  |TAMS 0x00000000e5100000| PB 0x00000000e5100000| Untracked |  0
| 594|0x00000000e5200000, 0x00000000e52fff00, 0x00000000e5300000| 99%| O|  |TAMS 0x00000000e5200000| PB 0x00000000e5200000| Untracked |  0
| 595|0x00000000e5300000, 0x00000000e53fe0b0, 0x00000000e5400000| 99%| O|  |TAMS 0x00000000e5300000| PB 0x00000000e5300000| Untracked |  0
| 596|0x00000000e5400000, 0x00000000e54fe4e8, 0x00000000e5500000| 99%| O|  |TAMS 0x00000000e5400000| PB 0x00000000e5400000| Untracked |  0
| 597|0x00000000e5500000, 0x00000000e55fe0b0, 0x00000000e5600000| 99%| O|  |TAMS 0x00000000e5500000| PB 0x00000000e5500000| Untracked |  0
| 598|0x00000000e5600000, 0x00000000e56fff70, 0x00000000e5700000| 99%| O|  |TAMS 0x00000000e5600000| PB 0x00000000e5600000| Untracked |  0
| 599|0x00000000e5700000, 0x00000000e57fff00, 0x00000000e5800000| 99%| O|  |TAMS 0x00000000e5700000| PB 0x00000000e5700000| Untracked |  0
| 600|0x00000000e5800000, 0x00000000e58fe3f8, 0x00000000e5900000| 99%| O|  |TAMS 0x00000000e5800000| PB 0x00000000e5800000| Untracked |  0
| 601|0x00000000e5900000, 0x00000000e59ff650, 0x00000000e5a00000| 99%| O|  |TAMS 0x00000000e5900000| PB 0x00000000e5900000| Untracked |  0
| 602|0x00000000e5a00000, 0x00000000e5aff290, 0x00000000e5b00000| 99%| O|  |TAMS 0x00000000e5a00000| PB 0x00000000e5a00000| Untracked |  0
| 603|0x00000000e5b00000, 0x00000000e5bffe38, 0x00000000e5c00000| 99%| O|  |TAMS 0x00000000e5b00000| PB 0x00000000e5b00000| Untracked |  0
| 604|0x00000000e5c00000, 0x00000000e5cff1e8, 0x00000000e5d00000| 99%| O|  |TAMS 0x00000000e5c00000| PB 0x00000000e5c00000| Untracked |  0
| 605|0x00000000e5d00000, 0x00000000e5dfe498, 0x00000000e5e00000| 99%| O|  |TAMS 0x00000000e5d00000| PB 0x00000000e5d00000| Untracked |  0
| 606|0x00000000e5e00000, 0x00000000e5effd70, 0x00000000e5f00000| 99%| O|  |TAMS 0x00000000e5e00000| PB 0x00000000e5e00000| Untracked |  0
| 607|0x00000000e5f00000, 0x00000000e5fffbd0, 0x00000000e6000000| 99%| O|  |TAMS 0x00000000e5f00000| PB 0x00000000e5f00000| Untracked |  0
| 608|0x00000000e6000000, 0x00000000e60fe040, 0x00000000e6100000| 99%| O|  |TAMS 0x00000000e6000000| PB 0x00000000e6000000| Untracked |  0
| 609|0x00000000e6100000, 0x00000000e61ffd38, 0x00000000e6200000| 99%| O|  |TAMS 0x00000000e6100000| PB 0x00000000e6100000| Untracked |  0
| 610|0x00000000e6200000, 0x00000000e62fe610, 0x00000000e6300000| 99%| O|  |TAMS 0x00000000e6200000| PB 0x00000000e6200000| Untracked |  0
| 611|0x00000000e6300000, 0x00000000e63fffc8, 0x00000000e6400000| 99%| O|  |TAMS 0x00000000e6300000| PB 0x00000000e6300000| Untracked |  0
| 612|0x00000000e6400000, 0x00000000e64febc8, 0x00000000e6500000| 99%| O|  |TAMS 0x00000000e6400000| PB 0x00000000e6400000| Untracked |  0
| 613|0x00000000e6500000, 0x00000000e65ff528, 0x00000000e6600000| 99%| O|  |TAMS 0x00000000e6500000| PB 0x00000000e6500000| Untracked |  0
| 614|0x00000000e6600000, 0x00000000e66fff00, 0x00000000e6700000| 99%| O|  |TAMS 0x00000000e6600000| PB 0x00000000e6600000| Untracked |  0
| 615|0x00000000e6700000, 0x00000000e67fff00, 0x00000000e6800000| 99%| O|  |TAMS 0x00000000e6700000| PB 0x00000000e6700000| Untracked |  0
| 616|0x00000000e6800000, 0x00000000e68fff00, 0x00000000e6900000| 99%| O|  |TAMS 0x00000000e6800000| PB 0x00000000e6800000| Untracked |  0
| 617|0x00000000e6900000, 0x00000000e69fff00, 0x00000000e6a00000| 99%| O|  |TAMS 0x00000000e6900000| PB 0x00000000e6900000| Untracked |  0
| 618|0x00000000e6a00000, 0x00000000e6afe420, 0x00000000e6b00000| 99%| O|  |TAMS 0x00000000e6a00000| PB 0x00000000e6a00000| Untracked |  0
| 619|0x00000000e6b00000, 0x00000000e6bff880, 0x00000000e6c00000| 99%| O|  |TAMS 0x00000000e6b00000| PB 0x00000000e6b00000| Untracked |  0
| 620|0x00000000e6c00000, 0x00000000e6cffb10, 0x00000000e6d00000| 99%| O|  |TAMS 0x00000000e6c00000| PB 0x00000000e6c00000| Untracked |  0
| 621|0x00000000e6d00000, 0x00000000e6dff8d8, 0x00000000e6e00000| 99%| O|  |TAMS 0x00000000e6d00000| PB 0x00000000e6d00000| Untracked |  0
| 622|0x00000000e6e00000, 0x00000000e6efffe0, 0x00000000e6f00000| 99%| O|  |TAMS 0x00000000e6e00000| PB 0x00000000e6e00000| Untracked |  0
| 623|0x00000000e6f00000, 0x00000000e6fff0c8, 0x00000000e7000000| 99%| O|  |TAMS 0x00000000e6f00000| PB 0x00000000e6f00000| Untracked |  0
| 624|0x00000000e7000000, 0x00000000e70ffe20, 0x00000000e7100000| 99%| O|  |TAMS 0x00000000e7000000| PB 0x00000000e7000000| Untracked |  0
| 625|0x00000000e7100000, 0x00000000e71fdff8, 0x00000000e7200000| 99%| O|  |TAMS 0x00000000e7100000| PB 0x00000000e7100000| Untracked |  0
| 626|0x00000000e7200000, 0x00000000e72ffcd0, 0x00000000e7300000| 99%| O|  |TAMS 0x00000000e7200000| PB 0x00000000e7200000| Untracked |  0
| 627|0x00000000e7300000, 0x00000000e73fff00, 0x00000000e7400000| 99%| O|  |TAMS 0x00000000e7300000| PB 0x00000000e7300000| Untracked |  0
| 628|0x00000000e7400000, 0x00000000e74fff00, 0x00000000e7500000| 99%| O|  |TAMS 0x00000000e7400000| PB 0x00000000e7400000| Untracked |  0
| 629|0x00000000e7500000, 0x00000000e75fff00, 0x00000000e7600000| 99%| O|  |TAMS 0x00000000e7500000| PB 0x00000000e7500000| Untracked |  0
| 630|0x00000000e7600000, 0x00000000e76ffb10, 0x00000000e7700000| 99%| O|  |TAMS 0x00000000e7600000| PB 0x00000000e7600000| Untracked |  0
| 631|0x00000000e7700000, 0x00000000e77fff00, 0x00000000e7800000| 99%| O|  |TAMS 0x00000000e7700000| PB 0x00000000e7700000| Untracked |  0
| 632|0x00000000e7800000, 0x00000000e78ffb80, 0x00000000e7900000| 99%| O|  |TAMS 0x00000000e7800000| PB 0x00000000e7800000| Untracked |  0
| 633|0x00000000e7900000, 0x00000000e79fe328, 0x00000000e7a00000| 99%| O|  |TAMS 0x00000000e7900000| PB 0x00000000e7900000| Untracked |  0
| 634|0x00000000e7a00000, 0x00000000e7afff00, 0x00000000e7b00000| 99%| O|  |TAMS 0x00000000e7a00000| PB 0x00000000e7a00000| Untracked |  0
| 635|0x00000000e7b00000, 0x00000000e7bff720, 0x00000000e7c00000| 99%| O|  |TAMS 0x00000000e7b00000| PB 0x00000000e7b00000| Untracked |  0
| 636|0x00000000e7c00000, 0x00000000e7cfff00, 0x00000000e7d00000| 99%| O|  |TAMS 0x00000000e7c00000| PB 0x00000000e7c00000| Untracked |  0
| 637|0x00000000e7d00000, 0x00000000e7dfff00, 0x00000000e7e00000| 99%| O|  |TAMS 0x00000000e7d00000| PB 0x00000000e7d00000| Untracked |  0
| 638|0x00000000e7e00000, 0x00000000e7efff00, 0x00000000e7f00000| 99%| O|  |TAMS 0x00000000e7e00000| PB 0x00000000e7e00000| Untracked |  0
| 639|0x00000000e7f00000, 0x00000000e7fffff0, 0x00000000e8000000| 99%| O|  |TAMS 0x00000000e7f00000| PB 0x00000000e7f00000| Untracked |  0
| 640|0x00000000e8000000, 0x00000000e80fff28, 0x00000000e8100000| 99%| O|  |TAMS 0x00000000e8000000| PB 0x00000000e8000000| Untracked |  0
| 641|0x00000000e8100000, 0x00000000e81fae88, 0x00000000e8200000| 98%| O|  |TAMS 0x00000000e8100000| PB 0x00000000e8100000| Untracked |  0
| 642|0x00000000e8200000, 0x00000000e82fff00, 0x00000000e8300000| 99%| O|  |TAMS 0x00000000e8200000| PB 0x00000000e8200000| Untracked |  0
| 643|0x00000000e8300000, 0x00000000e83fff00, 0x00000000e8400000| 99%| O|  |TAMS 0x00000000e8300000| PB 0x00000000e8300000| Untracked |  0
| 644|0x00000000e8400000, 0x00000000e84fe270, 0x00000000e8500000| 99%| O|  |TAMS 0x00000000e8400000| PB 0x00000000e8400000| Untracked |  0
| 645|0x00000000e8500000, 0x00000000e85fff00, 0x00000000e8600000| 99%| O|  |TAMS 0x00000000e8500000| PB 0x00000000e8500000| Untracked |  0
| 646|0x00000000e8600000, 0x00000000e86fff00, 0x00000000e8700000| 99%| O|  |TAMS 0x00000000e8600000| PB 0x00000000e8600000| Untracked |  0
| 647|0x00000000e8700000, 0x00000000e87ffcd0, 0x00000000e8800000| 99%| O|  |TAMS 0x00000000e8700000| PB 0x00000000e8700000| Untracked |  0
| 648|0x00000000e8800000, 0x00000000e88fffe0, 0x00000000e8900000| 99%| O|  |TAMS 0x00000000e8800000| PB 0x00000000e8800000| Untracked |  0
| 649|0x00000000e8900000, 0x00000000e89fff00, 0x00000000e8a00000| 99%| O|  |TAMS 0x00000000e8900000| PB 0x00000000e8900000| Untracked |  0
| 650|0x00000000e8a00000, 0x00000000e8afb270, 0x00000000e8b00000| 98%| O|  |TAMS 0x00000000e8a00000| PB 0x00000000e8a00000| Untracked |  0
| 651|0x00000000e8b00000, 0x00000000e8bffee8, 0x00000000e8c00000| 99%| O|  |TAMS 0x00000000e8b00000| PB 0x00000000e8b00000| Untracked |  0
| 652|0x00000000e8c00000, 0x00000000e8cfea40, 0x00000000e8d00000| 99%| O|  |TAMS 0x00000000e8c00000| PB 0x00000000e8c00000| Untracked |  0
| 653|0x00000000e8d00000, 0x00000000e8dffc20, 0x00000000e8e00000| 99%| O|  |TAMS 0x00000000e8d00000| PB 0x00000000e8d00000| Untracked |  0
| 654|0x00000000e8e00000, 0x00000000e8efe6a8, 0x00000000e8f00000| 99%| O|  |TAMS 0x00000000e8e00000| PB 0x00000000e8e00000| Untracked |  0
| 655|0x00000000e8f00000, 0x00000000e8fffa88, 0x00000000e9000000| 99%| O|  |TAMS 0x00000000e8f00000| PB 0x00000000e8f00000| Untracked |  0
| 656|0x00000000e9000000, 0x00000000e90ff6b0, 0x00000000e9100000| 99%| O|  |TAMS 0x00000000e9000000| PB 0x00000000e9000000| Untracked |  0
| 657|0x00000000e9100000, 0x00000000e91ffcd0, 0x00000000e9200000| 99%| O|  |TAMS 0x00000000e9100000| PB 0x00000000e9100000| Untracked |  0
| 658|0x00000000e9200000, 0x00000000e92fff00, 0x00000000e9300000| 99%| O|  |TAMS 0x00000000e9200000| PB 0x00000000e9200000| Untracked |  0
| 659|0x00000000e9300000, 0x00000000e93ffdb0, 0x00000000e9400000| 99%| O|  |TAMS 0x00000000e9300000| PB 0x00000000e9300000| Untracked |  0
| 660|0x00000000e9400000, 0x00000000e94fff00, 0x00000000e9500000| 99%| O|  |TAMS 0x00000000e9400000| PB 0x00000000e9400000| Untracked |  0
| 661|0x00000000e9500000, 0x00000000e95ff800, 0x00000000e9600000| 99%| O|  |TAMS 0x00000000e9500000| PB 0x00000000e9500000| Untracked |  0
| 662|0x00000000e9600000, 0x00000000e96ff778, 0x00000000e9700000| 99%| O|  |TAMS 0x00000000e9600000| PB 0x00000000e9600000| Untracked |  0
| 663|0x00000000e9700000, 0x00000000e97ffae8, 0x00000000e9800000| 99%| O|  |TAMS 0x00000000e9700000| PB 0x00000000e9700000| Untracked |  0
| 664|0x00000000e9800000, 0x00000000e98ffff0, 0x00000000e9900000| 99%| O|  |TAMS 0x00000000e9800000| PB 0x00000000e9800000| Untracked |  0
| 665|0x00000000e9900000, 0x00000000e99ffd40, 0x00000000e9a00000| 99%| O|  |TAMS 0x00000000e9900000| PB 0x00000000e9900000| Untracked |  0
| 666|0x00000000e9a00000, 0x00000000e9afff00, 0x00000000e9b00000| 99%| O|  |TAMS 0x00000000e9a00000| PB 0x00000000e9a00000| Untracked |  0
| 667|0x00000000e9b00000, 0x00000000e9c00000, 0x00000000e9c00000|100%|HS|  |TAMS 0x00000000e9b00000| PB 0x00000000e9b00000| Untracked |  0
| 668|0x00000000e9c00000, 0x00000000e9d00000, 0x00000000e9d00000|100%|HC|  |TAMS 0x00000000e9c00000| PB 0x00000000e9c00000| Untracked |  0
| 669|0x00000000e9d00000, 0x00000000e9dfe1d0, 0x00000000e9e00000| 99%| O|  |TAMS 0x00000000e9d00000| PB 0x00000000e9d00000| Untracked |  0
| 670|0x00000000e9e00000, 0x00000000e9eff578, 0x00000000e9f00000| 99%| O|  |TAMS 0x00000000e9e00000| PB 0x00000000e9e00000| Untracked |  0
| 671|0x00000000e9f00000, 0x00000000e9ff4ef8, 0x00000000ea000000| 95%| O|  |TAMS 0x00000000e9f00000| PB 0x00000000e9f00000| Untracked |  0
| 672|0x00000000ea000000, 0x00000000ea0ffd40, 0x00000000ea100000| 99%| O|  |TAMS 0x00000000ea000000| PB 0x00000000ea000000| Untracked |  0
| 673|0x00000000ea100000, 0x00000000ea1ff6b0, 0x00000000ea200000| 99%| O|  |TAMS 0x00000000ea100000| PB 0x00000000ea100000| Untracked |  0
| 674|0x00000000ea200000, 0x00000000ea2ffe20, 0x00000000ea300000| 99%| O|  |TAMS 0x00000000ea200000| PB 0x00000000ea200000| Untracked |  0
| 675|0x00000000ea300000, 0x00000000ea3ff790, 0x00000000ea400000| 99%| O|  |TAMS 0x00000000ea300000| PB 0x00000000ea300000| Untracked |  0
| 676|0x00000000ea400000, 0x00000000ea4fffe0, 0x00000000ea500000| 99%| O|  |TAMS 0x00000000ea400000| PB 0x00000000ea400000| Untracked |  0
| 677|0x00000000ea500000, 0x00000000ea5ff180, 0x00000000ea600000| 99%| O|  |TAMS 0x00000000ea500000| PB 0x00000000ea500000| Untracked |  0
| 678|0x00000000ea600000, 0x00000000ea6ffd20, 0x00000000ea700000| 99%| O|  |TAMS 0x00000000ea600000| PB 0x00000000ea600000| Untracked |  0
| 679|0x00000000ea700000, 0x00000000ea7fe000, 0x00000000ea800000| 99%| O|  |TAMS 0x00000000ea700000| PB 0x00000000ea700000| Untracked |  0
| 680|0x00000000ea800000, 0x00000000ea8fff00, 0x00000000ea900000| 99%| O|  |TAMS 0x00000000ea800000| PB 0x00000000ea800000| Untracked |  0
| 681|0x00000000ea900000, 0x00000000ea9fff00, 0x00000000eaa00000| 99%| O|  |TAMS 0x00000000ea900000| PB 0x00000000ea900000| Untracked |  0
| 682|0x00000000eaa00000, 0x00000000eaafff00, 0x00000000eab00000| 99%| O|  |TAMS 0x00000000eaa00000| PB 0x00000000eaa00000| Untracked |  0
| 683|0x00000000eab00000, 0x00000000eabffad0, 0x00000000eac00000| 99%| O|  |TAMS 0x00000000eab00000| PB 0x00000000eab00000| Untracked |  0
| 684|0x00000000eac00000, 0x00000000ead00000, 0x00000000ead00000|100%| O|  |TAMS 0x00000000eac00000| PB 0x00000000eac00000| Untracked |  0
| 685|0x00000000ead00000, 0x00000000eadfe580, 0x00000000eae00000| 99%| O|  |TAMS 0x00000000ead00000| PB 0x00000000ead00000| Untracked |  0
| 686|0x00000000eae00000, 0x00000000eaefe778, 0x00000000eaf00000| 99%| O|  |TAMS 0x00000000eae00000| PB 0x00000000eae00000| Untracked |  0
| 687|0x00000000eaf00000, 0x00000000eafff9f0, 0x00000000eb000000| 99%| O|  |TAMS 0x00000000eaf00000| PB 0x00000000eaf00000| Untracked |  0
| 688|0x00000000eb000000, 0x00000000eb0ffbc8, 0x00000000eb100000| 99%| O|  |TAMS 0x00000000eb000000| PB 0x00000000eb000000| Untracked |  0
| 689|0x00000000eb100000, 0x00000000eb1fe0f0, 0x00000000eb200000| 99%| O|  |TAMS 0x00000000eb100000| PB 0x00000000eb100000| Untracked |  0
| 690|0x00000000eb200000, 0x00000000eb2fffa0, 0x00000000eb300000| 99%| O|  |TAMS 0x00000000eb200000| PB 0x00000000eb200000| Untracked |  0
| 691|0x00000000eb300000, 0x00000000eb3ff250, 0x00000000eb400000| 99%| O|  |TAMS 0x00000000eb300000| PB 0x00000000eb300000| Untracked |  0
| 692|0x00000000eb400000, 0x00000000eb4ffea8, 0x00000000eb500000| 99%| O|  |TAMS 0x00000000eb400000| PB 0x00000000eb400000| Untracked |  0
| 693|0x00000000eb500000, 0x00000000eb5ff800, 0x00000000eb600000| 99%| O|  |TAMS 0x00000000eb500000| PB 0x00000000eb500000| Untracked |  0
| 694|0x00000000eb600000, 0x00000000eb6fff00, 0x00000000eb700000| 99%| O|  |TAMS 0x00000000eb600000| PB 0x00000000eb600000| Untracked |  0
| 695|0x00000000eb700000, 0x00000000eb7fffa0, 0x00000000eb800000| 99%| O|  |TAMS 0x00000000eb700000| PB 0x00000000eb700000| Untracked |  0
| 696|0x00000000eb800000, 0x00000000eb8ffaa0, 0x00000000eb900000| 99%| O|  |TAMS 0x00000000eb800000| PB 0x00000000eb800000| Untracked |  0
| 697|0x00000000eb900000, 0x00000000eb9ff628, 0x00000000eba00000| 99%| O|  |TAMS 0x00000000eb900000| PB 0x00000000eb900000| Untracked |  0
| 698|0x00000000eba00000, 0x00000000ebafe5b8, 0x00000000ebb00000| 99%| O|  |TAMS 0x00000000eba00000| PB 0x00000000eba00000| Untracked |  0
| 699|0x00000000ebb00000, 0x00000000ebbff020, 0x00000000ebc00000| 99%| O|  |TAMS 0x00000000ebb00000| PB 0x00000000ebb00000| Untracked |  0
| 700|0x00000000ebc00000, 0x00000000ebcfe040, 0x00000000ebd00000| 99%| O|  |TAMS 0x00000000ebc00000| PB 0x00000000ebc00000| Untracked |  0
| 701|0x00000000ebd00000, 0x00000000ebdfe4a0, 0x00000000ebe00000| 99%| O|  |TAMS 0x00000000ebd00000| PB 0x00000000ebd00000| Untracked |  0
| 702|0x00000000ebe00000, 0x00000000ebefff80, 0x00000000ebf00000| 99%| O|  |TAMS 0x00000000ebe00000| PB 0x00000000ebe00000| Untracked |  0
| 703|0x00000000ebf00000, 0x00000000ebfffd78, 0x00000000ec000000| 99%| O|  |TAMS 0x00000000ebf00000| PB 0x00000000ebf00000| Untracked |  0
| 704|0x00000000ec000000, 0x00000000ec0fe618, 0x00000000ec100000| 99%| O|  |TAMS 0x00000000ec000000| PB 0x00000000ec000000| Untracked |  0
| 705|0x00000000ec100000, 0x00000000ec1fff00, 0x00000000ec200000| 99%| O|  |TAMS 0x00000000ec100000| PB 0x00000000ec100000| Untracked |  0
| 706|0x00000000ec200000, 0x00000000ec2fff20, 0x00000000ec300000| 99%| O|  |TAMS 0x00000000ec200000| PB 0x00000000ec200000| Untracked |  0
| 707|0x00000000ec300000, 0x00000000ec3fff00, 0x00000000ec400000| 99%| O|  |TAMS 0x00000000ec300000| PB 0x00000000ec300000| Untracked |  0
| 708|0x00000000ec400000, 0x00000000ec4ffcd0, 0x00000000ec500000| 99%| O|  |TAMS 0x00000000ec400000| PB 0x00000000ec400000| Untracked |  0
| 709|0x00000000ec500000, 0x00000000ec5feb30, 0x00000000ec600000| 99%| O|  |TAMS 0x00000000ec500000| PB 0x00000000ec500000| Untracked |  0
| 710|0x00000000ec600000, 0x00000000ec6fec68, 0x00000000ec700000| 99%| O|  |TAMS 0x00000000ec600000| PB 0x00000000ec600000| Untracked |  0
| 711|0x00000000ec700000, 0x00000000ec7ff870, 0x00000000ec800000| 99%| O|  |TAMS 0x00000000ec700000| PB 0x00000000ec700000| Untracked |  0
| 712|0x00000000ec800000, 0x00000000ec8ff6b0, 0x00000000ec900000| 99%| O|  |TAMS 0x00000000ec800000| PB 0x00000000ec800000| Untracked |  0
| 713|0x00000000ec900000, 0x00000000ec9fff00, 0x00000000eca00000| 99%| O|  |TAMS 0x00000000ec900000| PB 0x00000000ec900000| Untracked |  0
| 714|0x00000000eca00000, 0x00000000ecafff80, 0x00000000ecb00000| 99%| O|  |TAMS 0x00000000eca00000| PB 0x00000000eca00000| Untracked |  0
| 715|0x00000000ecb00000, 0x00000000ecbffd40, 0x00000000ecc00000| 99%| O|  |TAMS 0x00000000ecb00000| PB 0x00000000ecb00000| Untracked |  0
| 716|0x00000000ecc00000, 0x00000000eccffdb0, 0x00000000ecd00000| 99%| O|  |TAMS 0x00000000ecc00000| PB 0x00000000ecc00000| Untracked |  0
| 717|0x00000000ecd00000, 0x00000000ecdfff00, 0x00000000ece00000| 99%| O|  |TAMS 0x00000000ecd00000| PB 0x00000000ecd00000| Untracked |  0
| 718|0x00000000ece00000, 0x00000000eceff8e0, 0x00000000ecf00000| 99%| O|  |TAMS 0x00000000ece00000| PB 0x00000000ece00000| Untracked |  0
| 719|0x00000000ecf00000, 0x00000000ecffff00, 0x00000000ed000000| 99%| O|  |TAMS 0x00000000ecf00000| PB 0x00000000ecf00000| Untracked |  0
| 720|0x00000000ed000000, 0x00000000ed0fff00, 0x00000000ed100000| 99%| O|  |TAMS 0x00000000ed000000| PB 0x00000000ed000000| Untracked |  0
| 721|0x00000000ed100000, 0x00000000ed1fffe0, 0x00000000ed200000| 99%| O|  |TAMS 0x00000000ed100000| PB 0x00000000ed100000| Untracked |  0
| 722|0x00000000ed200000, 0x00000000ed2ff0d8, 0x00000000ed300000| 99%| O|  |TAMS 0x00000000ed200000| PB 0x00000000ed200000| Untracked |  0
| 723|0x00000000ed300000, 0x00000000ed3fff00, 0x00000000ed400000| 99%| O|  |TAMS 0x00000000ed300000| PB 0x00000000ed300000| Untracked |  0
| 724|0x00000000ed400000, 0x00000000ed4ffe90, 0x00000000ed500000| 99%| O|  |TAMS 0x00000000ed400000| PB 0x00000000ed400000| Untracked |  0
| 725|0x00000000ed500000, 0x00000000ed5ffa38, 0x00000000ed600000| 99%| O|  |TAMS 0x00000000ed500000| PB 0x00000000ed500000| Untracked |  0
| 726|0x00000000ed600000, 0x00000000ed6ff200, 0x00000000ed700000| 99%| O|  |TAMS 0x00000000ed600000| PB 0x00000000ed600000| Untracked |  0
| 727|0x00000000ed700000, 0x00000000ed7fed60, 0x00000000ed800000| 99%| O|  |TAMS 0x00000000ed700000| PB 0x00000000ed700000| Untracked |  0
| 728|0x00000000ed800000, 0x00000000ed8ffaa0, 0x00000000ed900000| 99%| O|  |TAMS 0x00000000ed800000| PB 0x00000000ed800000| Untracked |  0
| 729|0x00000000ed900000, 0x00000000ed9ffff8, 0x00000000eda00000| 99%| O|  |TAMS 0x00000000ed900000| PB 0x00000000ed900000| Untracked |  0
| 730|0x00000000eda00000, 0x00000000edafff70, 0x00000000edb00000| 99%| O|  |TAMS 0x00000000eda00000| PB 0x00000000eda00000| Untracked |  0
| 731|0x00000000edb00000, 0x00000000edbff528, 0x00000000edc00000| 99%| O|  |TAMS 0x00000000edb00000| PB 0x00000000edb00000| Untracked |  0
| 732|0x00000000edc00000, 0x00000000edcff2f8, 0x00000000edd00000| 99%| O|  |TAMS 0x00000000edc00000| PB 0x00000000edc00000| Untracked |  0
| 733|0x00000000edd00000, 0x00000000eddfff00, 0x00000000ede00000| 99%| O|  |TAMS 0x00000000edd00000| PB 0x00000000edd00000| Untracked |  0
| 734|0x00000000ede00000, 0x00000000edefff00, 0x00000000edf00000| 99%| O|  |TAMS 0x00000000ede00000| PB 0x00000000ede00000| Untracked |  0
| 735|0x00000000edf00000, 0x00000000edffed80, 0x00000000ee000000| 99%| O|  |TAMS 0x00000000edf00000| PB 0x00000000edf00000| Untracked |  0
| 736|0x00000000ee000000, 0x00000000ee0ffc28, 0x00000000ee100000| 99%| O|  |TAMS 0x00000000ee000000| PB 0x00000000ee000000| Untracked |  0
| 737|0x00000000ee100000, 0x00000000ee1ffff8, 0x00000000ee200000| 99%| O|  |TAMS 0x00000000ee100000| PB 0x00000000ee100000| Untracked |  0
| 738|0x00000000ee200000, 0x00000000ee2ffbd0, 0x00000000ee300000| 99%| O|  |TAMS 0x00000000ee200000| PB 0x00000000ee200000| Untracked |  0
| 739|0x00000000ee300000, 0x00000000ee3ffc20, 0x00000000ee400000| 99%| O|  |TAMS 0x00000000ee300000| PB 0x00000000ee300000| Untracked |  0
| 740|0x00000000ee400000, 0x00000000ee4ffbf0, 0x00000000ee500000| 99%| O|  |TAMS 0x00000000ee400000| PB 0x00000000ee400000| Untracked |  0
| 741|0x00000000ee500000, 0x00000000ee5fe1c8, 0x00000000ee600000| 99%| O|  |TAMS 0x00000000ee500000| PB 0x00000000ee500000| Untracked |  0
| 742|0x00000000ee600000, 0x00000000ee6ff388, 0x00000000ee700000| 99%| O|  |TAMS 0x00000000ee600000| PB 0x00000000ee600000| Untracked |  0
| 743|0x00000000ee700000, 0x00000000ee7fe9a8, 0x00000000ee800000| 99%| O|  |TAMS 0x00000000ee700000| PB 0x00000000ee700000| Untracked |  0
| 744|0x00000000ee800000, 0x00000000ee8ffcf0, 0x00000000ee900000| 99%| O|  |TAMS 0x00000000ee800000| PB 0x00000000ee800000| Untracked |  0
| 745|0x00000000ee900000, 0x00000000ee9fff18, 0x00000000eea00000| 99%| O|  |TAMS 0x00000000ee900000| PB 0x00000000ee900000| Untracked |  0
| 746|0x00000000eea00000, 0x00000000eeafff00, 0x00000000eeb00000| 99%| O|  |TAMS 0x00000000eea00000| PB 0x00000000eea00000| Untracked |  0
| 747|0x00000000eeb00000, 0x00000000eebfff00, 0x00000000eec00000| 99%| O|  |TAMS 0x00000000eeb00000| PB 0x00000000eeb00000| Untracked |  0
| 748|0x00000000eec00000, 0x00000000eecfff00, 0x00000000eed00000| 99%| O|  |TAMS 0x00000000eec00000| PB 0x00000000eec00000| Untracked |  0
| 749|0x00000000eed00000, 0x00000000eedffe20, 0x00000000eee00000| 99%| O|  |TAMS 0x00000000eed00000| PB 0x00000000eed00000| Untracked |  0
| 750|0x00000000eee00000, 0x00000000eeefff58, 0x00000000eef00000| 99%| O|  |TAMS 0x00000000eee00000| PB 0x00000000eee00000| Untracked |  0
| 751|0x00000000eef00000, 0x00000000eeffff00, 0x00000000ef000000| 99%| O|  |TAMS 0x00000000eef00000| PB 0x00000000eef00000| Untracked |  0
| 752|0x00000000ef000000, 0x00000000ef0ff3e0, 0x00000000ef100000| 99%| O|  |TAMS 0x00000000ef000000| PB 0x00000000ef000000| Untracked |  0
| 753|0x00000000ef100000, 0x00000000ef1ffdb0, 0x00000000ef200000| 99%| O|  |TAMS 0x00000000ef100000| PB 0x00000000ef100000| Untracked |  0
| 754|0x00000000ef200000, 0x00000000ef2fff00, 0x00000000ef300000| 99%| O|  |TAMS 0x00000000ef200000| PB 0x00000000ef200000| Untracked |  0
| 755|0x00000000ef300000, 0x00000000ef3fe740, 0x00000000ef400000| 99%| O|  |TAMS 0x00000000ef300000| PB 0x00000000ef300000| Untracked |  0
| 756|0x00000000ef400000, 0x00000000ef4fee90, 0x00000000ef500000| 99%| O|  |TAMS 0x00000000ef400000| PB 0x00000000ef400000| Untracked |  0
| 757|0x00000000ef500000, 0x00000000ef5ffbf0, 0x00000000ef600000| 99%| O|  |TAMS 0x00000000ef500000| PB 0x00000000ef500000| Untracked |  0
| 758|0x00000000ef600000, 0x00000000ef6fff00, 0x00000000ef700000| 99%| O|  |TAMS 0x00000000ef600000| PB 0x00000000ef600000| Untracked |  0
| 759|0x00000000ef700000, 0x00000000ef7fff00, 0x00000000ef800000| 99%| O|  |TAMS 0x00000000ef700000| PB 0x00000000ef700000| Untracked |  0
| 760|0x00000000ef800000, 0x00000000ef8ffe20, 0x00000000ef900000| 99%| O|  |TAMS 0x00000000ef800000| PB 0x00000000ef800000| Untracked |  0
| 761|0x00000000ef900000, 0x00000000ef9ffb10, 0x00000000efa00000| 99%| O|  |TAMS 0x00000000ef900000| PB 0x00000000ef900000| Untracked |  0
| 762|0x00000000efa00000, 0x00000000efaff2d0, 0x00000000efb00000| 99%| O|  |TAMS 0x00000000efa00000| PB 0x00000000efa00000| Untracked |  0
| 763|0x00000000efb00000, 0x00000000efbfff00, 0x00000000efc00000| 99%| O|  |TAMS 0x00000000efb00000| PB 0x00000000efb00000| Untracked |  0
| 764|0x00000000efc00000, 0x00000000efcfff00, 0x00000000efd00000| 99%| O|  |TAMS 0x00000000efc00000| PB 0x00000000efc00000| Untracked |  0
| 765|0x00000000efd00000, 0x00000000efdfea40, 0x00000000efe00000| 99%| O|  |TAMS 0x00000000efd00000| PB 0x00000000efd00000| Untracked |  0
| 766|0x00000000efe00000, 0x00000000efeff800, 0x00000000eff00000| 99%| O|  |TAMS 0x00000000efe00000| PB 0x00000000efe00000| Untracked |  0
| 767|0x00000000eff00000, 0x00000000effffe20, 0x00000000f0000000| 99%| O|  |TAMS 0x00000000eff00000| PB 0x00000000eff00000| Untracked |  0
| 768|0x00000000f0000000, 0x00000000f00fff00, 0x00000000f0100000| 99%| O|  |TAMS 0x00000000f0000000| PB 0x00000000f0000000| Untracked |  0
| 769|0x00000000f0100000, 0x00000000f01fe820, 0x00000000f0200000| 99%| O|  |TAMS 0x00000000f0100000| PB 0x00000000f0100000| Untracked |  0
| 770|0x00000000f0200000, 0x00000000f02ffff8, 0x00000000f0300000| 99%| O|  |TAMS 0x00000000f0200000| PB 0x00000000f0200000| Untracked |  0
| 771|0x00000000f0300000, 0x00000000f03fffe0, 0x00000000f0400000| 99%| O|  |TAMS 0x00000000f0300000| PB 0x00000000f0300000| Untracked |  0
| 772|0x00000000f0400000, 0x00000000f04fff00, 0x00000000f0500000| 99%| O|  |TAMS 0x00000000f0400000| PB 0x00000000f0400000| Untracked |  0
| 773|0x00000000f0500000, 0x00000000f05ffe20, 0x00000000f0600000| 99%| O|  |TAMS 0x00000000f0500000| PB 0x00000000f0500000| Untracked |  0
| 774|0x00000000f0600000, 0x00000000f06fffe0, 0x00000000f0700000| 99%| O|  |TAMS 0x00000000f0600000| PB 0x00000000f0600000| Untracked |  0
| 775|0x00000000f0700000, 0x00000000f07ffbf0, 0x00000000f0800000| 99%| O|  |TAMS 0x00000000f0700000| PB 0x00000000f0700000| Untracked |  0
| 776|0x00000000f0800000, 0x00000000f08fe190, 0x00000000f0900000| 99%| O|  |TAMS 0x00000000f0800000| PB 0x00000000f0800000| Untracked |  0
| 777|0x00000000f0900000, 0x00000000f09fff00, 0x00000000f0a00000| 99%| O|  |TAMS 0x00000000f0900000| PB 0x00000000f0900000| Untracked |  0
| 778|0x00000000f0a00000, 0x00000000f0afe2c0, 0x00000000f0b00000| 99%| O|  |TAMS 0x00000000f0a00000| PB 0x00000000f0a00000| Untracked |  0
| 779|0x00000000f0b00000, 0x00000000f0bff5d0, 0x00000000f0c00000| 99%| O|  |TAMS 0x00000000f0b00000| PB 0x00000000f0b00000| Untracked |  0
| 780|0x00000000f0c00000, 0x00000000f0cfecb8, 0x00000000f0d00000| 99%| O|  |TAMS 0x00000000f0c00000| PB 0x00000000f0c00000| Untracked |  0
| 781|0x00000000f0d00000, 0x00000000f0dff410, 0x00000000f0e00000| 99%| O|  |TAMS 0x00000000f0d00000| PB 0x00000000f0d00000| Untracked |  0
| 782|0x00000000f0e00000, 0x00000000f0efe040, 0x00000000f0f00000| 99%| O|  |TAMS 0x00000000f0e00000| PB 0x00000000f0e00000| Untracked |  0
| 783|0x00000000f0f00000, 0x00000000f0fffb90, 0x00000000f1000000| 99%| O|  |TAMS 0x00000000f0f00000| PB 0x00000000f0f00000| Untracked |  0
| 784|0x00000000f1000000, 0x00000000f10ffe20, 0x00000000f1100000| 99%| O|  |TAMS 0x00000000f1000000| PB 0x00000000f1000000| Untracked |  0
| 785|0x00000000f1100000, 0x00000000f11ff5d0, 0x00000000f1200000| 99%| O|  |TAMS 0x00000000f1100000| PB 0x00000000f1100000| Untracked |  0
| 786|0x00000000f1200000, 0x00000000f12ffc98, 0x00000000f1300000| 99%| O|  |TAMS 0x00000000f1200000| PB 0x00000000f1200000| Untracked |  0
| 787|0x00000000f1300000, 0x00000000f13fff18, 0x00000000f1400000| 99%| O|  |TAMS 0x00000000f1300000| PB 0x00000000f1300000| Untracked |  0
| 788|0x00000000f1400000, 0x00000000f14fe200, 0x00000000f1500000| 99%| O|  |TAMS 0x00000000f1400000| PB 0x00000000f1400000| Untracked |  0
| 789|0x00000000f1500000, 0x00000000f15ff178, 0x00000000f1600000| 99%| O|  |TAMS 0x00000000f1500000| PB 0x00000000f1500000| Untracked |  0
| 790|0x00000000f1600000, 0x00000000f16fe748, 0x00000000f1700000| 99%| O|  |TAMS 0x00000000f1600000| PB 0x00000000f1600000| Untracked |  0
| 791|0x00000000f1700000, 0x00000000f17fe0b0, 0x00000000f1800000| 99%| O|  |TAMS 0x00000000f1700000| PB 0x00000000f1700000| Untracked |  0
| 792|0x00000000f1800000, 0x00000000f18fff70, 0x00000000f1900000| 99%| O|  |TAMS 0x00000000f1800000| PB 0x00000000f1800000| Untracked |  0
| 793|0x00000000f1900000, 0x00000000f19ff4f0, 0x00000000f1a00000| 99%| O|  |TAMS 0x00000000f1900000| PB 0x00000000f1900000| Untracked |  0
| 794|0x00000000f1a00000, 0x00000000f1affa20, 0x00000000f1b00000| 99%| O|  |TAMS 0x00000000f1a00000| PB 0x00000000f1a00000| Untracked |  0
| 795|0x00000000f1b00000, 0x00000000f1bfee50, 0x00000000f1c00000| 99%| O|  |TAMS 0x00000000f1b00000| PB 0x00000000f1b00000| Untracked |  0
| 796|0x00000000f1c00000, 0x00000000f1cffff0, 0x00000000f1d00000| 99%| O|  |TAMS 0x00000000f1c00000| PB 0x00000000f1c00000| Untracked |  0
| 797|0x00000000f1d00000, 0x00000000f1dffa38, 0x00000000f1e00000| 99%| O|  |TAMS 0x00000000f1d00000| PB 0x00000000f1d00000| Untracked |  0
| 798|0x00000000f1e00000, 0x00000000f1effff8, 0x00000000f1f00000| 99%| O|  |TAMS 0x00000000f1e00000| PB 0x00000000f1e00000| Untracked |  0
| 799|0x00000000f1f00000, 0x00000000f1fffe20, 0x00000000f2000000| 99%| O|  |TAMS 0x00000000f1f00000| PB 0x00000000f1f00000| Untracked |  0
| 800|0x00000000f2000000, 0x00000000f20fff00, 0x00000000f2100000| 99%| O|  |TAMS 0x00000000f2000000| PB 0x00000000f2000000| Untracked |  0
| 801|0x00000000f2100000, 0x00000000f21fff00, 0x00000000f2200000| 99%| O|  |TAMS 0x00000000f2100000| PB 0x00000000f2100000| Untracked |  0
| 802|0x00000000f2200000, 0x00000000f22fe5f8, 0x00000000f2300000| 99%| O|  |TAMS 0x00000000f2200000| PB 0x00000000f2200000| Untracked |  0
| 803|0x00000000f2300000, 0x00000000f23ffb60, 0x00000000f2400000| 99%| O|  |TAMS 0x00000000f2300000| PB 0x00000000f2300000| Untracked |  0
| 804|0x00000000f2400000, 0x00000000f24fe040, 0x00000000f2500000| 99%| O|  |TAMS 0x00000000f2400000| PB 0x00000000f2400000| Untracked |  0
| 805|0x00000000f2500000, 0x00000000f25fe200, 0x00000000f2600000| 99%| O|  |TAMS 0x00000000f2500000| PB 0x00000000f2500000| Untracked |  0
| 806|0x00000000f2600000, 0x00000000f26ffe20, 0x00000000f2700000| 99%| O|  |TAMS 0x00000000f2600000| PB 0x00000000f2600000| Untracked |  0
| 807|0x00000000f2700000, 0x00000000f27feba8, 0x00000000f2800000| 99%| O|  |TAMS 0x00000000f2700000| PB 0x00000000f2700000| Untracked |  0
| 808|0x00000000f2800000, 0x00000000f28ffff0, 0x00000000f2900000| 99%| O|  |TAMS 0x00000000f2800000| PB 0x00000000f2800000| Untracked |  0
| 809|0x00000000f2900000, 0x00000000f29fe688, 0x00000000f2a00000| 99%| O|  |TAMS 0x00000000f2900000| PB 0x00000000f2900000| Untracked |  0
| 810|0x00000000f2a00000, 0x00000000f2afffe0, 0x00000000f2b00000| 99%| O|  |TAMS 0x00000000f2a00000| PB 0x00000000f2a00000| Untracked |  0
| 811|0x00000000f2b00000, 0x00000000f2bffff8, 0x00000000f2c00000| 99%| O|  |TAMS 0x00000000f2b00000| PB 0x00000000f2b00000| Untracked |  0
| 812|0x00000000f2c00000, 0x00000000f2cff800, 0x00000000f2d00000| 99%| O|  |TAMS 0x00000000f2c00000| PB 0x00000000f2c00000| Untracked |  0
| 813|0x00000000f2d00000, 0x00000000f2dff578, 0x00000000f2e00000| 99%| O|  |TAMS 0x00000000f2d00000| PB 0x00000000f2d00000| Untracked |  0
| 814|0x00000000f2e00000, 0x00000000f2efe8f8, 0x00000000f2f00000| 99%| O|  |TAMS 0x00000000f2e00000| PB 0x00000000f2e00000| Untracked |  0
| 815|0x00000000f2f00000, 0x00000000f2ffff00, 0x00000000f3000000| 99%| O|  |TAMS 0x00000000f2f00000| PB 0x00000000f2f00000| Untracked |  0
| 816|0x00000000f3000000, 0x00000000f30fff68, 0x00000000f3100000| 99%| O|  |TAMS 0x00000000f3000000| PB 0x00000000f3000000| Untracked |  0
| 817|0x00000000f3100000, 0x00000000f31fff10, 0x00000000f3200000| 99%| O|  |TAMS 0x00000000f3100000| PB 0x00000000f3100000| Untracked |  0
| 818|0x00000000f3200000, 0x00000000f32fff00, 0x00000000f3300000| 99%| O|  |TAMS 0x00000000f3200000| PB 0x00000000f3200000| Untracked |  0
| 819|0x00000000f3300000, 0x00000000f33ffff0, 0x00000000f3400000| 99%| O|  |TAMS 0x00000000f3300000| PB 0x00000000f3300000| Untracked |  0
| 820|0x00000000f3400000, 0x00000000f34fff00, 0x00000000f3500000| 99%| O|  |TAMS 0x00000000f3400000| PB 0x00000000f3400000| Untracked |  0
| 821|0x00000000f3500000, 0x00000000f35ffa50, 0x00000000f3600000| 99%| O|  |TAMS 0x00000000f3500000| PB 0x00000000f3500000| Untracked |  0
| 822|0x00000000f3600000, 0x00000000f3700000, 0x00000000f3700000|100%| O|  |TAMS 0x00000000f3600000| PB 0x00000000f3600000| Untracked |  0
| 823|0x00000000f3700000, 0x00000000f37fe378, 0x00000000f3800000| 99%| O|  |TAMS 0x00000000f3700000| PB 0x00000000f3700000| Untracked |  0
| 824|0x00000000f3800000, 0x00000000f38ffff0, 0x00000000f3900000| 99%| O|  |TAMS 0x00000000f3800000| PB 0x00000000f3800000| Untracked |  0
| 825|0x00000000f3900000, 0x00000000f39fe2e0, 0x00000000f3a00000| 99%| O|  |TAMS 0x00000000f3900000| PB 0x00000000f3900000| Untracked |  0
| 826|0x00000000f3a00000, 0x00000000f3afea28, 0x00000000f3b00000| 99%| O|  |TAMS 0x00000000f3a00000| PB 0x00000000f3a00000| Untracked |  0
| 827|0x00000000f3b00000, 0x00000000f3bfff00, 0x00000000f3c00000| 99%| O|  |TAMS 0x00000000f3b00000| PB 0x00000000f3b00000| Untracked |  0
| 828|0x00000000f3c00000, 0x00000000f3cffdd0, 0x00000000f3d00000| 99%| O|  |TAMS 0x00000000f3c00000| PB 0x00000000f3c00000| Untracked |  0
| 829|0x00000000f3d00000, 0x00000000f3e00000, 0x00000000f3e00000|100%| O|  |TAMS 0x00000000f3d00000| PB 0x00000000f3d00000| Untracked |  0
| 830|0x00000000f3e00000, 0x00000000f3efe9e8, 0x00000000f3f00000| 99%| O|  |TAMS 0x00000000f3e00000| PB 0x00000000f3e00000| Untracked |  0
| 831|0x00000000f3f00000, 0x00000000f3fffc20, 0x00000000f4000000| 99%| O|  |TAMS 0x00000000f3f00000| PB 0x00000000f3f00000| Untracked |  0
| 832|0x00000000f4000000, 0x00000000f40f52f0, 0x00000000f4100000| 95%| O|  |TAMS 0x00000000f4000000| PB 0x00000000f4000000| Untracked |  0
| 833|0x00000000f4100000, 0x00000000f41ff4e0, 0x00000000f4200000| 99%| O|  |TAMS 0x00000000f4100000| PB 0x00000000f4100000| Untracked |  0
| 834|0x00000000f4200000, 0x00000000f42ff640, 0x00000000f4300000| 99%| O|  |TAMS 0x00000000f4200000| PB 0x00000000f4200000| Untracked |  0
| 835|0x00000000f4300000, 0x00000000f43fffa0, 0x00000000f4400000| 99%| O|  |TAMS 0x00000000f4300000| PB 0x00000000f4300000| Untracked |  0
| 836|0x00000000f4400000, 0x00000000f44f5e10, 0x00000000f4500000| 96%| O|  |TAMS 0x00000000f4400000| PB 0x00000000f4400000| Untracked |  0
| 837|0x00000000f4500000, 0x00000000f45ff600, 0x00000000f4600000| 99%| O|  |TAMS 0x00000000f4500000| PB 0x00000000f4500000| Untracked |  0
| 838|0x00000000f4600000, 0x00000000f46fff40, 0x00000000f4700000| 99%| O|  |TAMS 0x00000000f4600000| PB 0x00000000f4600000| Untracked |  0
| 839|0x00000000f4700000, 0x00000000f47ffff8, 0x00000000f4800000| 99%| O|  |TAMS 0x00000000f4700000| PB 0x00000000f4700000| Untracked |  0
| 840|0x00000000f4800000, 0x00000000f48fe210, 0x00000000f4900000| 99%| O|  |TAMS 0x00000000f4800000| PB 0x00000000f4800000| Untracked |  0
| 841|0x00000000f4900000, 0x00000000f49fbbd8, 0x00000000f4a00000| 98%| O|  |TAMS 0x00000000f4900000| PB 0x00000000f4900000| Untracked |  0
| 842|0x00000000f4a00000, 0x00000000f4affff8, 0x00000000f4b00000| 99%| O|  |TAMS 0x00000000f4a00000| PB 0x00000000f4a00000| Untracked |  0
| 843|0x00000000f4b00000, 0x00000000f4c00000, 0x00000000f4c00000|100%| O|  |TAMS 0x00000000f4b00000| PB 0x00000000f4b00000| Untracked |  0
| 844|0x00000000f4c00000, 0x00000000f4cffff8, 0x00000000f4d00000| 99%| O|  |TAMS 0x00000000f4c00000| PB 0x00000000f4c00000| Untracked |  0
| 845|0x00000000f4d00000, 0x00000000f4dfe010, 0x00000000f4e00000| 99%| O|  |TAMS 0x00000000f4d00000| PB 0x00000000f4d00000| Untracked |  0
| 846|0x00000000f4e00000, 0x00000000f4ef45b8, 0x00000000f4f00000| 95%| O|  |TAMS 0x00000000f4e00000| PB 0x00000000f4e00000| Untracked |  0
| 847|0x00000000f4f00000, 0x00000000f5000000, 0x00000000f5000000|100%| O|  |TAMS 0x00000000f4f00000| PB 0x00000000f4f00000| Untracked |  0
| 848|0x00000000f5000000, 0x00000000f50feb68, 0x00000000f5100000| 99%| O|  |TAMS 0x00000000f5000000| PB 0x00000000f5000000| Untracked |  0
| 849|0x00000000f5100000, 0x00000000f51fe610, 0x00000000f5200000| 99%| O|  |TAMS 0x00000000f5100000| PB 0x00000000f5100000| Untracked |  0
| 850|0x00000000f5200000, 0x00000000f52fff40, 0x00000000f5300000| 99%| O|  |TAMS 0x00000000f5200000| PB 0x00000000f5200000| Untracked |  0
| 851|0x00000000f5300000, 0x00000000f53ffec0, 0x00000000f5400000| 99%| O|  |TAMS 0x00000000f5300000| PB 0x00000000f5300000| Untracked |  0
| 852|0x00000000f5400000, 0x00000000f54ff560, 0x00000000f5500000| 99%| O|  |TAMS 0x00000000f5400000| PB 0x00000000f5400000| Untracked |  0
| 853|0x00000000f5500000, 0x00000000f55ff3b8, 0x00000000f5600000| 99%| O|  |TAMS 0x00000000f5500000| PB 0x00000000f5500000| Untracked |  0
| 854|0x00000000f5600000, 0x00000000f56fbec8, 0x00000000f5700000| 98%| O|  |TAMS 0x00000000f5600000| PB 0x00000000f5600000| Untracked |  0
| 855|0x00000000f5700000, 0x00000000f57ffab0, 0x00000000f5800000| 99%| O|  |TAMS 0x00000000f5700000| PB 0x00000000f5700000| Untracked |  0
| 856|0x00000000f5800000, 0x00000000f58ff9e8, 0x00000000f5900000| 99%| O|  |TAMS 0x00000000f5800000| PB 0x00000000f5800000| Untracked |  0
| 857|0x00000000f5900000, 0x00000000f59fe020, 0x00000000f5a00000| 99%| O|  |TAMS 0x00000000f5900000| PB 0x00000000f5900000| Untracked |  0
| 858|0x00000000f5a00000, 0x00000000f5affff8, 0x00000000f5b00000| 99%| O|  |TAMS 0x00000000f5a00000| PB 0x00000000f5a00000| Untracked |  0
| 859|0x00000000f5b00000, 0x00000000f5bfe268, 0x00000000f5c00000| 99%| O|  |TAMS 0x00000000f5b00000| PB 0x00000000f5b00000| Untracked |  0
| 860|0x00000000f5c00000, 0x00000000f5cffff8, 0x00000000f5d00000| 99%| O|  |TAMS 0x00000000f5c00000| PB 0x00000000f5c00000| Untracked |  0
| 861|0x00000000f5d00000, 0x00000000f5dfe0a0, 0x00000000f5e00000| 99%| O|  |TAMS 0x00000000f5d00000| PB 0x00000000f5d00000| Untracked |  0
| 862|0x00000000f5e00000, 0x00000000f5effff0, 0x00000000f5f00000| 99%| O|  |TAMS 0x00000000f5e00000| PB 0x00000000f5e00000| Untracked |  0
| 863|0x00000000f5f00000, 0x00000000f5ffff00, 0x00000000f6000000| 99%| O|  |TAMS 0x00000000f5f00000| PB 0x00000000f5f00000| Untracked |  0
| 864|0x00000000f6000000, 0x00000000f60ffe90, 0x00000000f6100000| 99%| O|  |TAMS 0x00000000f6000000| PB 0x00000000f6000000| Untracked |  0
| 865|0x00000000f6100000, 0x00000000f61ffd40, 0x00000000f6200000| 99%| O|  |TAMS 0x00000000f6100000| PB 0x00000000f6100000| Untracked |  0
| 866|0x00000000f6200000, 0x00000000f62feac8, 0x00000000f6300000| 99%| O|  |TAMS 0x00000000f6200000| PB 0x00000000f6200000| Untracked |  0
| 867|0x00000000f6300000, 0x00000000f63fe640, 0x00000000f6400000| 99%| O|  |TAMS 0x00000000f6300000| PB 0x00000000f6300000| Untracked |  0
| 868|0x00000000f6400000, 0x00000000f64ff708, 0x00000000f6500000| 99%| O|  |TAMS 0x00000000f6400000| PB 0x00000000f6400000| Untracked |  0
| 869|0x00000000f6500000, 0x00000000f65fff00, 0x00000000f6600000| 99%| O|  |TAMS 0x00000000f6500000| PB 0x00000000f6500000| Untracked |  0
| 870|0x00000000f6600000, 0x00000000f6700000, 0x00000000f6700000|100%| O|  |TAMS 0x00000000f6600000| PB 0x00000000f6600000| Untracked |  0
| 871|0x00000000f6700000, 0x00000000f67f8160, 0x00000000f6800000| 96%| O|  |TAMS 0x00000000f6700000| PB 0x00000000f6700000| Untracked |  0
| 872|0x00000000f6800000, 0x00000000f68fffe8, 0x00000000f6900000| 99%| O|  |TAMS 0x00000000f6800000| PB 0x00000000f6800000| Untracked |  0
| 873|0x00000000f6900000, 0x00000000f6a00000, 0x00000000f6a00000|100%| O|  |TAMS 0x00000000f6900000| PB 0x00000000f6900000| Untracked |  0
| 874|0x00000000f6a00000, 0x00000000f6afff00, 0x00000000f6b00000| 99%| O|  |TAMS 0x00000000f6a00000| PB 0x00000000f6a00000| Untracked |  0
| 875|0x00000000f6b00000, 0x00000000f6bfe9c8, 0x00000000f6c00000| 99%| O|  |TAMS 0x00000000f6b00000| PB 0x00000000f6b00000| Untracked |  0
| 876|0x00000000f6c00000, 0x00000000f6cffec0, 0x00000000f6d00000| 99%| O|  |TAMS 0x00000000f6c00000| PB 0x00000000f6c00000| Untracked |  0
| 877|0x00000000f6d00000, 0x00000000f6e00000, 0x00000000f6e00000|100%| O|  |TAMS 0x00000000f6d00000| PB 0x00000000f6d00000| Untracked |  0
| 878|0x00000000f6e00000, 0x00000000f6efe270, 0x00000000f6f00000| 99%| O|  |TAMS 0x00000000f6e00000| PB 0x00000000f6e00000| Untracked |  0
| 879|0x00000000f6f00000, 0x00000000f6fffd58, 0x00000000f7000000| 99%| O|  |TAMS 0x00000000f6f00000| PB 0x00000000f6f00000| Untracked |  0
| 880|0x00000000f7000000, 0x00000000f70ffdb0, 0x00000000f7100000| 99%| O|  |TAMS 0x00000000f7000000| PB 0x00000000f7000000| Untracked |  0
| 881|0x00000000f7100000, 0x00000000f71ffff0, 0x00000000f7200000| 99%| O|  |TAMS 0x00000000f7100000| PB 0x00000000f7100000| Untracked |  0
| 882|0x00000000f7200000, 0x00000000f72fe120, 0x00000000f7300000| 99%| O|  |TAMS 0x00000000f7200000| PB 0x00000000f7200000| Untracked |  0
| 883|0x00000000f7300000, 0x00000000f73fff00, 0x00000000f7400000| 99%| O|  |TAMS 0x00000000f7300000| PB 0x00000000f7300000| Untracked |  0
| 884|0x00000000f7400000, 0x00000000f74ffff0, 0x00000000f7500000| 99%| O|  |TAMS 0x00000000f7400000| PB 0x00000000f7400000| Untracked |  0
| 885|0x00000000f7500000, 0x00000000f75fece0, 0x00000000f7600000| 99%| O|  |TAMS 0x00000000f7500000| PB 0x00000000f7500000| Untracked |  0
| 886|0x00000000f7600000, 0x00000000f76fe768, 0x00000000f7700000| 99%| O|  |TAMS 0x00000000f7600000| PB 0x00000000f7600000| Untracked |  0
| 887|0x00000000f7700000, 0x00000000f77fe740, 0x00000000f7800000| 99%| O|  |TAMS 0x00000000f7700000| PB 0x00000000f7700000| Untracked |  0
| 888|0x00000000f7800000, 0x00000000f78fff00, 0x00000000f7900000| 99%| O|  |TAMS 0x00000000f7800000| PB 0x00000000f7800000| Untracked |  0
| 889|0x00000000f7900000, 0x00000000f79ffe20, 0x00000000f7a00000| 99%| O|  |TAMS 0x00000000f7900000| PB 0x00000000f7900000| Untracked |  0
| 890|0x00000000f7a00000, 0x00000000f7affc40, 0x00000000f7b00000| 99%| O|  |TAMS 0x00000000f7a00000| PB 0x00000000f7a00000| Untracked |  0
| 891|0x00000000f7b00000, 0x00000000f7bffa88, 0x00000000f7c00000| 99%| O|  |TAMS 0x00000000f7b00000| PB 0x00000000f7b00000| Untracked |  0
| 892|0x00000000f7c00000, 0x00000000f7cfe6e0, 0x00000000f7d00000| 99%| O|  |TAMS 0x00000000f7c00000| PB 0x00000000f7c00000| Untracked |  0
| 893|0x00000000f7d00000, 0x00000000f7dfffe8, 0x00000000f7e00000| 99%| O|  |TAMS 0x00000000f7d00000| PB 0x00000000f7d00000| Untracked |  0
| 894|0x00000000f7e00000, 0x00000000f7eff580, 0x00000000f7f00000| 99%| O|  |TAMS 0x00000000f7e00000| PB 0x00000000f7e00000| Untracked |  0
| 895|0x00000000f7f00000, 0x00000000f7ffff40, 0x00000000f8000000| 99%| O|  |TAMS 0x00000000f7f00000| PB 0x00000000f7f00000| Untracked |  0
| 896|0x00000000f8000000, 0x00000000f80fff58, 0x00000000f8100000| 99%| O|  |TAMS 0x00000000f8000000| PB 0x00000000f8000000| Untracked |  0
| 897|0x00000000f8100000, 0x00000000f81feb90, 0x00000000f8200000| 99%| O|  |TAMS 0x00000000f8100000| PB 0x00000000f8100000| Untracked |  0
| 898|0x00000000f8200000, 0x00000000f82ffec0, 0x00000000f8300000| 99%| O|  |TAMS 0x00000000f8200000| PB 0x00000000f8200000| Untracked |  0
| 899|0x00000000f8300000, 0x00000000f8400000, 0x00000000f8400000|100%| O|  |TAMS 0x00000000f8300000| PB 0x00000000f8300000| Untracked |  0
| 900|0x00000000f8400000, 0x00000000f84ffff0, 0x00000000f8500000| 99%| O|  |TAMS 0x00000000f8400000| PB 0x00000000f8400000| Untracked |  0
| 901|0x00000000f8500000, 0x00000000f85fff00, 0x00000000f8600000| 99%| O|  |TAMS 0x00000000f8500000| PB 0x00000000f8500000| Untracked |  0
| 902|0x00000000f8600000, 0x00000000f86ffdb0, 0x00000000f8700000| 99%| O|  |TAMS 0x00000000f8600000| PB 0x00000000f8600000| Untracked |  0
| 903|0x00000000f8700000, 0x00000000f87fe820, 0x00000000f8800000| 99%| O|  |TAMS 0x00000000f8700000| PB 0x00000000f8700000| Untracked |  0
| 904|0x00000000f8800000, 0x00000000f88fff00, 0x00000000f8900000| 99%| O|  |TAMS 0x00000000f8800000| PB 0x00000000f8800000| Untracked |  0
| 905|0x00000000f8900000, 0x00000000f89fff00, 0x00000000f8a00000| 99%| O|  |TAMS 0x00000000f8900000| PB 0x00000000f8900000| Untracked |  0
| 906|0x00000000f8a00000, 0x00000000f8afff00, 0x00000000f8b00000| 99%| O|  |TAMS 0x00000000f8a00000| PB 0x00000000f8a00000| Untracked |  0
| 907|0x00000000f8b00000, 0x00000000f8bfff00, 0x00000000f8c00000| 99%| O|  |TAMS 0x00000000f8b00000| PB 0x00000000f8b00000| Untracked |  0
| 908|0x00000000f8c00000, 0x00000000f8cffcd0, 0x00000000f8d00000| 99%| O|  |TAMS 0x00000000f8c00000| PB 0x00000000f8c00000| Untracked |  0
| 909|0x00000000f8d00000, 0x00000000f8dfff00, 0x00000000f8e00000| 99%| O|  |TAMS 0x00000000f8d00000| PB 0x00000000f8d00000| Untracked |  0
| 910|0x00000000f8e00000, 0x00000000f8efe6f0, 0x00000000f8f00000| 99%| O|  |TAMS 0x00000000f8e00000| PB 0x00000000f8e00000| Untracked |  0
| 911|0x00000000f8f00000, 0x00000000f8ffff00, 0x00000000f9000000| 99%| O|  |TAMS 0x00000000f8f00000| PB 0x00000000f8f00000| Untracked |  0
| 912|0x00000000f9000000, 0x00000000f90ffef0, 0x00000000f9100000| 99%| O|  |TAMS 0x00000000f9000000| PB 0x00000000f9000000| Untracked |  0
| 913|0x00000000f9100000, 0x00000000f91ffcc0, 0x00000000f9200000| 99%| O|  |TAMS 0x00000000f9100000| PB 0x00000000f9100000| Untracked |  0
| 914|0x00000000f9200000, 0x00000000f92ffff0, 0x00000000f9300000| 99%| O|  |TAMS 0x00000000f9200000| PB 0x00000000f9200000| Untracked |  0
| 915|0x00000000f9300000, 0x00000000f93ffe20, 0x00000000f9400000| 99%| O|  |TAMS 0x00000000f9300000| PB 0x00000000f9300000| Untracked |  0
| 916|0x00000000f9400000, 0x00000000f94fe0b0, 0x00000000f9500000| 99%| O|  |TAMS 0x00000000f9400000| PB 0x00000000f9400000| Untracked |  0
| 917|0x00000000f9500000, 0x00000000f95fe3c0, 0x00000000f9600000| 99%| O|  |TAMS 0x00000000f9500000| PB 0x00000000f9500000| Untracked |  0
| 918|0x00000000f9600000, 0x00000000f96ff040, 0x00000000f9700000| 99%| O|  |TAMS 0x00000000f9600000| PB 0x00000000f9600000| Untracked |  0
| 919|0x00000000f9700000, 0x00000000f97fff00, 0x00000000f9800000| 99%| O|  |TAMS 0x00000000f9700000| PB 0x00000000f9700000| Untracked |  0
| 920|0x00000000f9800000, 0x00000000f98fffc0, 0x00000000f9900000| 99%| O|  |TAMS 0x00000000f9800000| PB 0x00000000f9800000| Untracked |  0
| 921|0x00000000f9900000, 0x00000000f99ffff8, 0x00000000f9a00000| 99%| O|  |TAMS 0x00000000f9900000| PB 0x00000000f9900000| Untracked |  0
| 922|0x00000000f9a00000, 0x00000000f9afff08, 0x00000000f9b00000| 99%| O|  |TAMS 0x00000000f9a00000| PB 0x00000000f9a00000| Untracked |  0
| 923|0x00000000f9b00000, 0x00000000f9bfff00, 0x00000000f9c00000| 99%| O|  |TAMS 0x00000000f9b00000| PB 0x00000000f9b00000| Untracked |  0
| 924|0x00000000f9c00000, 0x00000000f9cfff00, 0x00000000f9d00000| 99%| O|  |TAMS 0x00000000f9c00000| PB 0x00000000f9c00000| Untracked |  0
| 925|0x00000000f9d00000, 0x00000000f9dffb38, 0x00000000f9e00000| 99%| O|  |TAMS 0x00000000f9d00000| PB 0x00000000f9d00000| Untracked |  0
| 926|0x00000000f9e00000, 0x00000000f9efe1a8, 0x00000000f9f00000| 99%| O|  |TAMS 0x00000000f9e00000| PB 0x00000000f9e00000| Untracked |  0
| 927|0x00000000f9f00000, 0x00000000f9fff508, 0x00000000fa000000| 99%| O|  |TAMS 0x00000000f9f00000| PB 0x00000000f9f00000| Untracked |  0
| 928|0x00000000fa000000, 0x00000000fa0ff330, 0x00000000fa100000| 99%| O|  |TAMS 0x00000000fa000000| PB 0x00000000fa000000| Untracked |  0
| 929|0x00000000fa100000, 0x00000000fa1ffe90, 0x00000000fa200000| 99%| O|  |TAMS 0x00000000fa100000| PB 0x00000000fa100000| Untracked |  0
| 930|0x00000000fa200000, 0x00000000fa2ff5d0, 0x00000000fa300000| 99%| O|  |TAMS 0x00000000fa200000| PB 0x00000000fa200000| Untracked |  0
| 931|0x00000000fa300000, 0x00000000fa3fe968, 0x00000000fa400000| 99%| O|  |TAMS 0x00000000fa300000| PB 0x00000000fa300000| Untracked |  0
| 932|0x00000000fa400000, 0x00000000fa4fff90, 0x00000000fa500000| 99%| O|  |TAMS 0x00000000fa400000| PB 0x00000000fa400000| Untracked |  0
| 933|0x00000000fa500000, 0x00000000fa5ff890, 0x00000000fa600000| 99%| O|  |TAMS 0x00000000fa500000| PB 0x00000000fa5ff890| Untracked |  0
| 934|0x00000000fa600000, 0x00000000fa6ff8e0, 0x00000000fa700000| 99%| O|  |TAMS 0x00000000fa600000| PB 0x00000000fa6ff8e0| Untracked |  0
| 935|0x00000000fa700000, 0x00000000fa7fef70, 0x00000000fa800000| 99%| O|  |TAMS 0x00000000fa700000| PB 0x00000000fa7fef70| Untracked |  0
| 936|0x00000000fa800000, 0x00000000fa8ff870, 0x00000000fa900000| 99%| O|  |TAMS 0x00000000fa800000| PB 0x00000000fa8ff870| Untracked |  0
| 937|0x00000000fa900000, 0x00000000fa9ffe20, 0x00000000faa00000| 99%| O|  |TAMS 0x00000000fa900000| PB 0x00000000fa9ffe20| Untracked |  0
| 938|0x00000000faa00000, 0x00000000faafffb8, 0x00000000fab00000| 99%| O|  |TAMS 0x00000000faa00000| PB 0x00000000faafffb8| Untracked |  0
| 939|0x00000000fab00000, 0x00000000fabffe70, 0x00000000fac00000| 99%| O|  |TAMS 0x00000000fab00000| PB 0x00000000fabffe70| Untracked |  0
| 940|0x00000000fac00000, 0x00000000facfefb0, 0x00000000fad00000| 99%| O|  |TAMS 0x00000000fac00000| PB 0x00000000facfefb0| Untracked |  0
| 941|0x00000000fad00000, 0x00000000fadfdff8, 0x00000000fae00000| 99%| O|  |TAMS 0x00000000fad00000| PB 0x00000000fadfdff8| Untracked |  0
| 942|0x00000000fae00000, 0x00000000faefea20, 0x00000000faf00000| 99%| O|  |TAMS 0x00000000fae00000| PB 0x00000000faefea20| Untracked |  0
| 943|0x00000000faf00000, 0x00000000faffff20, 0x00000000fb000000| 99%| O|  |TAMS 0x00000000faf00000| PB 0x00000000faffff20| Untracked |  0
| 944|0x00000000fb000000, 0x00000000fb0ffc78, 0x00000000fb100000| 99%| O|  |TAMS 0x00000000fb000000| PB 0x00000000fb0ffc78| Untracked |  0
| 945|0x00000000fb100000, 0x00000000fb1fe780, 0x00000000fb200000| 99%| O|  |TAMS 0x00000000fb100000| PB 0x00000000fb1fe780| Untracked |  0
| 946|0x00000000fb200000, 0x00000000fb2ffc20, 0x00000000fb300000| 99%| O|  |TAMS 0x00000000fb200000| PB 0x00000000fb2ffc20| Untracked |  0
| 947|0x00000000fb300000, 0x00000000fb3fe5b8, 0x00000000fb400000| 99%| O|  |TAMS 0x00000000fb300000| PB 0x00000000fb3fe5b8| Untracked |  0
| 948|0x00000000fb400000, 0x00000000fb4ffcd0, 0x00000000fb500000| 99%| O|  |TAMS 0x00000000fb400000| PB 0x00000000fb4ffcd0| Untracked |  0
| 949|0x00000000fb500000, 0x00000000fb5ffe48, 0x00000000fb600000| 99%| O|  |TAMS 0x00000000fb500000| PB 0x00000000fb5ffe48| Untracked |  0
| 950|0x00000000fb600000, 0x00000000fb6ff220, 0x00000000fb700000| 99%| O|  |TAMS 0x00000000fb600000| PB 0x00000000fb6ff220| Untracked |  0
| 951|0x00000000fb700000, 0x00000000fb7fe060, 0x00000000fb800000| 99%| O|  |TAMS 0x00000000fb700000| PB 0x00000000fb7fe060| Untracked |  0
| 952|0x00000000fb800000, 0x00000000fb8fff00, 0x00000000fb900000| 99%| O|  |TAMS 0x00000000fb800000| PB 0x00000000fb8fff00| Untracked |  0
| 953|0x00000000fb900000, 0x00000000fb9feb18, 0x00000000fba00000| 99%| O|  |TAMS 0x00000000fb900000| PB 0x00000000fb9feb18| Untracked |  0
| 954|0x00000000fba00000, 0x00000000fbafdff8, 0x00000000fbb00000| 99%| O|  |TAMS 0x00000000fba00000| PB 0x00000000fbafdff8| Untracked |  0
| 955|0x00000000fbb00000, 0x00000000fbbffb28, 0x00000000fbc00000| 99%| O|  |TAMS 0x00000000fbb00000| PB 0x00000000fbbffb28| Untracked |  0
| 956|0x00000000fbc00000, 0x00000000fbcff550, 0x00000000fbd00000| 99%| O|  |TAMS 0x00000000fbc00000| PB 0x00000000fbcff550| Untracked |  0
| 957|0x00000000fbd00000, 0x00000000fbdfff00, 0x00000000fbe00000| 99%| O|  |TAMS 0x00000000fbd00000| PB 0x00000000fbdfff00| Untracked |  0
| 958|0x00000000fbe00000, 0x00000000fbeffee8, 0x00000000fbf00000| 99%| O|  |TAMS 0x00000000fbe00000| PB 0x00000000fbeffee8| Untracked |  0
| 959|0x00000000fbf00000, 0x00000000fbffe540, 0x00000000fc000000| 99%| O|  |TAMS 0x00000000fbf00000| PB 0x00000000fbffe540| Untracked |  0
| 960|0x00000000fc000000, 0x00000000fc0fff00, 0x00000000fc100000| 99%| O|  |TAMS 0x00000000fc000000| PB 0x00000000fc0fff00| Untracked |  0
| 961|0x00000000fc100000, 0x00000000fc1fff00, 0x00000000fc200000| 99%| O|  |TAMS 0x00000000fc100000| PB 0x00000000fc1fff00| Untracked |  0
| 962|0x00000000fc200000, 0x00000000fc2fff00, 0x00000000fc300000| 99%| O|  |TAMS 0x00000000fc200000| PB 0x00000000fc2fff00| Untracked |  0
| 963|0x00000000fc300000, 0x00000000fc3fe678, 0x00000000fc400000| 99%| O|  |TAMS 0x00000000fc300000| PB 0x00000000fc3fe678| Untracked |  0
| 964|0x00000000fc400000, 0x00000000fc4ff228, 0x00000000fc500000| 99%| O|  |TAMS 0x00000000fc400000| PB 0x00000000fc4ff228| Untracked |  0
| 965|0x00000000fc500000, 0x00000000fc5ffb10, 0x00000000fc600000| 99%| O|  |TAMS 0x00000000fc500000| PB 0x00000000fc5ffb10| Untracked |  0
| 966|0x00000000fc600000, 0x00000000fc6fff00, 0x00000000fc700000| 99%| O|  |TAMS 0x00000000fc600000| PB 0x00000000fc6fff00| Untracked |  0
| 967|0x00000000fc700000, 0x00000000fc7fff00, 0x00000000fc800000| 99%| O|  |TAMS 0x00000000fc700000| PB 0x00000000fc7fff00| Untracked |  0
| 968|0x00000000fc800000, 0x00000000fc8fff00, 0x00000000fc900000| 99%| O|  |TAMS 0x00000000fc800000| PB 0x00000000fc8fff00| Untracked |  0
| 969|0x00000000fc900000, 0x00000000fc9ffe50, 0x00000000fca00000| 99%| O|  |TAMS 0x00000000fc900000| PB 0x00000000fc9ffe50| Untracked |  0
| 970|0x00000000fca00000, 0x00000000fcafff00, 0x00000000fcb00000| 99%| O|  |TAMS 0x00000000fca00000| PB 0x00000000fcafff00| Untracked |  0
| 971|0x00000000fcb00000, 0x00000000fcbfff00, 0x00000000fcc00000| 99%| O|  |TAMS 0x00000000fcb00000| PB 0x00000000fcbfff00| Untracked |  0
| 972|0x00000000fcc00000, 0x00000000fccffa20, 0x00000000fcd00000| 99%| O|  |TAMS 0x00000000fcc00000| PB 0x00000000fccffa20| Untracked |  0
| 973|0x00000000fcd00000, 0x00000000fcdfea70, 0x00000000fce00000| 99%| O|  |TAMS 0x00000000fcd00000| PB 0x00000000fcdfea70| Untracked |  0
| 974|0x00000000fce00000, 0x00000000fcefff00, 0x00000000fcf00000| 99%| O|  |TAMS 0x00000000fce00000| PB 0x00000000fcefff00| Untracked |  0
| 975|0x00000000fcf00000, 0x00000000fcffff00, 0x00000000fd000000| 99%| O|  |TAMS 0x00000000fcf00000| PB 0x00000000fcffff00| Untracked |  0
| 976|0x00000000fd000000, 0x00000000fd0ff970, 0x00000000fd100000| 99%| O|  |TAMS 0x00000000fd000000| PB 0x00000000fd0ff970| Untracked |  0
| 977|0x00000000fd100000, 0x00000000fd1fff00, 0x00000000fd200000| 99%| O|  |TAMS 0x00000000fd100000| PB 0x00000000fd1fff00| Untracked |  0
| 978|0x00000000fd200000, 0x00000000fd2febc0, 0x00000000fd300000| 99%| O|  |TAMS 0x00000000fd200000| PB 0x00000000fd2febc0| Untracked |  0
| 979|0x00000000fd300000, 0x00000000fd3fff00, 0x00000000fd400000| 99%| O|  |TAMS 0x00000000fd300000| PB 0x00000000fd3fff00| Untracked |  0
| 980|0x00000000fd400000, 0x00000000fd4fff00, 0x00000000fd500000| 99%| O|  |TAMS 0x00000000fd400000| PB 0x00000000fd4fff00| Untracked |  0
| 981|0x00000000fd500000, 0x00000000fd5ff998, 0x00000000fd600000| 99%| O|  |TAMS 0x00000000fd500000| PB 0x00000000fd5ff998| Untracked |  0
| 982|0x00000000fd600000, 0x00000000fd6fff00, 0x00000000fd700000| 99%| O|  |TAMS 0x00000000fd600000| PB 0x00000000fd6fff00| Untracked |  0
| 983|0x00000000fd700000, 0x00000000fd7fff00, 0x00000000fd800000| 99%| O|  |TAMS 0x00000000fd700000| PB 0x00000000fd7fff00| Untracked |  0
| 984|0x00000000fd800000, 0x00000000fd8ffe78, 0x00000000fd900000| 99%| O|  |TAMS 0x00000000fd800000| PB 0x00000000fd8ffe78| Untracked |  0
| 985|0x00000000fd900000, 0x00000000fd9ffc60, 0x00000000fda00000| 99%| O|  |TAMS 0x00000000fd900000| PB 0x00000000fd9ffc60| Untracked |  0
| 986|0x00000000fda00000, 0x00000000fdafff00, 0x00000000fdb00000| 99%| O|  |TAMS 0x00000000fda00000| PB 0x00000000fdafff00| Untracked |  0
| 987|0x00000000fdb00000, 0x00000000fdbffe20, 0x00000000fdc00000| 99%| O|  |TAMS 0x00000000fdb00000| PB 0x00000000fdbffe20| Untracked |  0
| 988|0x00000000fdc00000, 0x00000000fdcff578, 0x00000000fdd00000| 99%| O|  |TAMS 0x00000000fdc00000| PB 0x00000000fdcff578| Untracked |  0
| 989|0x00000000fdd00000, 0x00000000fddfff00, 0x00000000fde00000| 99%| O|  |TAMS 0x00000000fdd00000| PB 0x00000000fddfff00| Untracked |  0
| 990|0x00000000fde00000, 0x00000000fdeff8e0, 0x00000000fdf00000| 99%| O|  |TAMS 0x00000000fde00000| PB 0x00000000fdeff8e0| Untracked |  0
| 991|0x00000000fdf00000, 0x00000000fdffe580, 0x00000000fe000000| 99%| O|  |TAMS 0x00000000fdf00000| PB 0x00000000fdffe580| Untracked |  0
| 992|0x00000000fe000000, 0x00000000fe0fff00, 0x00000000fe100000| 99%| O|  |TAMS 0x00000000fe000000| PB 0x00000000fe0fff00| Untracked |  0
| 993|0x00000000fe100000, 0x00000000fe1ffdb0, 0x00000000fe200000| 99%| O|  |TAMS 0x00000000fe100000| PB 0x00000000fe1ffdb0| Untracked |  0
| 994|0x00000000fe200000, 0x00000000fe2fe430, 0x00000000fe300000| 99%| O|  |TAMS 0x00000000fe200000| PB 0x00000000fe2fe430| Untracked |  0
| 995|0x00000000fe300000, 0x00000000fe3ff9b8, 0x00000000fe400000| 99%| O|  |TAMS 0x00000000fe300000| PB 0x00000000fe3ff9b8| Untracked |  0
| 996|0x00000000fe400000, 0x00000000fe4fe628, 0x00000000fe500000| 99%| O|  |TAMS 0x00000000fe400000| PB 0x00000000fe4fe628| Untracked |  0
| 997|0x00000000fe500000, 0x00000000fe5ff1e0, 0x00000000fe600000| 99%| O|  |TAMS 0x00000000fe500000| PB 0x00000000fe5ff1e0| Untracked |  0
| 998|0x00000000fe600000, 0x00000000fe6ffbd8, 0x00000000fe700000| 99%| O|  |TAMS 0x00000000fe600000| PB 0x00000000fe6ffbd8| Untracked |  0
| 999|0x00000000fe700000, 0x00000000fe7ff250, 0x00000000fe800000| 99%| O|  |TAMS 0x00000000fe700000| PB 0x00000000fe7ff250| Untracked |  0
|1000|0x00000000fe800000, 0x00000000fe900000, 0x00000000fe900000|100%| O|  |TAMS 0x00000000fe800000| PB 0x00000000fe900000| Untracked |  0
|1001|0x00000000fe900000, 0x00000000fe9fe7f8, 0x00000000fea00000| 99%| O|  |TAMS 0x00000000fe900000| PB 0x00000000fe9fe7f8| Untracked |  0
|1002|0x00000000fea00000, 0x00000000feaffff8, 0x00000000feb00000| 99%| O|  |TAMS 0x00000000fea00000| PB 0x00000000feaffff8| Untracked |  0
|1003|0x00000000feb00000, 0x00000000febfe1a0, 0x00000000fec00000| 99%| O|  |TAMS 0x00000000feb00000| PB 0x00000000febfe1a0| Untracked |  0
|1004|0x00000000fec00000, 0x00000000fecfe288, 0x00000000fed00000| 99%| O|  |TAMS 0x00000000fec00000| PB 0x00000000fecfe288| Untracked |  0
|1005|0x00000000fed00000, 0x00000000fedfebc8, 0x00000000fee00000| 99%| O|  |TAMS 0x00000000fed00000| PB 0x00000000fedfebc8| Untracked |  0
|1006|0x00000000fee00000, 0x00000000feeffd58, 0x00000000fef00000| 99%| O|  |TAMS 0x00000000fee00000| PB 0x00000000feeffd58| Untracked |  0
|1007|0x00000000fef00000, 0x00000000feffef28, 0x00000000ff000000| 99%| O|  |TAMS 0x00000000fef00000| PB 0x00000000feffef28| Untracked |  0
|1008|0x00000000ff000000, 0x00000000ff0ff1d0, 0x00000000ff100000| 99%| O|  |TAMS 0x00000000ff000000| PB 0x00000000ff0ff1d0| Untracked |  0
|1009|0x00000000ff100000, 0x00000000ff1fefa8, 0x00000000ff200000| 99%| O|  |TAMS 0x00000000ff100000| PB 0x00000000ff1fefa8| Untracked |  0
|1010|0x00000000ff200000, 0x00000000ff300000, 0x00000000ff300000|100%| O|  |TAMS 0x00000000ff200000| PB 0x00000000ff300000| Untracked |  0
|1011|0x00000000ff300000, 0x00000000ff3ffcd0, 0x00000000ff400000| 99%| O|  |TAMS 0x00000000ff300000| PB 0x00000000ff3ffcd0| Untracked |  0
|1012|0x00000000ff400000, 0x00000000ff4ffa38, 0x00000000ff500000| 99%| O|  |TAMS 0x00000000ff400000| PB 0x00000000ff4ffa38| Untracked |  0
|1013|0x00000000ff500000, 0x00000000ff5ff660, 0x00000000ff600000| 99%| O|  |TAMS 0x00000000ff500000| PB 0x00000000ff5ff660| Untracked |  0
|1014|0x00000000ff600000, 0x00000000ff6ff8b8, 0x00000000ff700000| 99%| O|  |TAMS 0x00000000ff600000| PB 0x00000000ff6ff8b8| Untracked |  0
|1015|0x00000000ff700000, 0x00000000ff7ffe08, 0x00000000ff800000| 99%| O|  |TAMS 0x00000000ff700000| PB 0x00000000ff7ffe08| Untracked |  0
|1016|0x00000000ff800000, 0x00000000ff8ff2a8, 0x00000000ff900000| 99%| O|  |TAMS 0x00000000ff800000| PB 0x00000000ff8ff2a8| Untracked |  0
|1017|0x00000000ff900000, 0x00000000ff98d970, 0x00000000ffa00000| 55%| O|  |TAMS 0x00000000ff900000| PB 0x00000000ff98d970| Untracked |  0
|1018|0x00000000ffa00000, 0x00000000ffb00000, 0x00000000ffb00000|100%|HS|  |TAMS 0x00000000ffa00000| PB 0x00000000ffb00000| Untracked |  0
|1019|0x00000000ffb00000, 0x00000000ffc00000, 0x00000000ffc00000|100%|HC|  |TAMS 0x00000000ffb00000| PB 0x00000000ffc00000| Untracked |  0
|1020|0x00000000ffc00000, 0x00000000ffd00000, 0x00000000ffd00000|100%|HC|  |TAMS 0x00000000ffc00000| PB 0x00000000ffd00000| Untracked |  0
|1021|0x00000000ffd00000, 0x00000000ffe00000, 0x00000000ffe00000|100%|HC|  |TAMS 0x00000000ffd00000| PB 0x00000000ffe00000| Untracked |  0
|1022|0x00000000ffe00000, 0x00000000fff00000, 0x00000000fff00000|100%|HC|  |TAMS 0x00000000ffe00000| PB 0x00000000fff00000| Untracked |  0
|1023|0x00000000fff00000, 0x0000000100000000, 0x0000000100000000|100%|HC|  |TAMS 0x00000000fff00000| PB 0x0000000100000000| Untracked |  0

Card table byte_map: [0x0000024b6b070000,0x0000024b6b270000] _byte_map_base: 0x0000024b6aa70000

Marking Bits: (CMBitMap*) 0x0000024b43a0e490
 Bits: [0x0000024b6b270000, 0x0000024b6c270000)

Polling page: 0x0000024b45670000

Metaspace:
Metaspace        used 405651K, committed 412160K, reserved 1441792K
 class space     used 53959K, committed 56896K, reserved 1048576K

Usage:
  Non-class:    343.45 MB used.
      Class:     52.69 MB used.
       Both:    396.14 MB used.

Virtual space:
  Non-class space:      384.00 MB reserved,     346.94 MB ( 90%) committed,  6 nodes.
      Class space:        1.00 GB reserved,      55.56 MB (  5%) committed,  1 nodes.
             Both:        1.38 GB reserved,     402.50 MB ( 29%) committed. 

Chunk freelists:
   Non-Class:  4.53 MB
       Class:  8.66 MB
        Both:  13.18 MB

MaxMetaspaceSize: unlimited
CompressedClassSpaceSize: 1.00 GB
Initial GC threshold: 21.00 MB
Current GC threshold: 671.69 MB
CDS: on
 - commit_granule_bytes: 65536.
 - commit_granule_words: 8192.
 - virtual_space_node_default_size: 8388608.
 - enlarge_chunks_in_place: 1.
UseCompressedClassPointers 1, UseCompactObjectHeaders 0
Narrow klass pointer bits 32, Max shift 3
Narrow klass base: 0x000000001c000000, Narrow klass shift: 0
Encoding Range: [0x000000001c000000 - 0x000000011c000000), (4294967296 bytes)
Klass Range:    [0x000000001c010000 - 0x000000005e000000), (1107230720 bytes)
Klass ID Range:  [65536 - 1107296249) (1107230713)
Protection zone: [0x000000001c000000 - 0x000000001c010000), (65536 bytes)


Internal statistics:

num_allocs_failed_limit: 113.
num_arena_births: 12900.
num_arena_deaths: 7114.
num_vsnodes_births: 7.
num_vsnodes_deaths: 0.
num_space_committed: 6484.
num_space_uncommitted: 28.
num_chunks_returned_to_freelist: 9761.
num_chunks_taken_from_freelist: 38819.
num_chunk_merges: 2774.
num_chunk_splits: 19784.
num_chunks_enlarged: 9837.
num_inconsistent_stats: 0.

CodeHeap 'non-profiled nmethods': size=259264Kb used=21364Kb max_used=23620Kb free=237899Kb
 bounds [0x0000024b5a580000, 0x0000024b5bcb0000, 0x0000024b6a2b0000]
CodeHeap 'profiled nmethods': size=259328Kb used=60116Kb max_used=75530Kb free=199211Kb
 bounds [0x0000024b4a2b0000, 0x0000024b4eca0000, 0x0000024b59ff0000]
CodeHeap 'non-nmethods': size=5696Kb used=3430Kb max_used=3538Kb free=2265Kb
 bounds [0x0000024b59ff0000, 0x0000024b5a380000, 0x0000024b5a580000]
CodeCache: size=524288Kb, used=84910Kb, max_used=102688Kb, free=439375Kb
 total_blobs=37729, nmethods=35240, adapters=2374, full_count=0
Compilation: enabled, stopped_count=0, restarted_count=0

Compilation events (20 events):
Event: 1032.325 Thread 0x0000024b6c4c6830 nmethod 79752 0x0000024b5b7d4688 code [0x0000024b5b7d4780, 0x0000024b5b7d9440]
Event: 1032.325 Thread 0x0000024b6c4cb050 79768       2       com.intellij.openapi.keymap.impl.ModifierKeyDoubleClickHandler$MyEventDispatcher::dispatch (142 bytes)
Event: 1032.325 Thread 0x0000024b6c4c6830 79760       4       com.intellij.openapi.progress.ProgressManager::getInstanceOrNull (4 bytes)
Event: 1032.326 Thread 0x0000024b6c4c6830 nmethod 79760 0x0000024b5a80eb88 code [0x0000024b5a80ec80, 0x0000024b5a80ecf8]
Event: 1032.326 Thread 0x0000024b6c4c6830 79758       4       com.intellij.internal.statistic.eventLog.util.StringUtil::isEmptyOrSpaces (39 bytes)
Event: 1032.326 Thread 0x0000024b6c4cb050 nmethod 79768 0x0000024b4a813188 code [0x0000024b4a813280, 0x0000024b4a813810]
Event: 1032.326 Thread 0x0000024b6c4cb050 79769       2       com.intellij.ide.ui.laf.LaFMnemonicDispatcher::dispatch (207 bytes)
Event: 1032.962 Thread 0x0000024b6c4cb050 nmethod 79769 0x0000024b4a79c188 code [0x0000024b4a79c280, 0x0000024b4a79d140]
Event: 1032.962 Thread 0x0000024b6c4cb050 79770       3       com.intellij.diagnostic.LowMemoryNotifier$ThrottlingWindowedFilter$$Lambda/0x000000002174c000::applyAsLong (8 bytes)
Event: 1032.962 Thread 0x0000024b6c4cb050 nmethod 79770 0x0000024b4a6d8388 code [0x0000024b4a6d8480, 0x0000024b4a6d8678]
Event: 1032.963 Thread 0x0000024b6c4c6830 nmethod 79758 0x0000024b5a816288 code [0x0000024b5a816380, 0x0000024b5a8164b0]
Event: 1032.963 Thread 0x0000024b6c4c6830 79756   !   4       jdk.proxy1.$Proxy22::annotationType (28 bytes)
Event: 1032.964 Thread 0x0000024b6c4c6830 nmethod 79756 0x0000024b5a81b888 code [0x0000024b5a81b980, 0x0000024b5a81ba40]
Event: 1032.964 Thread 0x0000024b6c4c6830 79759       4       com.fasterxml.jackson.core.io.IOContext::close (32 bytes)
Event: 1033.603 Thread 0x0000024b6c4c6830 nmethod 79759 0x0000024b5a81e708 code [0x0000024b5a81e800, 0x0000024b5a81e8e0]
Event: 1033.603 Thread 0x0000024b6c4c6830 79761   !   4       com.intellij.ide.IdeEventQueueKt::setImplicitThreadLocalRhizomeIfEnabled (34 bytes)
Event: 1033.605 Thread 0x0000024b6c4cb050 79771       3       com.intellij.psi.impl.smartPointers.SmartPointerTracker::processQueue (46 bytes)
Event: 1033.606 Thread 0x0000024b6c4cb050 nmethod 79771 0x0000024b4a81c588 code [0x0000024b4a81c680, 0x0000024b4a81cc08]
Event: 1033.606 Thread 0x0000024b6c4cb050 79772       3       com.intellij.ide.IdeEventQueue$$Lambda/0x000000001eea1700::<init> (15 bytes)
Event: 1033.606 Thread 0x0000024b6c4cb050 nmethod 79772 0x0000024b4ab52c08 code [0x0000024b4ab52d00, 0x0000024b4ab52f20]

GC Heap Usage History (20 events):
Event: 1033.895 {heap After GC invocations=1431 (full 609):
 garbage-first heap   total reserved 1048576K, committed 1048576K, used 1039106K [0x00000000c0000000, 0x0000000100000000)
  region size 1024K, 0 young (0K), 0 survivors (0K)
}
Event: 1033.897 {heap Before GC invocations=1431 (full 609):
 garbage-first heap   total reserved 1048576K, committed 1048576K, used 1045250K [0x00000000c0000000, 0x0000000100000000)
  region size 1024K, 0 young (0K), 0 survivors (0K)
}
Event: 1033.899 {heap After GC invocations=1432 (full 609):
 garbage-first heap   total reserved 1048576K, committed 1048576K, used 1045250K [0x00000000c0000000, 0x0000000100000000)
  region size 1024K, 0 young (0K), 0 survivors (0K)
}
Event: 1033.899 {heap Before GC invocations=1432 (full 609):
 garbage-first heap   total reserved 1048576K, committed 1048576K, used 1045250K [0x00000000c0000000, 0x0000000100000000)
  region size 1024K, 0 young (0K), 0 survivors (0K)
}
Event: 1034.188 {heap After GC invocations=1433 (full 610):
 garbage-first heap   total reserved 1048576K, committed 1048576K, used 1045220K [0x00000000c0000000, 0x0000000100000000)
  region size 1024K, 0 young (0K), 0 survivors (0K)
}
Event: 1034.188 {heap Before GC invocations=1433 (full 610):
 garbage-first heap   total reserved 1048576K, committed 1048576K, used 1045220K [0x00000000c0000000, 0x0000000100000000)
  region size 1024K, 0 young (0K), 0 survivors (0K)
}
Event: 1034.497 {heap After GC invocations=1434 (full 611):
 garbage-first heap   total reserved 1048576K, committed 1048576K, used 1045211K [0x00000000c0000000, 0x0000000100000000)
  region size 1024K, 0 young (0K), 0 survivors (0K)
}
Event: 1034.497 {heap Before GC invocations=1434 (full 611):
 garbage-first heap   total reserved 1048576K, committed 1048576K, used 1045211K [0x00000000c0000000, 0x0000000100000000)
  region size 1024K, 0 young (0K), 0 survivors (0K)
}
Event: 1034.501 {heap After GC invocations=1435 (full 611):
 garbage-first heap   total reserved 1048576K, committed 1048576K, used 1045211K [0x00000000c0000000, 0x0000000100000000)
  region size 1024K, 0 young (0K), 0 survivors (0K)
}
Event: 1034.501 {heap Before GC invocations=1435 (full 611):
 garbage-first heap   total reserved 1048576K, committed 1048576K, used 1045211K [0x00000000c0000000, 0x0000000100000000)
  region size 1024K, 0 young (0K), 0 survivors (0K)
}
Event: 1034.770 {heap After GC invocations=1436 (full 612):
 garbage-first heap   total reserved 1048576K, committed 1048576K, used 1045211K [0x00000000c0000000, 0x0000000100000000)
  region size 1024K, 0 young (0K), 0 survivors (0K)
}
Event: 1034.770 {heap Before GC invocations=1436 (full 612):
 garbage-first heap   total reserved 1048576K, committed 1048576K, used 1045211K [0x00000000c0000000, 0x0000000100000000)
  region size 1024K, 0 young (0K), 0 survivors (0K)
}
Event: 1035.077 {heap After GC invocations=1437 (full 613):
 garbage-first heap   total reserved 1048576K, committed 1048576K, used 1045211K [0x00000000c0000000, 0x0000000100000000)
  region size 1024K, 0 young (0K), 0 survivors (0K)
}
Event: 1035.077 {heap Before GC invocations=1437 (full 613):
 garbage-first heap   total reserved 1048576K, committed 1048576K, used 1045211K [0x00000000c0000000, 0x0000000100000000)
  region size 1024K, 0 young (0K), 0 survivors (0K)
}
Event: 1035.079 {heap After GC invocations=1438 (full 613):
 garbage-first heap   total reserved 1048576K, committed 1048576K, used 1045211K [0x00000000c0000000, 0x0000000100000000)
  region size 1024K, 0 young (0K), 0 survivors (0K)
}
Event: 1035.079 {heap Before GC invocations=1438 (full 613):
 garbage-first heap   total reserved 1048576K, committed 1048576K, used 1045211K [0x00000000c0000000, 0x0000000100000000)
  region size 1024K, 0 young (0K), 0 survivors (0K)
}
Event: 1035.343 {heap After GC invocations=1439 (full 614):
 garbage-first heap   total reserved 1048576K, committed 1048576K, used 1045211K [0x00000000c0000000, 0x0000000100000000)
  region size 1024K, 0 young (0K), 0 survivors (0K)
}
Event: 1035.343 {heap Before GC invocations=1439 (full 614):
 garbage-first heap   total reserved 1048576K, committed 1048576K, used 1045211K [0x00000000c0000000, 0x0000000100000000)
  region size 1024K, 0 young (0K), 0 survivors (0K)
}
Event: 1035.651 {heap After GC invocations=1440 (full 615):
 garbage-first heap   total reserved 1048576K, committed 1048576K, used 1045211K [0x00000000c0000000, 0x0000000100000000)
  region size 1024K, 0 young (0K), 0 survivors (0K)
}
Event: 1035.651 {heap Before GC invocations=1440 (full 615):
 garbage-first heap   total reserved 1048576K, committed 1048576K, used 1045211K [0x00000000c0000000, 0x0000000100000000)
  region size 1024K, 0 young (0K), 0 survivors (0K)
}

Metaspace Usage History (20 events):
Event: 1033.895 {metaspace After GC invocations=1431 (full 609):
 Metaspace       used 405657K, committed 412160K, reserved 1441792K
  class space    used 53961K, committed 56896K, reserved 1048576K
}
Event: 1033.897 {metaspace Before GC invocations=1431 (full 609):
 Metaspace       used 405657K, committed 412160K, reserved 1441792K
  class space    used 53961K, committed 56896K, reserved 1048576K
}
Event: 1033.899 {metaspace After GC invocations=1432 (full 609):
 Metaspace       used 405657K, committed 412160K, reserved 1441792K
  class space    used 53961K, committed 56896K, reserved 1048576K
}
Event: 1033.899 {metaspace Before GC invocations=1432 (full 609):
 Metaspace       used 405657K, committed 412160K, reserved 1441792K
  class space    used 53961K, committed 56896K, reserved 1048576K
}
Event: 1034.188 {metaspace After GC invocations=1433 (full 610):
 Metaspace       used 405651K, committed 412160K, reserved 1441792K
  class space    used 53959K, committed 56896K, reserved 1048576K
}
Event: 1034.188 {metaspace Before GC invocations=1433 (full 610):
 Metaspace       used 405651K, committed 412160K, reserved 1441792K
  class space    used 53959K, committed 56896K, reserved 1048576K
}
Event: 1034.497 {metaspace After GC invocations=1434 (full 611):
 Metaspace       used 405651K, committed 412160K, reserved 1441792K
  class space    used 53959K, committed 56896K, reserved 1048576K
}
Event: 1034.497 {metaspace Before GC invocations=1434 (full 611):
 Metaspace       used 405651K, committed 412160K, reserved 1441792K
  class space    used 53959K, committed 56896K, reserved 1048576K
}
Event: 1034.501 {metaspace After GC invocations=1435 (full 611):
 Metaspace       used 405651K, committed 412160K, reserved 1441792K
  class space    used 53959K, committed 56896K, reserved 1048576K
}
Event: 1034.501 {metaspace Before GC invocations=1435 (full 611):
 Metaspace       used 405651K, committed 412160K, reserved 1441792K
  class space    used 53959K, committed 56896K, reserved 1048576K
}
Event: 1034.770 {metaspace After GC invocations=1436 (full 612):
 Metaspace       used 405651K, committed 412160K, reserved 1441792K
  class space    used 53959K, committed 56896K, reserved 1048576K
}
Event: 1034.770 {metaspace Before GC invocations=1436 (full 612):
 Metaspace       used 405651K, committed 412160K, reserved 1441792K
  class space    used 53959K, committed 56896K, reserved 1048576K
}
Event: 1035.077 {metaspace After GC invocations=1437 (full 613):
 Metaspace       used 405651K, committed 412160K, reserved 1441792K
  class space    used 53959K, committed 56896K, reserved 1048576K
}
Event: 1035.077 {metaspace Before GC invocations=1437 (full 613):
 Metaspace       used 405651K, committed 412160K, reserved 1441792K
  class space    used 53959K, committed 56896K, reserved 1048576K
}
Event: 1035.079 {metaspace After GC invocations=1438 (full 613):
 Metaspace       used 405651K, committed 412160K, reserved 1441792K
  class space    used 53959K, committed 56896K, reserved 1048576K
}
Event: 1035.079 {metaspace Before GC invocations=1438 (full 613):
 Metaspace       used 405651K, committed 412160K, reserved 1441792K
  class space    used 53959K, committed 56896K, reserved 1048576K
}
Event: 1035.343 {metaspace After GC invocations=1439 (full 614):
 Metaspace       used 405651K, committed 412160K, reserved 1441792K
  class space    used 53959K, committed 56896K, reserved 1048576K
}
Event: 1035.343 {metaspace Before GC invocations=1439 (full 614):
 Metaspace       used 405651K, committed 412160K, reserved 1441792K
  class space    used 53959K, committed 56896K, reserved 1048576K
}
Event: 1035.651 {metaspace After GC invocations=1440 (full 615):
 Metaspace       used 405651K, committed 412160K, reserved 1441792K
  class space    used 53959K, committed 56896K, reserved 1048576K
}
Event: 1035.651 {metaspace Before GC invocations=1440 (full 615):
 Metaspace       used 405651K, committed 412160K, reserved 1441792K
  class space    used 53959K, committed 56896K, reserved 1048576K
}

Dll operation events (3 events):
Event: 0.012 Loaded shared library D:\Rider\JetBrains Rider\jbr\bin\java.dll
Event: 0.013 Loaded shared library D:\Rider\JetBrains Rider\jbr\bin\zip.dll
Event: 0.828 Loaded shared library D:\Rider\JetBrains Rider\jbr\bin\verify.dll

Deoptimization events (20 events):
Event: 1017.000 Thread 0x0000024b3b7e4b10 Uncommon trap: trap_request=0xffffff95 fr.pc=0x0000024b5b6e3c10 relative=0x0000000000000290
Event: 1017.000 Thread 0x0000024b3b7e4b10 Uncommon trap: reason=unreached action=reinterpret pc=0x0000024b5b6e3c10 method=java.util.concurrent.locks.AbstractQueuedSynchronizer$ConditionObject.newConditionNode()Ljava/util/concurrent/locks/AbstractQueuedSynchronizer$ConditionNode; @ 18 c2
Event: 1017.000 Thread 0x0000024b3b7e4b10 DEOPT PACKING pc=0x0000024b5b6e3c10 sp=0x00000068df6ff120
Event: 1017.000 Thread 0x0000024b3b7e4b10 DEOPT UNPACKING pc=0x0000024b5a10bc82 sp=0x00000068df6ff0c0 mode 2
Event: 1029.965 Thread 0x0000024b1e95cf30 Uncommon trap: trap_request=0xffffff95 fr.pc=0x0000024b5b2c8218 relative=0x0000000000000918
Event: 1029.965 Thread 0x0000024b1e95cf30 Uncommon trap: reason=unreached action=reinterpret pc=0x0000024b5b2c8218 method=java.awt.Component.getLocationOnScreen()Ljava/awt/Point; @ 14 c2
Event: 1029.965 Thread 0x0000024b1e95cf30 DEOPT PACKING pc=0x0000024b5b2c8218 sp=0x00000068dd3fe950
Event: 1029.965 Thread 0x0000024b1e95cf30 DEOPT UNPACKING pc=0x0000024b5a10bc82 sp=0x00000068dd3fe828 mode 2
Event: 1030.542 Thread 0x0000024b1e95cf30 Uncommon trap: trap_request=0xffffff95 fr.pc=0x0000024b5b7d7ca0 relative=0x0000000000003520
Event: 1030.542 Thread 0x0000024b1e95cf30 Uncommon trap: reason=unreached action=reinterpret pc=0x0000024b5b7d7ca0 method=com.intellij.openapi.wm.impl.IdeGlassPaneImpl.preprocess(Ljava/awt/event/MouseEvent;ZLjavax/swing/JRootPane;)Z @ 1212 c2
Event: 1030.542 Thread 0x0000024b1e95cf30 DEOPT PACKING pc=0x0000024b5b7d7ca0 sp=0x00000068dd3fecb0
Event: 1030.542 Thread 0x0000024b1e95cf30 DEOPT UNPACKING pc=0x0000024b5a10bc82 sp=0x00000068dd3fec88 mode 2
Event: 1031.135 Thread 0x0000024b1e95cf30 Uncommon trap: trap_request=0xffffff95 fr.pc=0x0000024b5add62c0 relative=0x00000000000026c0
Event: 1031.135 Thread 0x0000024b1e95cf30 Uncommon trap: reason=unreached action=reinterpret pc=0x0000024b5add62c0 method=com.intellij.ide.IdeEventQueue.dispatchByCustomDispatchers(Ljava/awt/AWTEvent;)Z @ 42 c2
Event: 1031.723 Thread 0x0000024b1e95cf30 DEOPT PACKING pc=0x0000024b5add62c0 sp=0x00000068dd3fee30
Event: 1031.723 Thread 0x0000024b1e95cf30 DEOPT UNPACKING pc=0x0000024b5a10bc82 sp=0x00000068dd3fee18 mode 2
Event: 1035.077 Thread 0x0000024bd197a600 Uncommon trap: trap_request=0xffffff8f fr.pc=0x0000024b5aba2b50 relative=0x0000000000000350
Event: 1035.077 Thread 0x0000024bd197a600 Uncommon trap: reason=unhandled action=none pc=0x0000024b5aba2b50 method=sun.reflect.annotation.AnnotationInvocationHandler.cloneArray(Ljava/lang/Object;)Ljava/lang/Object; @ 81 c2
Event: 1035.077 Thread 0x0000024bd197a600 DEOPT PACKING pc=0x0000024b5aba2b50 sp=0x00000068e14fefb0
Event: 1035.077 Thread 0x0000024bd197a600 DEOPT UNPACKING pc=0x0000024b5a10bc82 sp=0x00000068e14fef50 mode 2

Classes loaded (20 events):
Event: 986.067 Loading class kotlin/String
Event: 986.067 Loading class kotlin/String done
Event: 986.668 Loading class kotlin/Any
Event: 986.668 Loading class kotlin/Any done
Event: 986.668 Loading class kotlin/Any
Event: 986.668 Loading class kotlin/Any done
Event: 989.214 Loading class kotlin/Boolean
Event: 989.214 Loading class kotlin/Boolean done
Event: 989.840 Loading class kotlin/Boolean
Event: 989.840 Loading class kotlin/Boolean done
Event: 990.454 Loading class kotlin/Int
Event: 990.454 Loading class kotlin/Int done
Event: 990.454 Loading class kotlin/Int
Event: 990.454 Loading class kotlin/Int done
Event: 1000.204 Loading class kotlin/String
Event: 1000.204 Loading class kotlin/String done
Event: 1000.204 Loading class kotlin/String
Event: 1000.204 Loading class kotlin/String done
Event: 1004.608 Loading class kotlin/reflect/jvm/internal/impl/utils/ExceptionUtilsKt
Event: 1004.608 Loading class kotlin/reflect/jvm/internal/impl/utils/ExceptionUtilsKt done

Classes unloaded (20 events):
Event: 1028.575 Thread 0x0000024b6c49d620 Unloading class 0x000000001fba0400 'java/lang/invoke/LambdaForm$MH+0x000000001fba0400'
Event: 1028.867 Thread 0x0000024b6c49d620 Unloading class 0x0000000021111000 'java/lang/invoke/LambdaForm$MH+0x0000000021111000'
Event: 1028.867 Thread 0x0000024b6c49d620 Unloading class 0x0000000020420400 'java/lang/invoke/LambdaForm$BMH+0x0000000020420400'
Event: 1028.867 Thread 0x0000024b6c49d620 Unloading class 0x000000002124ec00 'java/lang/invoke/LambdaForm$MH+0x000000002124ec00'
Event: 1032.436 Thread 0x0000024b6c49d620 Unloading class 0x0000000020d3c400 'java/lang/invoke/LambdaForm$MH+0x0000000020d3c400'
Event: 1032.436 Thread 0x0000024b6c49d620 Unloading class 0x000000002124ec00 'java/lang/invoke/LambdaForm$BMH+0x000000002124ec00'
Event: 1032.436 Thread 0x0000024b6c49d620 Unloading class 0x0000000021111000 'java/lang/invoke/LambdaForm$MH+0x0000000021111000'
Event: 1032.723 Thread 0x0000024b6c49d620 Unloading class 0x00000000214de800 'java/lang/invoke/LambdaForm$BMH+0x00000000214de800'
Event: 1033.075 Thread 0x0000024b6c49d620 Unloading class 0x000000001eb28800 'java/lang/invoke/LambdaForm$MH+0x000000001eb28800'
Event: 1033.075 Thread 0x0000024b6c49d620 Unloading class 0x0000000021670400 'java/lang/invoke/LambdaForm$MH+0x0000000021670400'
Event: 1033.075 Thread 0x0000024b6c49d620 Unloading class 0x0000000021111000 'java/lang/invoke/LambdaForm$BMH+0x0000000021111000'
Event: 1033.075 Thread 0x0000024b6c49d620 Unloading class 0x0000000020d3c400 'java/lang/invoke/LambdaForm$MH+0x0000000020d3c400'
Event: 1033.075 Thread 0x0000024b6c49d620 Unloading class 0x0000000021018400 'java/lang/invoke/LambdaForm$MH+0x0000000021018400'
Event: 1033.075 Thread 0x0000024b6c49d620 Unloading class 0x0000000020420400 'java/lang/invoke/LambdaForm$MH+0x0000000020420400'
Event: 1033.368 Thread 0x0000024b6c49d620 Unloading class 0x000000002003b000 'java/lang/invoke/LambdaForm$MH+0x000000002003b000'
Event: 1033.368 Thread 0x0000024b6c49d620 Unloading class 0x000000002124ec00 'java/lang/invoke/LambdaForm$BMH+0x000000002124ec00'
Event: 1033.368 Thread 0x0000024b6c49d620 Unloading class 0x00000000214de800 'java/lang/invoke/LambdaForm$MH+0x00000000214de800'
Event: 1033.990 Thread 0x0000024b6c49d620 Unloading class 0x00000000214de800 'java/lang/invoke/LambdaForm$MH+0x00000000214de800'
Event: 1033.990 Thread 0x0000024b6c49d620 Unloading class 0x000000002124ec00 'java/lang/invoke/LambdaForm$BMH+0x000000002124ec00'
Event: 1033.990 Thread 0x0000024b6c49d620 Unloading class 0x000000002003b000 'java/lang/invoke/LambdaForm$MH+0x000000002003b000'

Classes redefined (4 events):
Event: 0.617 Thread 0x0000024b6c49d620 redefined class name=java.math.BigInteger, count=1
Event: 0.626 Thread 0x0000024b6c49d620 redefined class name=java.net.InetAddress, count=1
Event: 0.632 Thread 0x0000024b6c49d620 redefined class name=sun.management.VMManagementImpl, count=1
Event: 0.645 Thread 0x0000024b6c49d620 redefined class name=java.lang.Class, count=1

Internal exceptions (20 events):
Event: 1028.460 Thread 0x0000024c1408efc0 Exception <a 'java/lang/NoSuchMethodError'{0x00000000fff57ff0}: 'void java.lang.invoke.DelegatingMethodHandle$Holder.reinvoke_L(java.lang.Object, java.lang.Object, int)'> (0x00000000fff57ff0) 
thrown [s\src\hotspot\share\interpreter\linkResolver.cpp, line 815]
Event: 1029.378 Thread 0x0000024b1e95cf30 Exception <a 'java/lang/OutOfMemoryError'{0x00000000c00253b0}> (0x00000000c00253b0) 
thrown [s\src\hotspot\share\gc\shared\memAllocator.cpp, line 139]
Event: 1029.965 Thread 0x0000024c12c39ef0 Exception <a 'java/lang/OutOfMemoryError'{0x00000000c00253b0}> (0x00000000c00253b0) 
thrown [s\src\hotspot\share\gc\shared\memAllocator.cpp, line 139]
Event: 1030.542 Thread 0x0000024c1d497bc0 Exception <a 'java/lang/OutOfMemoryError'{0x00000000c00253b0}> (0x00000000c00253b0) 
thrown [s\src\hotspot\share\gc\shared\memAllocator.cpp, line 139]
Event: 1031.135 Thread 0x0000024b6f424980 Exception <a 'java/lang/OutOfMemoryError'{0x00000000c00253b0}> (0x00000000c00253b0) 
thrown [s\src\hotspot\share\gc\shared\memAllocator.cpp, line 139]
Event: 1031.723 Thread 0x0000024b7451e4a0 Exception <a 'java/lang/OutOfMemoryError'{0x00000000c00253b0}> (0x00000000c00253b0) 
thrown [s\src\hotspot\share\gc\shared\memAllocator.cpp, line 139]
Event: 1032.323 Thread 0x0000024b6f424980 Exception <a 'java/lang/OutOfMemoryError'{0x00000000c00253b0}> (0x00000000c00253b0) 
thrown [s\src\hotspot\share\gc\shared\memAllocator.cpp, line 139]
Event: 1032.324 Thread 0x0000024b6f424980 Exception <a 'java/io/IOException'{0x00000000fff0bc80}> (0x00000000fff0bc80) 
thrown [s\src\hotspot\share\prims\jni.cpp, line 535]
Event: 1032.324 Thread 0x0000024b6f424980 Exception <a 'java/io/IOException'{0x00000000fff0c218}> (0x00000000fff0c218) 
thrown [s\src\hotspot\share\prims\jni.cpp, line 535]
Event: 1032.324 Thread 0x0000024b6f424980 Exception <a 'java/io/IOException'{0x00000000fff0c560}> (0x00000000fff0c560) 
thrown [s\src\hotspot\share\prims\jni.cpp, line 535]
Event: 1032.326 Thread 0x0000024bd197a600 Exception <a 'java/lang/NoSuchMethodError'{0x00000000fffaf678}: 'void java.lang.invoke.DelegatingMethodHandle$Holder.reinvoke_L(java.lang.Object, java.lang.Object, int)'> (0x00000000fffaf678) 
thrown [s\src\hotspot\share\interpreter\linkResolver.cpp, line 815]
Event: 1032.326 Thread 0x0000024c1408efc0 Exception <a 'java/lang/NoSuchMethodError'{0x00000000fff743c0}: 'void java.lang.invoke.DelegatingMethodHandle$Holder.reinvoke_L(java.lang.Object, java.lang.Object, int)'> (0x00000000fff743c0) 
thrown [s\src\hotspot\share\interpreter\linkResolver.cpp, line 815]
Event: 1032.960 Thread 0x0000024c1bb327a0 Exception <a 'java/lang/OutOfMemoryError'{0x00000000c00253b0}> (0x00000000c00253b0) 
thrown [s\src\hotspot\share\gc\shared\memAllocator.cpp, line 139]
Event: 1032.962 Thread 0x0000024bd197a600 Exception <a 'java/lang/NoSuchMethodError'{0x00000000fff34728}: 'void java.lang.invoke.DelegatingMethodHandle$Holder.reinvoke_L(java.lang.Object, java.lang.Object, int)'> (0x00000000fff34728) 
thrown [s\src\hotspot\share\interpreter\linkResolver.cpp, line 815]
Event: 1032.962 Thread 0x0000024c14090f00 Exception <a 'java/lang/NoSuchMethodError'{0x00000000fff0d048}: 'void java.lang.invoke.DelegatingMethodHandle$Holder.reinvoke_L(java.lang.Object, java.lang.Object, int)'> (0x00000000fff0d048) 
thrown [s\src\hotspot\share\interpreter\linkResolver.cpp, line 815]
Event: 1033.602 Thread 0x0000024c1bb327a0 Exception <a 'java/lang/OutOfMemoryError'{0x00000000c00253b0}> (0x00000000c00253b0) 
thrown [s\src\hotspot\share\gc\shared\memAllocator.cpp, line 139]
Event: 1033.606 Thread 0x0000024bd197a600 Exception <a 'java/lang/NoSuchMethodError'{0x00000000fff7e550}: 'void java.lang.invoke.DelegatingMethodHandle$Holder.reinvoke_L(java.lang.Object, java.lang.Object, int)'> (0x00000000fff7e550) 
thrown [s\src\hotspot\share\interpreter\linkResolver.cpp, line 815]
Event: 1034.497 Thread 0x0000024bd197a600 Exception <a 'java/lang/OutOfMemoryError'{0x00000000c00253b0}> (0x00000000c00253b0) 
thrown [s\src\hotspot\share\gc\shared\memAllocator.cpp, line 139]
Event: 1035.077 Thread 0x0000024b1e95cf30 Exception <a 'java/lang/OutOfMemoryError'{0x00000000c00253b0}> (0x00000000c00253b0) 
thrown [s\src\hotspot\share\gc\shared\memAllocator.cpp, line 139]
Event: 1035.651 Thread 0x0000024c1d495c80 Exception <a 'java/lang/OutOfMemoryError'{0x00000000c00253b0}> (0x00000000c00253b0) 
thrown [s\src\hotspot\share\gc\shared\memAllocator.cpp, line 139]

VM Operations (20 events):
Event: 1032.323 Executing safepoint VM operation: G1CollectForAllocation (G1 Evacuation Pause) done
Event: 1032.327 Executing safepoint VM operation: G1TryInitiateConcMark (G1 Humongous Allocation)
Event: 1032.333 Executing safepoint VM operation: G1TryInitiateConcMark (G1 Humongous Allocation) done
Event: 1032.333 Executing safepoint VM operation: G1CollectForAllocation (G1 Humongous Allocation)
Event: 1032.960 Executing safepoint VM operation: G1CollectForAllocation (G1 Humongous Allocation) done
Event: 1032.964 Executing safepoint VM operation: G1TryInitiateConcMark (G1 Humongous Allocation)
Event: 1032.970 Executing safepoint VM operation: G1TryInitiateConcMark (G1 Humongous Allocation) done
Event: 1032.970 Executing safepoint VM operation: G1CollectForAllocation (G1 Humongous Allocation)
Event: 1033.602 Executing safepoint VM operation: G1CollectForAllocation (G1 Humongous Allocation) done
Event: 1033.606 Executing safepoint VM operation: G1TryInitiateConcMark (G1 Humongous Allocation)
Event: 1033.611 Executing safepoint VM operation: G1TryInitiateConcMark (G1 Humongous Allocation) done
Event: 1033.611 Executing safepoint VM operation: G1CollectForAllocation (G1 Humongous Allocation)
Event: 1033.895 Executing safepoint VM operation: G1CollectForAllocation (G1 Humongous Allocation) done
Event: 1033.895 Executing safepoint VM operation: G1CollectForAllocation (G1 Evacuation Pause)
Event: 1034.497 Executing safepoint VM operation: G1CollectForAllocation (G1 Evacuation Pause) done
Event: 1034.497 Executing safepoint VM operation: G1CollectForAllocation (G1 Evacuation Pause)
Event: 1035.077 Executing safepoint VM operation: G1CollectForAllocation (G1 Evacuation Pause) done
Event: 1035.077 Executing safepoint VM operation: G1CollectForAllocation (G1 Evacuation Pause)
Event: 1035.651 Executing safepoint VM operation: G1CollectForAllocation (G1 Evacuation Pause) done
Event: 1035.651 Executing safepoint VM operation: G1CollectForAllocation (G1 Evacuation Pause)

Memory protections (0 events):
No events

Nmethod flushes (20 events):
Event: 1000.918 Thread 0x0000024b6c49d620 flushing  nmethod 0x0000024b4dc75508
Event: 1002.646 Thread 0x0000024b6c49d620 flushing  nmethod 0x0000024b5ae4ed08
Event: 1002.646 Thread 0x0000024b6c49d620 flushing osr nmethod 0x0000024b5adecf08
Event: 1005.007 Thread 0x0000024b6c49d620 flushing  nmethod 0x0000024b5a798988
Event: 1005.007 Thread 0x0000024b6c49d620 flushing  nmethod 0x0000024b5aa49a88
Event: 1005.007 Thread 0x0000024b6c49d620 flushing  nmethod 0x0000024b5aac0508
Event: 1005.398 Thread 0x0000024b6c49d620 flushing  nmethod 0x0000024b4ab8c488
Event: 1007.466 Thread 0x0000024b6c49d620 flushing  nmethod 0x0000024b4a6d3788
Event: 1009.518 Thread 0x0000024b6c49d620 flushing  nmethod 0x0000024b5b73fd88
Event: 1009.857 Thread 0x0000024b6c49d620 flushing  nmethod 0x0000024b4bf37108
Event: 1013.351 Thread 0x0000024b6c49d620 flushing  nmethod 0x0000024b4cc1e008
Event: 1017.392 Thread 0x0000024b6c49d620 flushing  nmethod 0x0000024b5b6e3888
Event: 1030.336 Thread 0x0000024b6c49d620 flushing  nmethod 0x0000024b5b2c7808
Event: 1030.927 Thread 0x0000024b6c49d620 flushing  nmethod 0x0000024b5b7d4688
Event: 1032.113 Thread 0x0000024b6c49d620 flushing  nmethod 0x0000024b5add3b08
Event: 1032.753 Thread 0x0000024b6c49d620 flushing  nmethod 0x0000024b4c202c88
Event: 1033.107 Thread 0x0000024b6c49d620 flushing  nmethod 0x0000024b4bee3608
Event: 1033.398 Thread 0x0000024b6c49d620 flushing  nmethod 0x0000024b4a6b9a08
Event: 1033.726 Thread 0x0000024b6c49d620 flushing  nmethod 0x0000024b4b2e3108
Event: 1034.021 Thread 0x0000024b6c49d620 flushing  nmethod 0x0000024b4b20a988

Events (20 events):
Event: 1032.323 Thread 0x0000024b6f424980 Thread added: 0x0000024c1bb327a0
Event: 1032.323 Thread 0x0000024c138cbe50 Thread exited: 0x0000024c138cbe50
Event: 1032.324 Thread 0x0000024b6f424980 Thread exited: 0x0000024b6f424980
Event: 1032.324 Thread 0x0000024c1e138f90 Thread added: 0x0000024c1e138f90
Event: 1032.324 Thread 0x0000024c1e138f90 Thread exited: 0x0000024c1e138f90
Event: 1032.324 Thread 0x0000024c1e13aed0 Thread added: 0x0000024c1e13aed0
Event: 1032.324 Thread 0x0000024c1e13aed0 Thread exited: 0x0000024c1e13aed0
Event: 1032.325 Thread 0x0000024c1e138f90 Thread added: 0x0000024c1e138f90
Event: 1032.325 Thread 0x0000024c1e138f90 Thread exited: 0x0000024c1e138f90
Event: 1032.325 Thread 0x0000024c1e138f90 Thread added: 0x0000024c1e138f90
Event: 1032.960 Thread 0x0000024c1e138f90 Thread exited: 0x0000024c1e138f90
Event: 1032.961 Thread 0x0000024c1450af40 Thread added: 0x0000024c1450af40
Event: 1032.961 Thread 0x0000024c1450af40 Thread exited: 0x0000024c1450af40
Event: 1032.962 Thread 0x0000024c1450b710 Thread added: 0x0000024c1450b710
Event: 1032.962 Thread 0x0000024c1450b710 Thread exited: 0x0000024c1450b710
Event: 1032.964 Thread 0x0000024c1450af40 Thread added: 0x0000024c1450af40
Event: 1032.964 Thread 0x0000024c1450af40 Thread exited: 0x0000024c1450af40
Event: 1032.970 Thread 0x0000024c1b3a9240 Thread added: 0x0000024c1b3a9240
Event: 1033.603 Thread 0x0000024c1b3a9240 Thread exited: 0x0000024c1b3a9240
Event: 1035.077 Thread 0x0000024c1d495c80 Thread added: 0x0000024c1d495c80


Dynamic libraries:
0x00007ff794de0000 - 0x00007ff794f50000 	D:\Rider\JetBrains Rider\bin\rider64.exe
0x00007ffc9d610000 - 0x00007ffc9d808000 	C:\Windows\SYSTEM32\ntdll.dll
0x00007ffc9be00000 - 0x00007ffc9bec2000 	C:\Windows\System32\KERNEL32.DLL
0x00007ffc9b090000 - 0x00007ffc9b386000 	C:\Windows\System32\KERNELBASE.dll
0x00007ffc9bc50000 - 0x00007ffc9bd1d000 	C:\Windows\System32\oleaut32.dll
0x00007ffc9b390000 - 0x00007ffc9b42d000 	C:\Windows\System32\msvcp_win.dll
0x00007ffc9ae00000 - 0x00007ffc9af00000 	C:\Windows\System32\ucrtbase.dll
0x00007ffc9c3b0000 - 0x00007ffc9c704000 	C:\Windows\System32\combase.dll
0x00007ffc9b9f0000 - 0x00007ffc9bb10000 	C:\Windows\System32\RPCRT4.dll
0x00007ffc9b840000 - 0x00007ffc9b9e1000 	C:\Windows\System32\user32.dll
0x00007ffc9b430000 - 0x00007ffc9b452000 	C:\Windows\System32\win32u.dll
0x00007ffc9c8d0000 - 0x00007ffc9c8fb000 	C:\Windows\System32\GDI32.dll
0x00007ffc9b460000 - 0x00007ffc9b579000 	C:\Windows\System32\gdi32full.dll
0x00007ffc9cdc0000 - 0x00007ffc9d530000 	C:\Windows\System32\shell32.dll
0x00007ffc9c900000 - 0x00007ffc9c9b1000 	C:\Windows\System32\advapi32.dll
0x00007ffc9d530000 - 0x00007ffc9d5ce000 	C:\Windows\System32\msvcrt.dll
0x00007ffc9ab90000 - 0x00007ffc9abbe000 	C:\Windows\SYSTEM32\userenv.dll
0x00007ffc9bb10000 - 0x00007ffc9bbaf000 	C:\Windows\System32\sechost.dll
0x00007ffc9af00000 - 0x00007ffc9af27000 	C:\Windows\System32\bcrypt.dll
0x00007ffc9ad70000 - 0x00007ffc9adf2000 	C:\Windows\System32\bcryptprimitives.dll
0x00007ffc98fd0000 - 0x00007ffc991d1000 	C:\Windows\SYSTEM32\dbghelp.dll
0x00007ffc90c80000 - 0x00007ffc90ca7000 	C:\Windows\SYSTEM32\WINMM.dll
0x00007ffc9cb70000 - 0x00007ffc9cb9f000 	C:\Windows\System32\IMM32.DLL
0x00007ffc98750000 - 0x00007ffc98ef5000 	C:\Windows\SYSTEM32\windows.storage.dll
0x00007ffc9a5f0000 - 0x00007ffc9a61b000 	C:\Windows\SYSTEM32\Wldp.dll
0x00007ffc9cc00000 - 0x00007ffc9ccad000 	C:\Windows\System32\SHCORE.dll
0x00007ffc9b630000 - 0x00007ffc9b68b000 	C:\Windows\System32\shlwapi.dll
0x00007ffc9abd0000 - 0x00007ffc9abf4000 	C:\Windows\SYSTEM32\profapi.dll
0x00007ffc99ef0000 - 0x00007ffc99f23000 	C:\Windows\SYSTEM32\ntmarta.dll
0x00007ffb7b290000 - 0x00007ffb7c1e5000 	D:\Rider\JetBrains Rider\jbr\bin\server\jvm.dll
0x00007ffc9c730000 - 0x00007ffc9c79b000 	C:\Windows\System32\WS2_32.dll
0x00007ffc9a1f0000 - 0x00007ffc9a23b000 	C:\Windows\SYSTEM32\POWRPROF.dll
0x00007ffc7d6c0000 - 0x00007ffc7d6de000 	D:\Rider\JetBrains Rider\jbr\bin\VCRUNTIME140.dll
0x00007ffc7d6b0000 - 0x00007ffc7d6bc000 	D:\Rider\JetBrains Rider\jbr\bin\VCRUNTIME140_1.dll
0x00007ffc93280000 - 0x00007ffc9328a000 	C:\Windows\SYSTEM32\VERSION.dll
0x00007ffc9a060000 - 0x00007ffc9a072000 	C:\Windows\SYSTEM32\UMPDC.dll
0x00007ffc7d6a0000 - 0x00007ffc7d6aa000 	D:\Rider\JetBrains Rider\jbr\bin\jimage.dll
0x00007ffc7fa20000 - 0x00007ffc7fa54000 	C:\Windows\SYSTEM32\dbgcore.DLL
0x00007ffc7d690000 - 0x00007ffc7d6a0000 	D:\Rider\JetBrains Rider\jbr\bin\instrument.dll
0x00007ffc7d670000 - 0x00007ffc7d68f000 	D:\Rider\JetBrains Rider\jbr\bin\java.dll
0x00007ffc7d4c0000 - 0x00007ffc7d4d7000 	D:\Rider\JetBrains Rider\jbr\bin\jli.dll
0x00007ffc9ca40000 - 0x00007ffc9cb6b000 	C:\Windows\System32\ole32.dll
0x00007ffc82960000 - 0x00007ffc82a10000 	C:\Windows\WinSxS\amd64_microsoft.windows.common-controls_6595b64144ccf1df_5.82.19041.6280_none_792d7c952443c49a\COMCTL32.dll
0x00007ffc739a0000 - 0x00007ffc739b6000 	D:\Rider\JetBrains Rider\jbr\bin\zip.dll
0x00007ffc994c0000 - 0x00007ffc994d2000 	C:\Windows\SYSTEM32\kernel.appcore.dll
0x00007ffc6d090000 - 0x00007ffc6d0a2000 	D:\Rider\JetBrains Rider\jbr\bin\net.dll
0x00007ffc9a3d0000 - 0x00007ffc9a43a000 	C:\Windows\system32\mswsock.dll
0x00007ffc6d070000 - 0x00007ffc6d086000 	D:\Rider\JetBrains Rider\jbr\bin\nio.dll
0x00007ffc7d660000 - 0x00007ffc7d66a000 	D:\Rider\JetBrains Rider\jbr\bin\management.dll
0x00007ffc7ae10000 - 0x00007ffc7ae1c000 	D:\Rider\JetBrains Rider\jbr\bin\management_ext.dll
0x00007ffc9bed0000 - 0x00007ffc9bed8000 	C:\Windows\System32\PSAPI.DLL
0x00007ffc765c0000 - 0x00007ffc765d7000 	C:\Windows\system32\napinsp.dll
0x00007ffc765a0000 - 0x00007ffc765bb000 	C:\Windows\system32\pnrpnsp.dll
0x00007ffc96810000 - 0x00007ffc9682d000 	C:\Windows\system32\wshbth.dll
0x00007ffc95910000 - 0x00007ffc9592d000 	C:\Windows\system32\NLAapi.dll
0x00007ffc9a080000 - 0x00007ffc9a0bb000 	C:\Windows\SYSTEM32\IPHLPAPI.DLL
0x00007ffc9a0d0000 - 0x00007ffc9a19a000 	C:\Windows\SYSTEM32\DNSAPI.dll
0x00007ffc9c7a0000 - 0x00007ffc9c7a8000 	C:\Windows\System32\NSI.dll
0x00007ffc76580000 - 0x00007ffc76592000 	C:\Windows\System32\winrnr.dll
0x00007ffc936c0000 - 0x00007ffc936ca000 	C:\Windows\System32\rasadhlp.dll
0x00007ffc93770000 - 0x00007ffc937f0000 	C:\Windows\System32\fwpuclnt.dll
0x00007ffc7a330000 - 0x00007ffc7a340000 	D:\Rider\JetBrains Rider\jbr\bin\verify.dll
0x00007ffbfb8b0000 - 0x00007ffbfba3e000 	D:\Rider\JetBrains Rider\jbr\bin\awt.dll
0x00007ffc6cd70000 - 0x00007ffc6cdb4000 	D:\Rider\JetBrains Rider\jbr\bin\nvdaControllerClient64.dll
0x00007ffbf9220000 - 0x00007ffbf92a9000 	D:\Rider\JetBrains Rider\jbr\bin\MSVCP140.dll
0x00007ffc979e0000 - 0x00007ffc97a0e000 	C:\Windows\SYSTEM32\dwmapi.dll
0x00007ffc84660000 - 0x00007ffc846c6000 	C:\Windows\SYSTEM32\OLEACC.dll
0x00007ffc95d70000 - 0x00007ffc95e04000 	C:\Windows\SYSTEM32\apphelp.dll
0x00007ffc76300000 - 0x00007ffc7630e000 	D:\Rider\JetBrains Rider\jbr\bin\sunmscapi.dll
0x00007ffc9af30000 - 0x00007ffc9b08d000 	C:\Windows\System32\CRYPT32.dll
0x00007ffc9a660000 - 0x00007ffc9a687000 	C:\Windows\SYSTEM32\ncrypt.dll
0x00007ffc9a620000 - 0x00007ffc9a65b000 	C:\Windows\SYSTEM32\NTASN1.dll
0x00007ffc752e0000 - 0x00007ffc752e9000 	D:\Rider\JetBrains Rider\jbr\bin\prefs.dll
0x00007ffc767e0000 - 0x00007ffc767e7000 	C:\Windows\system32\wshunix.dll
0x00007ffc976d0000 - 0x00007ffc9776e000 	C:\Windows\system32\uxtheme.dll
0x00007ffc9c7b0000 - 0x00007ffc9c8c5000 	C:\Windows\System32\MSCTF.dll
0x00007ffc74620000 - 0x00007ffc74629000 	D:\Rider\JetBrains Rider\jbr\bin\extnet.dll
0x00007ffbf8b80000 - 0x00007ffbf8c0b000 	D:\Rider\JetBrains Rider\jbr\bin\freetype.dll
0x00007ffbf7780000 - 0x00007ffbf7879000 	D:\Rider\JetBrains Rider\jbr\bin\fontmanager.dll
0x00007ffc6a870000 - 0x00007ffc6a8b9000 	D:\Rider\JetBrains Rider\lib\jna\amd64\jnidispatch.dll
0x00007ffc96110000 - 0x00007ffc96124000 	C:\Windows\system32\Wtsapi32.dll
0x00007ffc99be0000 - 0x00007ffc99c43000 	C:\Windows\SYSTEM32\WINSTA.dll
0x00007ffc2ccd0000 - 0x00007ffc2cdf8000 	C:\Windows\system32\opengl32.dll
0x00007ffc2ce00000 - 0x00007ffc2ce2c000 	C:\Windows\SYSTEM32\GLU32.dll
0x00007ffc9a940000 - 0x00007ffc9a958000 	C:\Windows\SYSTEM32\CRYPTSP.dll
0x00007ffc99ca0000 - 0x00007ffc99cd8000 	C:\Windows\system32\rsaenh.dll
0x00007ffc9a560000 - 0x00007ffc9a56c000 	C:\Windows\SYSTEM32\CRYPTBASE.dll
0x00007ffc1b610000 - 0x00007ffc1b648000 	D:\Rider\JetBrains Rider\bin\WinShellIntegrationBridge.dll
0x00007ffc9aa10000 - 0x00007ffc9aa22000 	C:\Windows\SYSTEM32\MSASN1.dll
0x00007ffc99490000 - 0x00007ffc994b3000 	C:\Windows\SYSTEM32\gpapi.dll
0x00007ffb76e80000 - 0x00007ffb77bd3000 	D:\Rider\JetBrains Rider\lib\skiko-awt-runtime-all\skiko-windows-x64.dll
0x00007ffc971b0000 - 0x00007ffc972a4000 	C:\Windows\SYSTEM32\PROPSYS.dll
0x00007ffc9ccb0000 - 0x00007ffc9cd59000 	C:\Windows\System32\clbcatq.dll
0x00007ffc739c0000 - 0x00007ffc73a54000 	C:\Windows\System32\appresolver.dll
0x00007ffc90680000 - 0x00007ffc906db000 	C:\Windows\System32\Bcp47Langs.dll
0x00007ffc99760000 - 0x00007ffc99789000 	C:\Windows\System32\SLC.dll
0x00007ffc99730000 - 0x00007ffc99755000 	C:\Windows\System32\sppc.dll
0x00007ffc9c9c0000 - 0x00007ffc9ca39000 	C:\Windows\System32\coml2.dll
0x00007ffc6f5d0000 - 0x00007ffc6f74e000 	C:\Windows\System32\TaskFlowDataEngine.dll
0x00007ffc96840000 - 0x00007ffc96997000 	C:\Windows\SYSTEM32\wintypes.dll
0x00007ffc74d70000 - 0x00007ffc7524b000 	C:\Windows\System32\cdp.dll
0x00007ffc9ad20000 - 0x00007ffc9ad6e000 	C:\Windows\System32\cfgmgr32.dll
0x00007ffc949e0000 - 0x00007ffc94b21000 	C:\Windows\System32\dsreg.dll
0x00007ffc99d30000 - 0x00007ffc99dba000 	C:\Windows\System32\msvcp110_win.dll
0x00007ffc6c560000 - 0x00007ffc6c56d000 	C:\Windows\SYSTEM32\LINKINFO.dll
0x00007ffc70700000 - 0x00007ffc7077d000 	C:\Windows\SYSTEM32\ntshrui.dll
0x00007ffc9ab50000 - 0x00007ffc9ab82000 	C:\Windows\SYSTEM32\SspiCli.dll
0x00007ffc93c30000 - 0x00007ffc93c58000 	C:\Windows\SYSTEM32\srvcli.dll
0x00007ffc90c60000 - 0x00007ffc90c72000 	C:\Windows\SYSTEM32\cscapi.dll
0x00007ffc970d0000 - 0x00007ffc97171000 	C:\Windows\SYSTEM32\policymanager.dll
0x00007ffc93360000 - 0x00007ffc93371000 	C:\Windows\system32\wbem\wbemprox.dll
0x00007ffc95b70000 - 0x00007ffc95c00000 	C:\Windows\SYSTEM32\wbemcomn.dll
0x00007ffc84a70000 - 0x00007ffc84c18000 	C:\Windows\WinSxS\amd64_microsoft.windows.gdiplus_6595b64144ccf1df_1.1.19041.6456_none_91a399b0cc88bc24\gdiplus.dll
0x00007ffc91a90000 - 0x00007ffc91aa4000 	C:\Windows\system32\wbem\wbemsvc.dll
0x00007ffc91e10000 - 0x00007ffc91f1c000 	C:\Windows\system32\wbem\fastprox.dll
0x00007ffc90e20000 - 0x00007ffc90e3f000 	C:\Windows\SYSTEM32\amsi.dll
0x00007ffc90d70000 - 0x00007ffc90e14000 	C:\ProgramData\Microsoft\Windows Defender\Platform\4.18.26080.3-0\MpOav.dll
0x00007ffc8d390000 - 0x00007ffc8d489000 	C:\Windows\SYSTEM32\textinputframework.dll
0x00007ffc95370000 - 0x00007ffc956cb000 	C:\Windows\System32\CoreUIComponents.dll
0x00007ffc956d0000 - 0x00007ffc957c2000 	C:\Windows\System32\CoreMessaging.dll
0x00007ffc943b0000 - 0x00007ffc943c7000 	C:\Windows\SYSTEM32\dhcpcsvc6.DLL
0x00007ffc94270000 - 0x00007ffc9428d000 	C:\Windows\SYSTEM32\dhcpcsvc.DLL
0x00007ffc93aa0000 - 0x00007ffc93baa000 	C:\Windows\System32\winhttp.dll
0x00007ffc7d4a0000 - 0x00007ffc7d4af000 	C:\Windows\System32\perfproc.dll
0x00007ffc84780000 - 0x00007ffc84a1b000 	C:\Windows\WinSxS\amd64_microsoft.windows.common-controls_6595b64144ccf1df_6.0.19041.6456_none_60b8a6cb71f64256\comctl32.dll
0x00007ffc97500000 - 0x00007ffc976b6000 	C:\Windows\SYSTEM32\WindowsCodecs.dll
0x00007ffc74050000 - 0x00007ffc7408e000 	C:\Windows\system32\dataexchange.dll
0x00007ffc94b30000 - 0x00007ffc94d14000 	C:\Windows\system32\dcomp.dll

JVMTI agents:
D:\Rider\winRider\win2024\ja-netfilter.jar path:D:\Rider\JetBrains Rider\jbr\bin\instrument.dll, loaded, initialized, instrumentlib options:jetbrains

dbghelp: loaded successfully - version: 4.0.5 - missing functions: none
symbol engine: initialized successfully - sym options: 0x614 - pdb path: .;D:\Rider\JetBrains Rider\bin;C:\Windows\SYSTEM32;D:\Rider\JetBrains Rider\jbr\bin\server;D:\Rider\JetBrains Rider\jbr\bin;C:\Windows\WinSxS\amd64_microsoft.windows.common-controls_6595b64144ccf1df_5.82.19041.6280_none_792d7c952443c49a;D:\Rider\JetBrains Rider\lib\jna\amd64;D:\Rider\JetBrains Rider\lib\skiko-awt-runtime-all;C:\Windows\system32\wbem;C:\Windows\WinSxS\amd64_microsoft.windows.gdiplus_6595b64144ccf1df_1.1.19041.6456_none_91a399b0cc88bc24;C:\ProgramData\Microsoft\Windows Defender\Platform\4.18.26080.3-0;C:\Windows\WinSxS\amd64_microsoft.windows.common-controls_6595b64144ccf1df_6.0.19041.6456_none_60b8a6cb71f64256

VM Arguments:
jvm_args: abort vfprintf -XX:ErrorFile=C:\Users\Administrator\java_error_in_rider_%p.log -XX:HeapDumpPath=C:\Users\Administrator\java_error_in_rider.hprof -Xms128m -Xmx2048m -XX:JbrShrinkingGcMaxHeapFreeRatio=40 -XX:ReservedCodeCacheSize=512m -XX:+HeapDumpOnOutOfMemoryError -XX:-OmitStackTraceInFastThrow -XX:CICompilerCount=2 -XX:+IgnoreUnrecognizedVMOptions -XX:+UnlockDiagnosticVMOptions -XX:TieredOldPercentage=100000 -ea -Dsun.io.useCanonCaches=false -Dsun.java2d.metal=true -Djbr.catch.SIGABRT=true -Djdk.http.auth.tunneling.disabledSchemes="" -Djdk.attach.allowAttachSelf=true -Djdk.module.illegalAccess.silent=true -Djdk.nio.maxCachedBufferSize=2097152 -Djava.util.zip.use.nio.for.zip.file.access=true -Dkotlinx.coroutines.debug=off -Dskiko.rendering.useScreenMenuBar=false -Djava.nio.file.spi.DefaultFileSystemProvider=com.intellij.platform.core.nio.fs.MultiRoutingFileSystemProvider -Denable.non.commercial.ai.license=true -Xms128m -Xmx1024m -XX:ReservedCodeCacheSize=512m -XX:+IgnoreUnrecognizedVMOptions -XX:+UseG1GC -XX:SoftRefLRUPolicyMSPerMB=50 -XX:CICompilerCount=2 -XX:+HeapDumpOnOutOfMemoryError -XX:-OmitStackTraceInFastThrow -ea -Dsun.io.useCanonCaches=false -Djdk.http.auth.tunneling.disabledSchemes="" -Djdk.attach.allowAttachSelf=true -Djdk.module.illegalAccess.silent=true -Dkotlinx.coroutines.debug=off -XX:ErrorFile=$USER_HOME/java_error_in_idea_%p.log -XX:HeapDumpPath=$USER_HOME/java_error_in_idea.hprof --add-opens=java.base/jdk.internal.org.objectweb.asm=ALL-UNNAMED --add-opens=java.base/jdk.internal.org.objectweb.asm.tree=ALL-UNNAMED -javaagent:D:\Rider\winRider\win2024\ja-netfilter.jar=jetbrains -Djb.vmOptionsFile=D:\Rider\winRider\win2024\vmoptions\rider.vmoptions -Xbootclasspath/a:D:\Rider\JetBrains Rider\lib\nio-fs.jar -Djava.system.class.loader=com.intellij.util.lang.PathClassLoader -Didea.vendor.name=JetBrains -Didea.paths.selector=Rider2026.1 -Djna.boot.library.path=D:\Rider\JetBrains Rider/lib/jna/amd64 -Djna.nosys=true -Djna.noclasspath=true -Dpty4j.preferred.native.folder=D:\Rider\JetBrains Rider/lib/pty4j -Dio.netty.allocator.type=pooled -Dskiko.library.path=D:\Rider\JetBrains Rider/lib/skiko-awt-runtime-all -Dintellij.platform.runtime.repository.path=D:\Rider\JetBrains Rider/modules/module-descriptors.dat -Didea.platform.prefix=Rider -Didea.class.before.app=com.jetbrains.rider.protocol.EarlyBackendStarter -Didea.show.customize.ide.wizard=true -DFilePageCache.THROW_ERROR_ON_DUPLICATE_STORAGE_REGISTRATION=false -Dsplash=true -Daether.connector.resumeDownloads=false -Dcompose.swing.render.on.graphics=true --enable-native-access=ALL-UNNAMED --add-opens=java.base/java.io=ALL-UNNAMED --add-opens=java.base/java.lang=ALL-UNNAMED --add-opens=java.base/java.lang.ref=ALL-UNNAMED --add-opens=java.base/java.lang.reflect=ALL-UNNAMED --add-opens=java.base/java.net=ALL-UNNAMED --add-opens=java.base/java.nio=ALL-UNNAMED --add-opens=java.base/java.nio.charset=ALL-UNNAMED --add-opens=java.base/java.text=ALL-UNNAMED --add-opens=java.base/java.time=ALL-UNNAMED --add-opens=java.base/java.util=ALL-UNNAMED --add-opens=java.base/java.util.concurrent=ALL-UNNAMED --add-opens=java.base/java.util.concurrent.atomic=ALL-UNNAMED --add-opens=java.base/java.util.concurrent.locks=ALL-UNNAMED --add-opens=java.base/jdk.internal.ref=ALL-UNNAMED --add-opens=java.base/jdk.internal.vm=ALL-UNNAMED --add-opens=java.base/sun.net.dns=ALL-UNNAMED --add-opens=java.base/sun.nio=ALL-UNNAMED --add-opens=java.base/sun.nio.ch=ALL-UNNAMED --add-opens=java.base/sun.nio.fs=ALL-UNNAMED --add-opens=java.base/sun.security.ssl=ALL-UNNAMED --add-opens=java.base/sun.security.util=ALL-UNNAMED --add-opens=java.desktop/com.sun.java.swing=ALL-UNNAMED --add-opens=java.desktop/java.awt=ALL-UNNAMED --add-opens=java.desktop/java.awt.dnd.peer=ALL-UNNAMED --add-opens=java.desktop/java.awt.event=ALL-UNNAMED --add-opens=java.desktop/java.awt.font=ALL-UNNAMED --add-opens=java.desktop/java.awt.image=ALL-UNNAMED --add-opens=java.desktop/java.awt.peer=ALL-UNNAMED --add-opens=java.desktop/javax.swing=ALL-UNNAMED --add-opens=java.desktop/javax.swing.plaf.basic=ALL-UNNAMED --add-opens=java.desktop/javax.swing.text=ALL-UNNAMED --add-opens=java.desktop/javax.swing.text.html=ALL-UNNAMED --add-opens=java.desktop/javax.swing.text.html.parser=ALL-UNNAMED --add-opens=java.desktop/sun.awt=ALL-UNNAMED --add-opens=java.desktop/sun.awt.datatransfer=ALL-UNNAMED --add-opens=java.desktop/sun.awt.image=ALL-UNNAMED --add-opens=java.desktop/sun.awt.windows=ALL-UNNAMED --add-opens=java.desktop/sun.font=ALL-UNNAMED --add-opens=java.desktop/sun.java2d=ALL-UNNAMED --add-opens=java.desktop/sun.swing=ALL-UNNAMED --add-opens=java.management/sun.management=ALL-UNNAMED --add-opens=jdk.attach/sun.tools.attach=ALL-UNNAMED --add-opens=jdk.compiler/com.sun.tools.javac.api=ALL-UNNAMED --add-opens=jdk.internal.jvmstat/sun.jvmstat.monitor=ALL-UNNAMED --add-opens=jdk.jdi/com.sun.tools.jdi=ALL-UNNAMED -Dide.native.launcher=true -Djcef.sandbox.ptr=0000024B43957F30 -Djcef.sandbox.cefVersion=122.1.9+gd14e051+chromium-122.0.6261.94 
java_command: com.intellij.idea.Main F:\My_Project\Test-Project\DNFClient\DNFClient.sln
java_class_path (initial): D:\Rider\JetBrains Rider\lib\platform-loader.jar;D:\Rider\JetBrains Rider\lib\util-8.jar;D:\Rider\JetBrains Rider\lib\app.jar;D:\Rider\JetBrains Rider\lib\util.jar;D:\Rider\JetBrains Rider\lib\product-backend.jar;D:\Rider\JetBrains Rider\lib\app-backend.jar;D:\Rider\JetBrains Rider\lib\annotations.jar;D:\Rider\JetBrains Rider\lib\eclipse.lsp4j.debug.jar;D:\Rider\JetBrains Rider\lib\eclipse.lsp4j.jar;D:\Rider\JetBrains Rider\lib\eclipse.lsp4j.jsonrpc.debug.jar;D:\Rider\JetBrains Rider\lib\eclipse.lsp4j.jsonrpc.jar;D:\Rider\JetBrains Rider\lib\external-system-rt.jar;D:\Rider\JetBrains Rider\lib\externalProcess-rt.jar;D:\Rider\JetBrains Rider\lib\fleet.andel.jar;D:\Rider\JetBrains Rider\lib\fleet.bifurcan.jar;D:\Rider\JetBrains Rider\lib\fleet.fastutil.jar;D:\Rider\JetBrains Rider\lib\fleet.kernel.jar;D:\Rider\JetBrains Rider\lib\fleet.multiplatform.shims.jar;D:\Rider\JetBrains Rider\lib\fleet.reporting.api.jar;D:\Rider\JetBrains Rider\lib\fleet.reporting.shared.jar;D:\Rider\JetBrains Rider\lib\fleet.rhizomedb.jar;D:\Rider\JetBrains Rider\lib\fleet.rhizomedb.transactor.jar;D:\Rider\JetBrains Rider\lib\fleet.rhizomedb.transactor.rebase.jar;D:\Rider\JetBrains Rider\lib\fleet.rpc.jar;D:\Rider\JetBrains Rider\lib\fleet.rpc.server.jar;D:\Rider\JetBrains Rider\lib\fleet.util.codepoints.jar;D:\Rider\JetBrains Rider\lib\fleet.util.core.jar;D:\Rider\JetBrains Rider\lib\fleet.util.logging.api.jar;D:\Rider\JetBrains Rider\lib\fleet.util.serialization.jar;D:\Rider\JetBrains Rider\lib\forms_rt.jar;D:\Rider\JetBrains Rider\lib\groovy.jar;D:\Rider\JetBrains Rider\lib\intellij.libraries.aalto.xml.jar;D:\Rider\JetBrains Rider\lib\intellij.libraries.asm.jar;D:\Rider\JetBrains Rider\lib\intellij.libraries.asm.tools.jar;D:\Rider\JetBrains Rider\lib\intellij.libraries.automaton.jar;D:\Rider\JetBrains Rider\lib\intellij.libraries.batik.jar;D:\Rider\JetBrains Rider\lib\intellij.libraries.blockmap.jar;D:\Rider\JetBrains Rider\lib\intellij.libraries.bouncy.castle.pgp.jar;D:\Rider\JetBrains Rider\lib\intellij.libraries.bouncy.castle.provider.jar;D:\Rider\JetBrains Rider\lib\intellij.libraries.caffeine.jar;D:\Rider\JetBrains Rider\lib\intellij.libraries.cglib.jar;D:\Rider\JetBrains Rider\lib\intellij.libraries.classgraph.jar;D:\Rider\JetBrains Rider\lib\intellij.libraries.cli.parser.jar;D:\Rider\JetBrains Rider\lib\intellij.libraries.commons.cli.jar;D:\Rider\JetBrains Rider\lib\intellij.libraries.commons.codec.jar;D:\Rider\JetBrains Rider\lib\intellij.libraries.commons.compress.jar;D:\Rider\JetBrains Rider\lib\intellij.libraries.commons.imaging.jar;D:\Rider\JetBrains Rider\lib\intellij.libraries.commons.io.jar;D:\Rider\JetBrains Rider\lib\intellij.libraries.commons.lang3.jar;D:\Rider\JetBrains Rider\lib\intellij.libraries.commons.logging.jar;D:\Rider\JetBrains Rider\lib\intellij.libraries.fastutil.jar;D:\Rider\JetBrains Rider\lib\intellij.libraries.gson.jar;D:\Rider\JetBrains Rider\lib\intellij.libraries.guava.jar;D:\Rider\JetBrains Rider\lib\intellij.libraries.hash4j.jar;D:\Rider\JetBrains Rider\lib\intellij.libraries.hdr.histogram.jar;D:\Rider\JetBrains Rider\lib\intellij.libraries.http.client.jar;D:\Rider\JetBrains Rider\lib\intellij.libraries.icu4j.jar;D:\Rider\JetBrains Rider\lib\intellij.libraries.imgscalr.jar;D:\Rider\JetBrains Rider\lib\intellij.libraries.ini4j.jar;D:\Rider\JetBrains Rider\lib\intellij.libraries.ion.jar;D:\Rider\JetBrains Rider\lib\intellij.libraries.jackson.databind.jar;D:\Rider\JetBrains Rider\lib\intellij.libraries.jackson.dataformat.yaml.jar;D:\Rider\JetBrains Rider\lib\intellij.libraries.jackson.jar;D:\Rider\JetBrains Rider\lib\intellij.libraries.jackson.jr.objects.jar;D:\Rider\JetBrains Rider\lib\intellij.libraries.jackson.module.kotlin.jar;D:\Rider\JetBrains Rider\lib\intellij.libraries.java.websocket.jar;D:\Rider\JetBrains Rider\lib\intellij.libraries.javax.annotation.jar;D:\Rider\JetBrains Rider\lib\intellij.libraries.jaxen.jar;D:\Rider\JetBrains Rider\lib\intellij.libraries.jbr.jar;D:\Rider\JetBrains Rider\lib\intellij.libraries.jcef.jar;D:\Rider\JetBrains Rider\lib\intellij.libraries.jcip.jar;D:\Rider\JetBrains Rider\lib\intellij.libraries.jediterm.core.jar;D:\Rider\JetBrains Rider\lib\intellij.libraries.jediterm.ui.jar;D:\Rider\JetBrains Rider\lib\intellij.libraries.jettison.jar;D:\Rider\JetBrains Rider\lib\intellij.libraries.jgoodies.binding.jar;D:\Rider\JetBrains Rider\lib\intellij.libraries.jgoodies.common.jar;D:\Rider\JetBrains Rider\lib\intellij.libraries.jgoodies.forms.jar;D:\Rider\JetBrains Rider\lib\intellij.libraries.jsonpath.jar;D:\Rider\JetBrains Rider\lib\intellij.libraries.jsoup.jar;D:\Rider\JetBrains Rider\lib\intellij.libraries.jsvg.jar;D:\Rider\JetBrains Rider\lib\intellij.libraries.jvm.native.trusted.roots.jar;D:\Rider\JetBrains Rider\lib\intellij.libraries.jzlib.jar;D:\Rider\JetBrains Rider\lib\intellij.libraries.kotlin.reflect.jar;D:\Rider\JetBrains Rider\lib\intellij.libraries.kotlinx.collections.immutable.jar;D:\Rider\JetBrains Rider\lib\intellij.libraries.kotlinx.coroutines.core.jar;D:\Rider\JetBrains Rider\lib\intellij.libraries.kotlinx.coroutines.debug.jar;D:\Rider\JetBrains Rider\lib\intellij.libraries.kotlinx.coroutines.slf4j.jar;D:\Rider\JetBrains Rider\lib\intellij.libraries.kotlinx.datetime.jar;D:\Rider\JetBrains Rider\lib\intellij.libraries.kotlinx.html.jar;D:\Rider\JetBrains Rider\lib\intellij.libraries.kotlinx.io.jar;D:\Rider\JetBrains Rider\lib\intellij.libraries.kotlinx.serialization.cbor.jar;D:\Rider\JetBrains Rider\lib\intellij.libraries.kotlinx.serialization.core.jar;D:\Rider\JetBrains Rider\lib\intellij.libraries.kotlinx.serialization.json.jar;D:\Rider\JetBrains Rider\lib\intellij.libraries.kotlinx.serialization.protobuf.jar;D:\Rider\JetBrains Rider\lib\intellij.libraries.kryo5.jar;D:\Rider\JetBrains Rider\lib\intellij.libraries.ktor.client.cio.jar;D:\Rider\JetBrains Rider\lib\intellij.libraries.ktor.client.jar;D:\Rider\JetBrains Rider\lib\intellij.libraries.ktor.io.jar;D:\Rider\JetBrains Rider\lib\intellij.libraries.ktor.network.tls.jar;D:\Rider\JetBrains Rider\lib\intellij.libraries.ktor.server.cio.jar;D:\Rider\JetBrains Rider\lib\intellij.libraries.ktor.utils.jar;D:\Rider\JetBrains Rider\lib\intellij.libraries.lz4.jar;D:\Rider\JetBrains Rider\lib\intellij.libraries.markdown.jar;D:\Rider\JetBrains Rider\lib\intellij.libraries.miglayout.swing.jar;D:\Rider\JetBrains Rider\lib\intellij.libraries.mvstore.jar;D:\Rider\JetBrains Rider\lib\intellij.libraries.netty.buffer.jar;D:\Rider\JetBrains Rider\lib\intellij.libraries.netty.codec.compression.jar;D:\Rider\JetBrains Rider\lib\intellij.libraries.netty.codec.http.jar;D:\Rider\JetBrains Rider\lib\intellij.libraries.netty.handler.proxy.jar;D:\Rider\JetBrains Rider\lib\intellij.libraries.opentelemetry.exporter.sender.jdk.jar;D:\Rider\JetBrains Rider\lib\intellij.libraries.opentelemetry.sdk.autoconfigure.spi.jar;D:\Rider\JetBrains Rider\lib\intellij.libraries.oro.matcher.jar;D:\Rider\JetBrains Rider\lib\intellij.libraries.protobuf.jar;D:\Rider\JetBrains Rider\lib\intellij.libraries.proxy.vole.jar;D:\Rider\JetBrains Rider\lib\intellij.libraries.pty4j.jar;D:\Rider\JetBrains Rider\lib\intellij.libraries.rd.core.jar;D:\Rider\JetBrains Rider\lib\intellij.libraries.rd.framework.jar;D:\Rider\JetBrains Rider\lib\intellij.libraries.rd.swing.jar;D:\Rider\JetBrains Rider\lib\intellij.libraries.rd.text.jar;D:\Rider\JetBrains Rider\lib\intellij.libraries.rhino.jar;D:\Rider\JetBrains Rider\lib\intellij.libraries.snakeyaml.engine.jar;D:\Rider\JetBrains Rider\lib\intellij.libraries.snakeyaml.jar;D:\Rider\JetBrains Rider\lib\intellij.libraries.sshj.jar;D:\Rider\JetBrains Rider\lib\intellij.libraries.stream.jar;D:\Rider\JetBrains Rider\lib\intellij.libraries.swingx.jar;D:\Rider\JetBrains Rider\lib\intellij.libraries.velocity.jar;D:\Rider\JetBrains Rider\lib\intellij.libraries.winp.jar;D:\Rider\JetBrains Rider\lib\intellij.libraries.xerces.jar;D:\Rider\JetBrains Rider\lib\intellij.libraries.xstream.jar;D:\Rider\JetBrains Rider\lib\intellij.libraries.xtext.xbase.jar;D:\Rider\JetBrains Rider\lib\intellij.libraries.xz.jar;D:\Rider\JetBrains Rider\lib\intellij.platform.analysis.impl.jar;D:\Rider\JetBrains Rider\lib\intellij.platform.analysis.jar;D:\Rider\JetBrains Rider\lib\intellij.platform.builtInServer.impl.jar;D:\Rider\JetBrains Rider\lib\intellij.platform.builtInServer.jar;D:\Rider\JetBrains Rider\lib\intellij.platform.core.impl.jar;D:\Rider\JetBrains Rider\lib\intellij.platform.core.jar;D:\Rider\JetBrains Rider\lib\intellij.platform.core.ui.jar;D:\Rider\JetBrains Rider\lib\intellij.platform.credentialStore.impl.jar;D:\Rider\JetBrains Rider\lib\intellij.platform.credentialStore.ui.jar;D:\Rider\JetBrains Rider\lib\intellij.platform.debugger.impl.jar;D:\Rider\JetBrains Rider\lib\intellij.platform.debugger.impl.rpc.jar;D:\Rider\JetBrains Rider\lib\intellij.platform.debugger.impl.shared.jar;D:\Rider\JetBrains Rider\lib\intellij.platform.debugger.impl.ui.jar;D:\Rider\JetBrains Rider\lib\intellij.platform.debugger.jar;D:\Rider\JetBrains Rider\lib\intellij.platform.diff.impl.jar;D:\Rider\JetBrains Rider\lib\intellij.platform.diff.jar;D:\Rider\JetBrains Rider\lib\intellij.platform.duplicates.analysis.jar;D:\Rider\JetBrains Rider\lib\intellij.platform.eel.impl.jar;D:\Rider\JetBrains Rider\lib\intellij.platform.externalProcessAuthHelper.jar;D:\Rider\JetBrains Rider\lib\intellij.platform.externalSystem.dependencyUpdater.jar;D:\Rider\JetBrains Rider\lib\intellij.platform.externalSystem.impl.jar;D:\Rider\JetBrains Rider\lib\intellij.platform.externalSystem.jar;D:\Rider\JetBrains Rider\lib\intellij.platform.find.jar;D:\Rider\JetBrains Rider\lib\intellij.platform.ide.concurrency.jar;D:\Rider\JetBrains Rider\lib\intellij.platform.ide.core.jar;D:\Rider\JetBrains Rider\lib\intellij.platform.ide.impl.jar;D:\Rider\JetBrains Rider\lib\intellij.platform.ide.jar;D:\Rider\JetBrains Rider\lib\intellij.platform.kernel.jar;D:\Rider\JetBrains Rider\lib\intellij.platform.lang.core.jar;D:\Rider\JetBrains Rider\lib\intellij.platform.lang.impl.jar;D:\Rider\JetBrains Rider\lib\intellij.platform.lang.jar;D:\Rider\JetBrains Rider\lib\intellij.platform.locking.impl.jar;D:\Rider\JetBrains Rider\lib\intellij.platform.lsp.impl.jar;D:\Rider\JetBrains Rider\lib\intellij.platform.lsp.jar;D:\Rider\JetBrains Rider\lib\intellij.platform.managed.cache.jar;D:\Rider\JetBrains Rider\lib\intellij.platform.polySymbols.backend.jar;D:\Rider\JetBrains Rider\lib\intellij.platform.polySymbols.jar;D:\Rider\JetBrains Rider\lib\intellij.platform.projectFrame.jar;D:\Rider\JetBrains Rider\lib\intellij.platform.projectModel.impl.jar;D:\Rider\JetBrains Rider\lib\intellij.platform.projectModel.jar;D:\Rider\JetBrains Rider\lib\intellij.platform.rpc.jar;D:\Rider\JetBrains Rider\lib\intellij.platform.rpc.topics.jar;D:\Rider\JetBrains Rider\lib\intellij.platform.scopes.jar;D:\Rider\JetBrains Rider\lib\intellij.platform.smRunner.jar;D:\Rider\JetBrains Rider\lib\intellij.platform.util.ex.jar;D:\Rider\JetBrains Rider\lib\intellij.platform.util.ui.jar;D:\Rider\JetBrains Rider\lib\intellij.platform.vcs.core.jar;D:\Rider\JetBrains Rider\lib\intellij.platform.vcs.jar;D:\Rider\JetBrains Rider\lib\intellij.platform.vcs.shared.jar;D:\Rider\JetBrains Rider\lib\intellij.platform.welcomeScreen.impl.jar;D:\Rider\JetBrains Rider\lib\intellij.platform.welcomeScreen.jar;D:\Rider\JetBrains Rider\lib\intellij.regexp.jar;D:\Rider\JetBrains Rider\lib\intellij.rider.icons.jar;D:\Rider\JetBrains Rider\lib\intellij.xml.analysis.impl.jar;D:\Rider\JetBrains Rider\lib\intellij.xml.analysis.jar;D:\Rider\JetBrains Rider\lib\intellij.xml.dom.impl.jar;D:\Rider\JetBrains Rider\lib\intellij.xml.dom.jar;D:\Rider\JetBrains Rider\lib\intellij.xml.impl.jar;D:\Rider\JetBrains Rider\lib\intellij.xml.parser.jar;D:\Rider\JetBrains Rider\lib\intellij.xml.psi.impl.jar;D:\Rider\JetBrains Rider\lib\intellij.xml.psi.jar;D:\Rider\JetBrains Rider\lib\intellij.xml.structureView.impl.jar;D:\Rider\JetBrains Rider\lib\intellij.xml.structureView.jar;D:\Rider\JetBrains Rider\lib\intellij.xml.syntax.jar;D:\Rider\JetBrains Rider\lib\intellij.xml.ui.common.jar;D:\Rider\JetBrains Rider\lib\javax.activation.jar;D:\Rider\JetBrains Rider\lib\javax.annotation-api.jar;D:\Rider\JetBrains Rider\lib\jaxb-api.jar;D:\Rider\JetBrains Rider\lib\jaxb-runtime.jar;D:\Rider\JetBrains Rider\lib\jps-model.jar;D:\Rider\JetBrains Rider\lib\jsch-agent.jar;D:\Rider\JetBrains Rider\lib\lib-backend.jar;D:\Rider\JetBrains Rider\lib\lib.jar;D:\Rider\JetBrains Rider\lib\opentelemetry.jar;D:\Rider\JetBrains Rider\lib\product.jar;D:\Rider\JetBrains Rider\lib\rd-gen.jar;D:\Rider\JetBrains Rider\lib\stats.jar;D:\Rider\JetBrains Rider\lib\trove.jar;D:\Rider\JetBrains Rider\lib\util_rt.jar
Launcher Type: generic

[Global flags]
     bool AOTInvokeDynamicLinking                  = false                                  {diagnostic} {ergonomic}
     bool AOTRecordTraining                        = false                                  {diagnostic} {ergonomic}
     bool AOTReplayTraining                        = false                                  {diagnostic} {ergonomic}
     intx CICompilerCount                          = 2                                         {product} {command line}
     uint ConcGCThreads                            = 3                                         {product} {ergonomic}
    ccstr ErrorFile                                = $USER_HOME/java_error_in_idea_%p.log            {product} {command line}
     uint G1ConcRefinementThreads                  = 13                                        {product} {ergonomic}
   size_t G1HeapRegionSize                         = 1048576                                   {product} {ergonomic}
     bool HeapDumpOnOutOfMemoryError               = true                                   {manageable} {command line}
    ccstr HeapDumpPath                             = $USER_HOME/java_error_in_idea.hprof         {manageable} {command line}
     bool IgnoreUnrecognizedVMOptions              = true                                      {product} {command line}
   size_t InitialHeapSize                          = 134217728                                 {product} {command line}
     bool IntelJccErratumMitigation                = false                             {ARCH diagnostic} {ergonomic}
    uintx JbrShrinkingGcMaxHeapFreeRatio           = 40                                     {manageable} {command line}
   size_t MarkStackSize                            = 4194304                                   {product} {ergonomic}
   size_t MarkStackSizeMax                         = 536870912                                 {product} {ergonomic}
   size_t MaxHeapSize                              = 1073741824                                {product} {command line}
   size_t MaxNewSize                               = 643825664                                 {product} {ergonomic}
   size_t MinHeapDeltaBytes                        = 1048576                                   {product} {ergonomic}
   size_t MinHeapSize                              = 134217728                                 {product} {command line}
    uintx NonNMethodCodeHeapSize                   = 5832704                                {pd product} {ergonomic}
    uintx NonProfiledCodeHeapSize                  = 265486336                              {pd product} {ergonomic}
     bool OmitStackTraceInFastThrow                = false                                     {product} {command line}
    uintx ProfiledCodeHeapSize                     = 265551872                              {pd product} {ergonomic}
    uintx ReservedCodeCacheSize                    = 536870912                              {pd product} {command line, ergonomic}
     bool SegmentedCodeCache                       = true                                      {product} {ergonomic}
   size_t SoftMaxHeapSize                          = 1073741824                             {manageable} {ergonomic}
     intx SoftRefLRUPolicyMSPerMB                  = 50                                        {product} {command line}
     intx TieredOldPercentage                      = 100000                                 {diagnostic} {command line}
     bool UnlockDiagnosticVMOptions                = true                                   {diagnostic} {command line}
     bool UseCompressedOops                        = true                           {product lp64_product} {ergonomic}
     bool UseG1GC                                  = true                                      {product} {command line}
     bool UseLargePagesIndividualAllocation        = false                                  {pd product} {ergonomic}
      int X86ICacheSync                            = 1                                 {ARCH diagnostic} {ergonomic}

Logging:
Log output configuration:
 #0: stdout all=warning uptime,level,tags foldmultilines=false
 #1: stderr all=off uptime,level,tags foldmultilines=false

Release file:
JAVA_VERSION="25.0.3" 
MODULES="java.base java.datatransfer java.xml java.prefs java.desktop gluegen.rt java.compiler java.instrument java.logging java.management java.security.sasl java.naming java.rmi java.management.rmi java.net.http java.scripting java.security.jgss java.transaction.xa java.sql java.sql.rowset java.xml.crypto java.se java.smartcardio jogl.all jcef jdk.accessibility jdk.internal.jvmstat jdk.attach jdk.charsets jdk.internal.opt jdk.zipfs jdk.compiler jdk.crypto.cryptoki jdk.crypto.ec jdk.crypto.mscapi jdk.dynalink jdk.hotspot.agent jdk.httpserver jdk.internal.ed jdk.internal.le jdk.internal.md jdk.internal.vm.ci jdk.javadoc jdk.jcmd jdk.jdwp.agent jdk.jdi jdk.jfr jdk.localedata jdk.management jdk.management.agent jdk.management.jfr jdk.naming.dns jdk.naming.rmi jdk.net jdk.sctp jdk.security.auth jdk.security.jgss jdk.unsupported jdk.unsupported.desktop jdk.xml.dom" 
IMPLEMENTOR="JetBrains s.r.o." 
IMPLEMENTOR_VERSION="JBR-25.0.3+1-329.124-jcef" 
JAVA_RUNTIME_VERSION="25.0.3+1-b329.124" 
LIBC="default" 
OS_ARCH="x86_64" 
OS_NAME="Windows" 
SOURCE=".:git:aa719f98f3da+ jcef_git:git:4a605f44671a" 
JCEF_VERSION="137.0.17.1142+g68de80b" 
JCEF_COMMIT_HASH="68de80bc86de497c8d0632ad0f8fe33625b33bff" 
JCEF_VERSION_DETAILED=137.0.17-gf354b0e-chromium-137.0.7151.104-api-1.21-261-b86

Environment Variables:
JAVA_HOME=D:\Config\JAVA11
PATH=D:\Config\Python314\Scripts\;D:\Config\Python314\;C:\Program Files\Common Files\Oracle\Java\javapath;C:\Windows\system32;C:\Windows;C:\Windows\System32\Wbem;C:\Windows\System32\WindowsPowerShell\v1.0\;C:\Windows\System32\OpenSSH\;C:\Program Files (x86)\NVIDIA Corporation\PhysX\Common;D:\MingGW\bin;D:\Config\JAVA11\bin;D:\VsCode\Microsoft VS Code\bin;D:\SVN\bin;D:\Config\Lua\5.1;D:\Config\Lua\5.1\clibs;C:\Users\Administrator\AppData\Local\Microsoft\WindowsApps;C:\Users\Administrator\.dotnet\tools;C:\Users\Administrator\AppData\Roaming\npm;C:\Users\Administrator\AppData\Local\GitHubDesktop\bin;C:\Users\Administrator\AppData\Local\Microsoft\WindowsApps;C:\Users\Administrator\.dotnet\tools;C:\Users\Administrator\AppData\Roaming\npm;C:\Users\Administrator\AppData\Local\GitHubDesktop\bin;C:\Users\Administrator\AppData\Local\Microsoft\WindowsApps;C:\Users\Administrator\.dotnet\tools;C:\Users\Administrator\AppData\Roaming\npm;D:\Config\Lua\5.4.2;C:\Program Files\dotnet\;D:\Git\Git\cmd;D:\Config\NodeJS\;C:\ProgramData\chocolatey\bin;D:\Config\Cmake\bin;D:\Git\TortoiseGit\bin;C:\Users\Administrator\.local\bin;d:\Trea\Trae CN\bin;C:\Users\Administrator\AppData\Local\pnpm;C:\Users\Administrator\AppData\Local\Microsoft\WindowsApps;C:\Users\Administrator\AppData\Local\GitHubDesktop\bin;C:\Users\Administrator\.dotnet\tools;E:\Rider\JetBrains Rider 2023.3.4\bin;C:\Users\Administrator\AppData\Roaming\npm;C:\Users\Administrator\AppData\Local\Programs\Tuanjie Cowork;C:\Users\Administrator\AppData\Local\Programs\Tuanjie Cowork\cli\bin\win32-x64;C:\Users\Administrator\.dotnet\tools
USERNAME=Administrator
OS=Windows_NT
PROCESSOR_IDENTIFIER=Intel64 Family 6 Model 45 Stepping 7, GenuineIntel
TMP=C:\Users\Administrator\AppData\Local\Temp
TEMP=C:\Users\Administrator\AppData\Local\Temp




Compilation memory statistics disabled.

Periodic native trim disabled

JNI global refs:
JNI global refs: 248, weak refs: 180

JNI global refs memory usage: 2731, weak refs: 10761

Process memory usage:
Resident Set Size: 2909488K (8% of 33471140K total physical memory with 14271628K free physical memory)

OOME stack traces (most recent first):
OutOfMemoryError("Java heap space") on the thread "DefaultDispatcher-worker-11"
	at java.lang.Object.clone(java.base@25.0.3/Native Method)
	at sun.reflect.annotation.AnnotationInvocationHandler.cloneArray(java.base@25.0.3/AnnotationInvocationHandler.java:120)
	at sun.reflect.annotation.AnnotationInvocationHandler.invoke(java.base@25.0.3/AnnotationInvocationHandler.java:90)
	at jdk.proxy2.$Proxy13.l(jdk.proxy2/Unknown Source)
	at kotlin.coroutines.jvm.internal.DebugMetadataKt.getStackTraceElement(DebugMetadata.kt:51)
	at kotlin.coroutines.jvm.internal.BaseContinuationImpl.getStackTraceElement(ContinuationImpl.kt:77)
	at kotlinx.coroutines.debug.internal.DebugProbesImpl.realCaller(DebugProbesImpl.kt:462)
	at kotlinx.coroutines.debug.internal.DebugProbesImpl.updateRunningState(DebugProbesImpl.kt:451)
	at kotlinx.coroutines.debug.internal.DebugProbesImpl.updateState(DebugProbesImpl.kt:428)
	at kotlinx.coroutines.debug.internal.DebugProbesImpl.probeCoroutineResumed$kotlinx_coroutines_core(DebugProbesImpl.kt:419)
	at kotlin.coroutines.jvm.internal.DebugProbesKt.probeCoroutineResumed(DebugProbesKt.java:21)
	at kotlin.coroutines.jvm.internal.BaseContinuationImpl.resumeWith(ContinuationImpl.kt:29)
	at kotlinx.coroutines.DispatchedTask.run(DispatchedTask.kt:100)
	at kotlinx.coroutines.scheduling.CoroutineScheduler.runSafely(CoroutineScheduler.kt:610)
	at kotlinx.coroutines.scheduling.CoroutineScheduler$Worker.runDefaultDispatcherTask(CoroutineScheduler.kt:1194)
	at kotlinx.coroutines.scheduling.CoroutineScheduler$Worker.executeTask(CoroutineScheduler.kt:906)
	at kotlinx.coroutines.scheduling.CoroutineScheduler$Worker.runWorker(CoroutineScheduler.kt:775)
	at kotlinx.coroutines.scheduling.CoroutineScheduler$Worker.run(CoroutineScheduler.kt:762)


OutOfMemoryError("Java heap space") on the thread "Unknown thread"


OutOfMemoryError("Java heap space") on the thread "AWT-EventQueue-0"
	at sun.awt.Win32GraphicsDevice.getBounds(java.desktop/Native Method)
	at sun.awt.Win32GraphicsDevice.getBounds(java.desktop/Win32GraphicsDevice.java:175)
	at sun.awt.Win32GraphicsConfig.getBounds(java.desktop/Win32GraphicsConfig.java:224)
	at org.cef.browser.CefBrowserWr$2$1.run(jcef/CefBrowserWr.java:120)
	at com.intellij.util.concurrency.ChildContext$runInChildContext$1.invoke(propagation.kt:192)
	at com.intellij.util.concurrency.ChildContext$runInChildContext$1.invoke(propagation.kt:192)
	at com.intellij.util.concurrency.ChildContext.runInChildContext(propagation.kt:198)
	at com.intellij.util.concurrency.ChildContext.runInChildContext(propagation.kt:192)
	at com.intellij.util.concurrency.ContextRunnable.lambda$run$0(ContextRunnable.java:26)
	at com.intellij.util.concurrency.ContextRunnable$$Lambda/0x000000001e38bac8.invoke(Unknown Source)
	at com.intellij.concurrency.ThreadContext.resetThreadContext(threadContext.kt:294)
	at com.intellij.util.concurrency.ContextRunnable.run(ContextRunnable.java:25)
	at java.awt.event.InvocationEvent.dispatch(java.desktop/InvocationEvent.java:323)
	at java.awt.EventQueue.dispatchEventImpl(java.desktop/EventQueue.java:732)
	at java.awt.EventQueue.dispatchEvent(java.desktop/EventQueue.java:711)
	at com.intellij.ide.IdeEventQueue.defaultDispatchEvent(IdeEventQueue.kt:721)
	at com.intellij.ide.IdeEventQueue._dispatchEvent(IdeEventQueue.kt:574)
	at com.intellij.ide.IdeEventQueue.dispatchEvent$lambda$0$0$0$0(IdeEventQueue.kt:382)
	at com.intellij.ide.IdeEventQueue$$Lambda/0x000000001eea1700.compute(Unknown Source)
	at com.intellij.openapi.progress.impl.CoreProgressManager.computePrioritized(CoreProgressManager.java:928)
	at com.intellij.ide.IdeEventQueue.dispatchEvent$lambda$0$0$0(IdeEventQueue.kt:381)
	at com.intellij.ide.IdeEventQueue$$Lambda/0x000000001e8f77a0.invoke(Unknown Source)
	at com.intellij.ide.IdeEventQueueKt.performActivity$lambda$0(IdeEventQueue.kt:1111)
	at com.intellij.ide.IdeEventQueueKt$$Lambda/0x000000001e8fca98.run(Unknown Source)
	at com.intellij.openapi.application.TransactionGuardImpl.performActivity(TransactionGuardImpl.java:106)
	at com.intellij.ide.IdeEventQueueKt.performActivity(IdeEventQueue.kt:1111)
	at com.intellij.ide.IdeEventQueue.dispatchEvent$lambda$0(IdeEventQueue.kt:376)
	at com.intellij.ide.IdeEventQueue$$Lambda/0x000000001e8f4308.run(Unknown Source)
	at com.intellij.ide.IdeEventQueue.dispatchEvent(IdeEventQueue.kt:416)
	at java.awt.EventDispatchThread.pumpOneEventForFilters(java.desktop/EventDispatchThread.java:207)
	at java.awt.EventDispatchThread.pumpEventsForFilter(java.desktop/EventDispatchThread.java:128)
	at java.awt.EventDispatchThread.pumpEventsForHierarchy(java.desktop/EventDispatchThread.java:117)
	at java.awt.EventDispatchThread.pumpEvents(java.desktop/EventDispatchThread.java:113)
	at java.awt.EventDispatchThread.pumpEvents(java.desktop/EventDispatchThread.java:105)
	at java.awt.EventDispatchThread.run(java.desktop/EventDispatchThread.java:92)


OutOfMemoryError("Java heap space") on the thread "DefaultDispatcher-worker-11"
	at sun.reflect.annotation.AnnotationInvocationHandler.cloneArray(java.base@25.0.3/AnnotationInvocationHandler.java:120)
	at sun.reflect.annotation.AnnotationInvocationHandler.invoke(java.base@25.0.3/AnnotationInvocationHandler.java:90)
	at jdk.proxy2.$Proxy13.l(jdk.proxy2/Unknown Source)
	at kotlin.coroutines.jvm.internal.DebugMetadataKt.getStackTraceElement(DebugMetadata.kt:51)
	at kotlin.coroutines.jvm.internal.BaseContinuationImpl.getStackTraceElement(ContinuationImpl.kt:77)
	at kotlinx.coroutines.debug.internal.DebugProbesImpl.realCaller(DebugProbesImpl.kt:462)
	at kotlinx.coroutines.debug.internal.DebugProbesImpl.updateRunningState(DebugProbesImpl.kt:451)
	at kotlinx.coroutines.debug.internal.DebugProbesImpl.updateState(DebugProbesImpl.kt:428)
	at kotlinx.coroutines.debug.internal.DebugProbesImpl.probeCoroutineResumed$kotlinx_coroutines_core(DebugProbesImpl.kt:419)
	at kotlin.coroutines.jvm.internal.DebugProbesKt.probeCoroutineResumed(DebugProbesKt.java:21)
	at kotlin.coroutines.jvm.internal.BaseContinuationImpl.resumeWith(ContinuationImpl.kt:29)
	at kotlinx.coroutines.DispatchedTask.run(DispatchedTask.kt:100)
	at kotlinx.coroutines.scheduling.CoroutineScheduler.runSafely(CoroutineScheduler.kt:610)
	at kotlinx.coroutines.scheduling.CoroutineScheduler$Worker.runDefaultDispatcherTask(CoroutineScheduler.kt:1194)
	at kotlinx.coroutines.scheduling.CoroutineScheduler$Worker.executeTask(CoroutineScheduler.kt:906)
	at kotlinx.coroutines.scheduling.CoroutineScheduler$Worker.runWorker(CoroutineScheduler.kt:775)
	at kotlinx.coroutines.scheduling.CoroutineScheduler$Worker.run(CoroutineScheduler.kt:762)


Classloader memory used:
Loader com.intellij.util.lang.PathClassLoader                                          : 233 M
Loader com.intellij.ide.plugins.cl.PluginClassLoader                                   : 106 M
Loader bootstrap                                                                       : 52369 K
Loader jdk.internal.loader.ClassLoaders$PlatformClassLoader                            : 2655 K
Loader jdk.internal.loader.ClassLoaders$AppClassLoader                                 : 1242 K
Loader com.alibaba.fastjson2.util.DynamicClassLoader                                   : 548 K
Loader com.intellij.util.lang.UrlClassLoader                                           : 472 K
Loader sun.reflect.misc.MethodUtil                                                     : 4072 B

Classes loaded by more than one classloader:
Class kotlin.Metadata                                                                 : loaded 3 times (x 72B)
Class com.intellij.rider.plugins.dotTrace.dotMemory.core.dotTrace.c                   : loaded 3 times (x 73B)
Class com.intellij.ultimate.PluginVerifier                                            : loaded 3 times (x 73B)
Class kotlin.jvm.internal.CollectionToArray                                           : loaded 2 times (x 73B)
Class kotlin.collections.CollectionsKt__ReversedViewsKt                               : loaded 2 times (x 73B)
Class com.google.gson.JsonObject                                                      : loaded 2 times (x 95B)
Class com.google.gson.stream.MalformedJsonException                                   : loaded 2 times (x 84B)
Class kotlin.jvm.internal.FunctionAdapter                                             : loaded 2 times (x 72B)
Class com.google.gson.internal.bind.JsonTreeReader                                    : loaded 2 times (x 99B)
Class com.google.gson.TypeAdapterFactory                                              : loaded 2 times (x 72B)
Class com.google.gson.internal.bind.TypeAdapters$31                                   : loaded 2 times (x 78B)
Class com.google.gson.JsonSyntaxException                                             : loaded 2 times (x 84B)
Class com.google.gson.internal.bind.TypeAdapters$32                                   : loaded 2 times (x 78B)
Class kotlin.collections.AbstractList$Companion                                       : loaded 2 times (x 73B)
Class kotlin.text.StringsKt__AppendableKt                                             : loaded 2 times (x 73B)
Class com.google.gson.internal.bind.TypeAdapters                                      : loaded 2 times (x 73B)
Class com.google.gson.JsonArray                                                       : loaded 2 times (x 102B)
Class kotlin.text.StringsKt__StringNumberConversionsJVMKt                             : loaded 2 times (x 73B)
Class kotlin.collections.ArraysKt___ArraysJvmKt                                       : loaded 2 times (x 73B)
Class kotlin.NotImplementedError                                                      : loaded 2 times (x 84B)
Class kotlin.text.StringsKt__RegexExtensionsJVMKt                                     : loaded 2 times (x 73B)
Class org.apache.commons.lang3.StringUtils                                            : loaded 2 times (x 73B)
Class kotlin.enums.EnumEntriesList                                                    : loaded 2 times (x 225B)
Class kotlin.collections.CollectionsKt__IteratorsJVMKt                                : loaded 2 times (x 73B)
Class com.google.gson.stream.JsonWriter                                               : loaded 2 times (x 100B)
Class kotlin.collections.CollectionsKt__MutableCollectionsKt                          : loaded 2 times (x 73B)
Class kotlin.io.CloseableKt                                                           : loaded 2 times (x 73B)
Class kotlin.text.CharsKt                                                             : loaded 2 times (x 73B)
Class kotlin.collections.EmptyList                                                    : loaded 2 times (x 176B)
Class com.google.gson.TypeAdapter                                                     : loaded 2 times (x 75B)
Class kotlin.collections.ArraysKt__ArraysKt                                           : loaded 2 times (x 73B)
Class com.google.gson.stream.JsonReader$1                                             : loaded 2 times (x 74B)
Class kotlin.text.StringsKt__StringsKt                                                : loaded 2 times (x 73B)
Class kotlin.text.StringsKt__StringsJVMKt                                             : loaded 2 times (x 73B)
Class com.google.gson.internal.bind.JsonTreeWriter                                    : loaded 2 times (x 100B)
Class kotlin.text.StringsKt__IndentKt                                                 : loaded 2 times (x 73B)
Class com.google.gson.internal.JsonReaderInternalAccess                               : loaded 2 times (x 74B)
Class kotlin.collections.CollectionsKt__CollectionsKt                                 : loaded 2 times (x 73B)
Class kotlin.io.TextStreamsKt                                                         : loaded 2 times (x 73B)
Class kotlin.UninitializedPropertyAccessException                                     : loaded 2 times (x 84B)
Class com.google.gson.internal.bind.TypeAdapters$10                                   : loaded 2 times (x 77B)
Class com.google.gson.internal.bind.TypeAdapters$11                                   : loaded 2 times (x 77B)
Class com.google.gson.internal.bind.TypeAdapters$12                                   : loaded 2 times (x 77B)
Class kotlin.collections.CollectionsKt__CollectionsJVMKt                              : loaded 2 times (x 73B)
Class com.google.gson.internal.bind.TypeAdapters$13                                   : loaded 2 times (x 77B)
Class kotlin.collections.CollectionsKt__IteratorsKt                                   : loaded 2 times (x 73B)
Class com.google.gson.internal.bind.TypeAdapters$1                                    : loaded 2 times (x 77B)
Class com.google.gson.internal.bind.TypeAdapters$14                                   : loaded 2 times (x 77B)
Class com.google.gson.internal.bind.TypeAdapters$2                                    : loaded 2 times (x 77B)
Class com.google.gson.internal.bind.TypeAdapters$15                                   : loaded 2 times (x 77B)
Class com.google.gson.Strictness                                                      : loaded 2 times (x 81B)
Class kotlin.text.StringsKt                                                           : loaded 2 times (x 73B)
Class com.google.gson.internal.bind.TypeAdapters$16                                   : loaded 2 times (x 77B)
Class com.google.gson.internal.bind.TypeAdapters$3                                    : loaded 2 times (x 77B)
Class com.google.gson.internal.bind.TypeAdapters$17                                   : loaded 2 times (x 77B)
Class com.google.gson.internal.bind.TypeAdapters$4                                    : loaded 2 times (x 77B)
Class kotlin.text.StringsKt__StringNumberConversionsKt                                : loaded 2 times (x 73B)
Class com.google.gson.internal.bind.TypeAdapters$18                                   : loaded 2 times (x 77B)
Class com.google.gson.internal.bind.TypeAdapters$5                                    : loaded 2 times (x 77B)
Class com.google.gson.internal.bind.TypeAdapters$19                                   : loaded 2 times (x 77B)
Class com.google.gson.internal.bind.TypeAdapters$6                                    : loaded 2 times (x 77B)
Class com.google.gson.internal.bind.TypeAdapters$7                                    : loaded 2 times (x 77B)
Class io.opentelemetry.sdk.trace.SpanProcessor                                        : loaded 2 times (x 72B)
Class com.google.gson.internal.bind.TypeAdapters$8                                    : loaded 2 times (x 77B)
Class com.google.gson.internal.bind.TypeAdapters$9                                    : loaded 2 times (x 77B)
Class kotlin.enums.EnumEntries                                                        : loaded 2 times (x 72B)
Class com.google.gson.JsonParseException                                              : loaded 2 times (x 84B)
Class kotlin.text.StringsKt__RegexExtensionsKt                                        : loaded 2 times (x 73B)
Class com.google.gson.JsonIOException                                                 : loaded 2 times (x 84B)
Class kotlin.collections.AbstractList                                                 : loaded 2 times (x 199B)
Class kotlin.collections.AbstractCollection                                           : loaded 2 times (x 119B)
Class kotlin.text.StringsKt__StringBuilderJVMKt                                       : loaded 2 times (x 73B)
Class [Lcom.google.gson.stream.JsonToken;                                             : loaded 2 times (x 71B)
Class kotlin.ranges.RangesKt__RangesKt                                                : loaded 2 times (x 73B)
Class kotlin.text.CharsKt__CharJVMKt                                                  : loaded 2 times (x 73B)
Class [Lcom.google.gson.Strictness;                                                   : loaded 2 times (x 71B)
Class kotlin.collections.CollectionsKt___CollectionsJvmKt                             : loaded 2 times (x 73B)
Class com.google.gson.JsonPrimitive                                                   : loaded 2 times (x 95B)
Class com.google.gson.JsonElement                                                     : loaded 2 times (x 94B)
Class kotlin.ranges.RangesKt                                                          : loaded 2 times (x 73B)
Class kotlin.collections.ArraysUtilJVM                                                : loaded 2 times (x 73B)
Class com.google.gson.internal.bind.TypeAdapters$20                                   : loaded 2 times (x 77B)
Class com.google.gson.internal.bind.TypeAdapters$21                                   : loaded 2 times (x 77B)
Class com.google.gson.stream.JsonToken                                                : loaded 2 times (x 81B)
Class kotlin.collections.CollectionsKt___CollectionsKt                                : loaded 2 times (x 73B)
Class com.google.gson.internal.bind.TypeAdapters$22                                   : loaded 2 times (x 77B)
Class kotlin.annotation.Target                                                        : loaded 2 times (x 72B)
Class com.google.gson.internal.bind.TypeAdapters$23                                   : loaded 2 times (x 77B)
Class kotlin.text.StringsKt___StringsJvmKt                                            : loaded 2 times (x 73B)
Class kotlin.annotation.Retention                                                     : loaded 2 times (x 72B)
Class kotlin.collections.ArraysKt___ArraysKt                                          : loaded 2 times (x 73B)
Class com.google.gson.internal.bind.TypeAdapters$24                                   : loaded 2 times (x 77B)
Class com.google.gson.internal.bind.TypeAdapters$25                                   : loaded 2 times (x 77B)
Class kotlin.collections.CollectionsKt__MutableCollectionsJVMKt                       : loaded 2 times (x 73B)
Class com.google.gson.internal.bind.TypeAdapters$26                                   : loaded 2 times (x 77B)
Class kotlin.text.StringsKt___StringsKt                                               : loaded 2 times (x 73B)
Class kotlin.enums.EnumEntriesKt                                                      : loaded 2 times (x 73B)
Class com.google.gson.internal.bind.TypeAdapters$27                                   : loaded 2 times (x 77B)
Class kotlin.jvm.internal.Intrinsics                                                  : loaded 2 times (x 73B)
Class kotlin.collections.CollectionsKt__IterablesKt                                   : loaded 2 times (x 73B)
Class com.google.gson.internal.bind.TypeAdapters$29                                   : loaded 2 times (x 77B)
Class com.google.gson.JsonNull                                                        : loaded 2 times (x 94B)
Class kotlin.text.Charsets                                                            : loaded 2 times (x 73B)
Class kotlin.KotlinNullPointerException                                               : loaded 2 times (x 84B)
Class kotlin.ranges.RangesKt___RangesKt                                               : loaded 2 times (x 73B)
Class kotlin.collections.ArraysKt                                                     : loaded 2 times (x 73B)
Class com.google.gson.internal.LazilyParsedNumber                                     : loaded 2 times (x 80B)
Class kotlin.text.CharsKt__CharKt                                                     : loaded 2 times (x 73B)
Class com.google.gson.stream.JsonReader                                               : loaded 2 times (x 99B)
Class kotlin.collections.ArraysKt__ArraysJVMKt                                        : loaded 2 times (x 73B)
Class kotlin.text.StringsKt__StringBuilderKt                                          : loaded 2 times (x 73B)
Class kotlin.NoWhenBranchMatchedException                                             : loaded 2 times (x 84B)
Class kotlin.jvm.internal.markers.KMappedMarker                                       : loaded 2 times (x 72B)
Class kotlin.collections.CollectionsKt                                                : loaded 2 times (x 73B)

---------------  S Y S T E M  ---------------

OS:
 Windows 10 , 64 bit Build 19041 (10.0.19041.5915)
OS uptime: 0 days 2:09 hours
Hyper-V role detected

CPU: total 16 (initial active 16) (8 cores per cpu, 2 threads per core) family 6 model 45 stepping 7 microcode 0x714, cx8, cmov, fxsr, ht, mmx, sse, sse2, sse3, ssse3, sse4.1, sse4.2, popcnt, tsc, tscinvbit, avx, aes, clmul, vzeroupper, clflush, hv, rdtscp
Processor Information for processor 0
  Max Mhz: 2401, Current Mhz: 1200, Mhz Limit: 2401
Processor Information for processor 1
  Max Mhz: 2401, Current Mhz: 1200, Mhz Limit: 2401
Processor Information for processor 2
  Max Mhz: 2401, Current Mhz: 2401, Mhz Limit: 2401
Processor Information for processor 3
  Max Mhz: 2401, Current Mhz: 1200, Mhz Limit: 2401
Processor Information for processor 4
  Max Mhz: 2401, Current Mhz: 1200, Mhz Limit: 2401
Processor Information for processor 5
  Max Mhz: 2401, Current Mhz: 1200, Mhz Limit: 2401
Processor Information for processor 6
  Max Mhz: 2401, Current Mhz: 1200, Mhz Limit: 2401
Processor Information for processor 7
  Max Mhz: 2401, Current Mhz: 1200, Mhz Limit: 2401
Processor Information for processor 8
  Max Mhz: 2401, Current Mhz: 2401, Mhz Limit: 2401
Processor Information for processor 9
  Max Mhz: 2401, Current Mhz: 1200, Mhz Limit: 2401
Processor Information for processor 10
  Max Mhz: 2401, Current Mhz: 1200, Mhz Limit: 2401
Processor Information for processor 11
  Max Mhz: 2401, Current Mhz: 1200, Mhz Limit: 2401
Processor Information for processor 12
  Max Mhz: 2401, Current Mhz: 2401, Mhz Limit: 2401
Processor Information for processor 13
  Max Mhz: 2401, Current Mhz: 1200, Mhz Limit: 2401
Processor Information for processor 14
  Max Mhz: 2401, Current Mhz: 2401, Mhz Limit: 2401
Processor Information for processor 15
  Max Mhz: 2401, Current Mhz: 1200, Mhz Limit: 2401

Memory: 4k page, system-wide physical 32686M (13948M free)
TotalPageFile size 37550M (AvailPageFile size 13057M)
current process WorkingSet (physical memory assigned to process): 2838M, peak: 2891M
current process commit charge ("private bytes"): 2302M, peak: 2370M

vm_info: OpenJDK 64-Bit Server VM (25.0.3+1-b329.124) for windows-amd64 JRE (25.0.3+1-b329.124), built on 2026-04-30 with MS VC++ 17.14 (VS2022)

END.
